{
"type": "FeatureCollection",
"name": "cells",
"crs": { "type": "name", "properties": { "name": "urn:ogc:def:crs:EPSG::32720" } },
"features": [
{ "type": "Feature", "properties": { "cell_id": 6385, "row": 29, "column": 124, "component": 0, "cell_area_m2": 250000.0, "centroid_x_m": 573306.50159944687, "centroid_y_m": 6209313.9484715285, "latitude": -34.254719435186779, "longitude": -62.203816511311437, "valid": 1, "invalid_reason": null, "climate_pixel_id": "557:1177", "solar_annual_kwh_m2": 1826.5073913909796, "climate_valid_years_1": 3, "climate_valid_years_4": 3, "climate_valid_years_7": 3, "climate_valid_years_10": 2 }, "geometry": { "type": "Polygon", "coordinates": [ [ [ 573556.501599446870387, 6209063.948471529409289 ], [ 573556.501599446870387, 6209563.948471529409289 ], [ 573056.501599446870387, 6209563.948471529409289 ], [ 573056.501599446870387, 6209063.948471529409289 ], [ 573556.501599446870387, 6209063.948471529409289 ] ] ] } },
{ "type": "Feature", "properties": { "cell_id": 14495, "row": 64, "column": 230, "component": 0, "cell_area_m2": 250000.0, "centroid_x_m": 626306.50159944687, "centroid_y_m": 6226813.9484715285, "latitude": -34.091848734835295, "longitude": -61.630847728060822, "valid": 1, "invalid_reason": null, "climate_pixel_id": "559:1183", "solar_annual_kwh_m2": 1825.2417079122861, "climate_valid_years_1": 3, "climate_valid_years_4": 3, "climate_valid_years_7": 3, "climate_valid_years_10": 2 }, "geometry": { "type": "Polygon", "coordinates": [ [ [ 626556.501599446870387, 6226563.948471529409289 ], [ 626556.501599446870387, 6227063.948471529409289 ], [ 626056.501599446870387, 6227063.948471529409289 ], [ 626056.501599446870387, 6226563.948471529409289 ], [ 626556.501599446870387, 6226563.948471529409289 ] ] ] } },
{ "type": "Feature", "properties": { "cell_id": 14496, "row": 64, "column": 231, "component": 0, "cell_area_m2": 250000.0, "centroid_x_m": 626806.50159944687, "centroid_y_m": 6226813.9484715285, "latitude": -34.091788220773303, "longitude": -61.625429135591155, "valid": 1, "invalid_reason": null, "climate_pixel_id": "559:1183", "solar_annual_kwh_m2": 1825.2417079122861, "climate_valid_years_1": 3, "climate_valid_years_4": 3, "climate_valid_years_7": 3, "climate_valid_years_10": 2 }, "geometry": { "type": "Polygon", "coordinates": [ [ [ 627056.501599446870387, 6226563.948471529409289 ], [ 627056.501599446870387, 6227063.948471529409289 ], [ 626556.501599446870387, 6227063.948471529409289 ], [ 626556.501599446870387, 6226563.948471529409289 ], [ 627056.501599446870387, 6226563.948471529409289 ] ] ] } },
{ "type": "Feature", "properties": { "cell_id": 14543, "row": 65, "column": 44, "component": 0, "cell_area_m2": 250000.0, "centroid_x_m": 533306.50159944687, "centroid_y_m": 6227313.9484715285, "latitude": -34.094438606799947, "longitude": -62.638937236105974, "valid": 1, "invalid_reason": null, "climate_pixel_id": "559:1173", "solar_annual_kwh_m2": 1836.8545546545201, "climate_valid_years_1": 3, "climate_valid_years_4": 3, "climate_valid_years_7": 3, "climate_valid_years_10": 2 }, "geometry": { "type": "Polygon", "coordinates": [ [ [ 533556.501599446870387, 6227063.948471529409289 ], [ 533556.501599446870387, 6227563.948471529409289 ], [ 533056.501599446870387, 6227563.948471529409289 ], [ 533056.501599446870387, 6227063.948471529409289 ], [ 533556.501599446870387, 6227063.948471529409289 ] ] ] } },
{ "type": "Feature", "properties": { "cell_id": 14728, "row": 65, "column": 229, "component": 0, "cell_area_m2": 250000.0, "centroid_x_m": 625806.50159944687, "centroid_y_m": 6227313.9484715285, "latitude": -34.087400896983723, "longitude": -61.636338634052628, "valid": 1, "invalid_reason": null, "climate_pixel_id": "559:1183", "solar_annual_kwh_m2": 1825.2417079122861, "climate_valid_years_1": 3, "climate_valid_years_4": 3, "climate_valid_years_7": 3, "climate_valid_years_10": 2 }, "geometry": { "type": "Polygon", "coordinates": [ [ [ 626056.501599446870387, 6227063.948471529409289 ], [ 626056.501599446870387, 6227563.948471529409289 ], [ 625556.501599446870387, 6227563.948471529409289 ], [ 625556.501599446870387, 6227063.948471529409289 ], [ 626056.501599446870387, 6227063.948471529409289 ] ] ] } },
{ "type": "Feature", "properties": { "cell_id": 14729, "row": 65, "column": 230, "component": 0, "cell_area_m2": 250000.0, "centroid_x_m": 626306.50159944687, "centroid_y_m": 6227313.9484715285, "latitude": -34.087340631960068, "longitude": -61.630920312493501, "valid": 1, "invalid_reason": null, "climate_pixel_id": "559:1183", "solar_annual_kwh_m2": 1825.2417079122861, "climate_valid_years_1": 3, "climate_valid_years_4": 3, "climate_valid_years_7": 3, "climate_valid_years_10": 2 }, "geometry": { "type": "Polygon", "coordinates": [ [ [ 626556.501599446870387, 6227063.948471529409289 ], [ 626556.501599446870387, 6227563.948471529409289 ], [ 626056.501599446870387, 6227563.948471529409289 ], [ 626056.501599446870387, 6227063.948471529409289 ], [ 626556.501599446870387, 6227063.948471529409289 ] ] ] } },
{ "type": "Feature", "properties": { "cell_id": 14730, "row": 65, "column": 231, "component": 0, "cell_area_m2": 250000.0, "centroid_x_m": 626806.50159944687, "centroid_y_m": 6227313.9484715285, "latitude": -34.087280128095493, "longitude": -61.625502007065855, "valid": 1, "invalid_reason": null, "climate_pixel_id": "559:1183", "solar_annual_kwh_m2": 1825.2417079122861, "climate_valid_years_1": 3, "climate_valid_years_4": 3, "climate_valid_years_7": 3, "climate_valid_years_10": 2 }, "geometry": { "type": "Polygon", "coordinates": [ [ [ 627056.501599446870387, 6227063.948471529409289 ], [ 627056.501599446870387, 6227563.948471529409289 ], [ 626556.501599446870387, 6227563.948471529409289 ], [ 626556.501599446870387, 6227063.948471529409289 ], [ 627056.501599446870387, 6227063.948471529409289 ] ] ] } },
{ "type": "Feature", "properties": { "cell_id": 14777, "row": 66, "column": 44, "component": 0, "cell_area_m2": 250000.0, "centroid_x_m": 533306.50159944687, "centroid_y_m": 6227813.9484715285, "latitude": -34.089929304196126, "longitude": -62.63895638107838, "valid": 1, "invalid_reason": null, "climate_pixel_id": "559:1173", "solar_annual_kwh_m2": 1836.8545546545201, "climate_valid_years_1": 3, "climate_valid_years_4": 3, "climate_valid_years_7": 3, "climate_valid_years_10": 2 }, "geometry": { "type": "Polygon", "coordinates": [ [ [ 533556.501599446870387, 6227563.948471529409289 ], [ 533556.501599446870387, 6228063.948471529409289 ], [ 533056.501599446870387, 6228063.948471529409289 ], [ 533056.501599446870387, 6227563.948471529409289 ], [ 533556.501599446870387, 6227563.948471529409289 ] ] ] } },
{ "type": "Feature", "properties": { "cell_id": 14963, "row": 66, "column": 230, "component": 0, "cell_area_m2": 250000.0, "centroid_x_m": 626306.50159944687, "centroid_y_m": 6227813.9484715285, "latitude": -34.082832525635347, "longitude": -61.630992880794736, "valid": 1, "invalid_reason": null, "climate_pixel_id": "559:1183", "solar_annual_kwh_m2": 1825.2417079122861, "climate_valid_years_1": 3, "climate_valid_years_4": 3, "climate_valid_years_7": 3, "climate_valid_years_10": 2 }, "geometry": { "type": "Polygon", "coordinates": [ [ [ 626556.501599446870387, 6227563.948471529409289 ], [ 626556.501599446870387, 6228063.948471529409289 ], [ 626056.501599446870387, 6228063.948471529409289 ], [ 626056.501599446870387, 6227563.948471529409289 ], [ 626556.501599446870387, 6227563.948471529409289 ] ] ] } },
{ "type": "Feature", "properties": { "cell_id": 14964, "row": 66, "column": 231, "component": 0, "cell_area_m2": 250000.0, "centroid_x_m": 626806.50159944687, "centroid_y_m": 6227813.9484715285, "latitude": -34.082772031967117, "longitude": -61.625574862345317, "valid": 1, "invalid_reason": null, "climate_pixel_id": "559:1183", "solar_annual_kwh_m2": 1825.2417079122861, "climate_valid_years_1": 3, "climate_valid_years_4": 3, "climate_valid_years_7": 3, "climate_valid_years_10": 2 }, "geometry": { "type": "Polygon", "coordinates": [ [ [ 627056.501599446870387, 6227563.948471529409289 ], [ 627056.501599446870387, 6228063.948471529409289 ], [ 626556.501599446870387, 6228063.948471529409289 ], [ 626556.501599446870387, 6227563.948471529409289 ], [ 627056.501599446870387, 6227563.948471529409289 ] ] ] } },
{ "type": "Feature", "properties": { "cell_id": 15012, "row": 67, "column": 44, "component": 0, "cell_area_m2": 250000.0, "centroid_x_m": 533306.50159944687, "centroid_y_m": 6228313.9484715285, "latitude": -34.085419998267518, "longitude": -62.638975521794805, "valid": 1, "invalid_reason": null, "climate_pixel_id": "559:1173", "solar_annual_kwh_m2": 1836.8545546545201, "climate_valid_years_1": 3, "climate_valid_years_4": 3, "climate_valid_years_7": 3, "climate_valid_years_10": 2 }, "geometry": { "type": "Polygon", "coordinates": [ [ [ 533556.501599446870387, 6228063.948471529409289 ], [ 533556.501599446870387, 6228563.948471529409289 ], [ 533056.501599446870387, 6228563.948471529409289 ], [ 533056.501599446870387, 6228063.948471529409289 ], [ 533556.501599446870387, 6228063.948471529409289 ] ] ] } },
{ "type": "Feature", "properties": { "cell_id": 15197, "row": 67, "column": 229, "component": 0, "cell_area_m2": 250000.0, "centroid_x_m": 625806.50159944687, "centroid_y_m": 6228313.9484715285, "latitude": -34.07838466057386, "longitude": -61.636483180627408, "valid": 1, "invalid_reason": null, "climate_pixel_id": "559:1183", "solar_annual_kwh_m2": 1825.2417079122861, "climate_valid_years_1": 3, "climate_valid_years_4": 3, "climate_valid_years_7": 3, "climate_valid_years_10": 2 }, "geometry": { "type": "Polygon", "coordinates": [ [ [ 626056.501599446870387, 6228063.948471529409289 ], [ 626056.501599446870387, 6228563.948471529409289 ], [ 625556.501599446870387, 6228563.948471529409289 ], [ 625556.501599446870387, 6228063.948471529409289 ], [ 626056.501599446870387, 6228063.948471529409289 ] ] ] } },
{ "type": "Feature", "properties": { "cell_id": 15198, "row": 67, "column": 230, "component": 0, "cell_area_m2": 250000.0, "centroid_x_m": 626306.50159944687, "centroid_y_m": 6228313.9484715285, "latitude": -34.078324415861381, "longitude": -61.631065432967937, "valid": 1, "invalid_reason": null, "climate_pixel_id": "559:1183", "solar_annual_kwh_m2": 1825.2417079122861, "climate_valid_years_1": 3, "climate_valid_years_4": 3, "climate_valid_years_7": 3, "climate_valid_years_10": 2 }, "geometry": { "type": "Polygon", "coordinates": [ [ [ 626556.501599446870387, 6228063.948471529409289 ], [ 626556.501599446870387, 6228563.948471529409289 ], [ 626056.501599446870387, 6228563.948471529409289 ], [ 626056.501599446870387, 6228063.948471529409289 ], [ 626556.501599446870387, 6228063.948471529409289 ] ] ] } },
{ "type": "Feature", "properties": { "cell_id": 15199, "row": 67, "column": 231, "component": 0, "cell_area_m2": 250000.0, "centroid_x_m": 626806.50159944687, "centroid_y_m": 6228313.9484715285, "latitude": -34.07826393238846, "longitude": -61.625647701433039, "valid": 1, "invalid_reason": null, "climate_pixel_id": "559:1183", "solar_annual_kwh_m2": 1825.2417079122861, "climate_valid_years_1": 3, "climate_valid_years_4": 3, "climate_valid_years_7": 3, "climate_valid_years_10": 2 }, "geometry": { "type": "Polygon", "coordinates": [ [ [ 627056.501599446870387, 6228063.948471529409289 ], [ 627056.501599446870387, 6228563.948471529409289 ], [ 626556.501599446870387, 6228563.948471529409289 ], [ 626556.501599446870387, 6228063.948471529409289 ], [ 627056.501599446870387, 6228063.948471529409289 ] ] ] } },
{ "type": "Feature", "properties": { "cell_id": 23161, "row": 100, "column": 302, "component": 0, "cell_area_m2": 250000.0, "centroid_x_m": 662306.50159944687, "centroid_y_m": 6244813.9484715285, "latitude": -33.924617502598068, "longitude": -61.244097959204097, "valid": 1, "invalid_reason": null, "climate_pixel_id": "561:1187", "solar_annual_kwh_m2": 1829.3313085531659, "climate_valid_years_1": 3, "climate_valid_years_4": 3, "climate_valid_years_7": 3, "climate_valid_years_10": 2 }, "geometry": { "type": "Polygon", "coordinates": [ [ [ 662556.501599446870387, 6244563.948471529409289 ], [ 662556.501599446870387, 6245063.948471529409289 ], [ 662056.501599446870387, 6245063.948471529409289 ], [ 662056.501599446870387, 6244563.948471529409289 ], [ 662556.501599446870387, 6244563.948471529409289 ] ] ] } },
{ "type": "Feature", "properties": { "cell_id": 30063, "row": 128, "column": 261, "component": 0, "cell_area_m2": 250000.0, "centroid_x_m": 641806.50159944687, "centroid_y_m": 6258813.9484715285, "latitude": -33.801357562461583, "longitude": -61.468057624459554, "valid": 1, "invalid_reason": null, "climate_pixel_id": "562:1184", "solar_annual_kwh_m2": 1823.912930571784, "climate_valid_years_1": 3, "climate_valid_years_4": 3, "climate_valid_years_7": 3, "climate_valid_years_10": 2 }, "geometry": { "type": "Polygon", "coordinates": [ [ [ 642056.501599446870387, 6258563.948471529409289 ], [ 642056.501599446870387, 6259063.948471529409289 ], [ 641556.501599446870387, 6259063.948471529409289 ], [ 641556.501599446870387, 6258563.948471529409289 ], [ 642056.501599446870387, 6258563.948471529409289 ] ] ] } },
{ "type": "Feature", "properties": { "cell_id": 30140, "row": 129, "column": 86, "component": 0, "cell_area_m2": 250000.0, "centroid_x_m": 554306.50159944687, "centroid_y_m": 6259313.9484715285, "latitude": -33.804966084282228, "longitude": -62.413276740547403, "valid": 1, "invalid_reason": null, "climate_pixel_id": "562:1175", "solar_annual_kwh_m2": 1831.3124708450814, "climate_valid_years_1": 3, "climate_valid_years_4": 3, "climate_valid_years_7": 3, "climate_valid_years_10": 2 }, "geometry": { "type": "Polygon", "coordinates": [ [ [ 554556.501599446870387, 6259063.948471529409289 ], [ 554556.501599446870387, 6259563.948471529409289 ], [ 554056.501599446870387, 6259563.948471529409289 ], [ 554056.501599446870387, 6259063.948471529409289 ], [ 554556.501599446870387, 6259063.948471529409289 ] ] ] } },
{ "type": "Feature", "properties": { "cell_id": 30141, "row": 129, "column": 87, "component": 0, "cell_area_m2": 250000.0, "centroid_x_m": 554806.50159944687, "centroid_y_m": 6259313.9484715285, "latitude": -33.804940273704531, "longitude": -62.407875030378605, "valid": 1, "invalid_reason": null, "climate_pixel_id": "562:1175", "solar_annual_kwh_m2": 1831.3124708450814, "climate_valid_years_1": 3, "climate_valid_years_4": 3, "climate_valid_years_7": 3, "climate_valid_years_10": 2 }, "geometry": { "type": "Polygon", "coordinates": [ [ [ 555056.501599446870387, 6259063.948471529409289 ], [ 555056.501599446870387, 6259563.948471529409289 ], [ 554556.501599446870387, 6259563.948471529409289 ], [ 554556.501599446870387, 6259063.948471529409289 ], [ 555056.501599446870387, 6259063.948471529409289 ] ] ] } },
{ "type": "Feature", "properties": { "cell_id": 30315, "row": 129, "column": 261, "component": 0, "cell_area_m2": 250000.0, "centroid_x_m": 641806.50159944687, "centroid_y_m": 6259313.9484715285, "latitude": -33.796849571931723, "longitude": -61.468137954399367, "valid": 1, "invalid_reason": null, "climate_pixel_id": "562:1184", "solar_annual_kwh_m2": 1823.912930571784, "climate_valid_years_1": 3, "climate_valid_years_4": 3, "climate_valid_years_7": 3, "climate_valid_years_10": 2 }, "geometry": { "type": "Polygon", "coordinates": [ [ [ 642056.501599446870387, 6259063.948471529409289 ], [ 642056.501599446870387, 6259563.948471529409289 ], [ 641556.501599446870387, 6259563.948471529409289 ], [ 641556.501599446870387, 6259063.948471529409289 ], [ 642056.501599446870387, 6259063.948471529409289 ] ] ] } },
{ "type": "Feature", "properties": { "cell_id": 30392, "row": 130, "column": 86, "component": 0, "cell_area_m2": 250000.0, "centroid_x_m": 554306.50159944687, "centroid_y_m": 6259813.9484715285, "latitude": -33.800456716647155, "longitude": -62.413307513637768, "valid": 1, "invalid_reason": null, "climate_pixel_id": "562:1175", "solar_annual_kwh_m2": 1831.3124708450814, "climate_valid_years_1": 3, "climate_valid_years_4": 3, "climate_valid_years_7": 3, "climate_valid_years_10": 2 }, "geometry": { "type": "Polygon", "coordinates": [ [ [ 554556.501599446870387, 6259563.948471529409289 ], [ 554556.501599446870387, 6260063.948471529409289 ], [ 554056.501599446870387, 6260063.948471529409289 ], [ 554056.501599446870387, 6259563.948471529409289 ], [ 554556.501599446870387, 6259563.948471529409289 ] ] ] } },
{ "type": "Feature", "properties": { "cell_id": 30393, "row": 130, "column": 87, "component": 0, "cell_area_m2": 250000.0, "centroid_x_m": 554806.50159944687, "centroid_y_m": 6259813.9484715285, "latitude": -33.80043091043806, "longitude": -62.407906086743509, "valid": 1, "invalid_reason": null, "climate_pixel_id": "562:1175", "solar_annual_kwh_m2": 1831.3124708450814, "climate_valid_years_1": 3, "climate_valid_years_4": 3, "climate_valid_years_7": 3, "climate_valid_years_10": 2 }, "geometry": { "type": "Polygon", "coordinates": [ [ [ 555056.501599446870387, 6259563.948471529409289 ], [ 555056.501599446870387, 6260063.948471529409289 ], [ 554556.501599446870387, 6260063.948471529409289 ], [ 554556.501599446870387, 6259563.948471529409289 ], [ 555056.501599446870387, 6259563.948471529409289 ] ] ] } },
{ "type": "Feature", "properties": { "cell_id": 30567, "row": 130, "column": 261, "component": 0, "cell_area_m2": 250000.0, "centroid_x_m": 641806.50159944687, "centroid_y_m": 6259813.9484715285, "latitude": -33.792341577933882, "longitude": -61.468218266476931, "valid": 1, "invalid_reason": null, "climate_pixel_id": "562:1184", "solar_annual_kwh_m2": 1823.912930571784, "climate_valid_years_1": 3, "climate_valid_years_4": 3, "climate_valid_years_7": 3, "climate_valid_years_10": 2 }, "geometry": { "type": "Polygon", "coordinates": [ [ [ 642056.501599446870387, 6259563.948471529409289 ], [ 642056.501599446870387, 6260063.948471529409289 ], [ 641556.501599446870387, 6260063.948471529409289 ], [ 641556.501599446870387, 6259563.948471529409289 ], [ 642056.501599446870387, 6259563.948471529409289 ] ] ] } },
{ "type": "Feature", "properties": { "cell_id": 30568, "row": 130, "column": 262, "component": 0, "cell_area_m2": 250000.0, "centroid_x_m": 642306.50159944687, "centroid_y_m": 6259813.9484715285, "latitude": -33.79227441257774, "longitude": -61.462819007020407, "valid": 1, "invalid_reason": null, "climate_pixel_id": "562:1184", "solar_annual_kwh_m2": 1823.912930571784, "climate_valid_years_1": 3, "climate_valid_years_4": 3, "climate_valid_years_7": 3, "climate_valid_years_10": 2 }, "geometry": { "type": "Polygon", "coordinates": [ [ [ 642556.501599446870387, 6259563.948471529409289 ], [ 642556.501599446870387, 6260063.948471529409289 ], [ 642056.501599446870387, 6260063.948471529409289 ], [ 642056.501599446870387, 6259563.948471529409289 ], [ 642556.501599446870387, 6259563.948471529409289 ] ] ] } },
{ "type": "Feature", "properties": { "cell_id": 30569, "row": 130, "column": 263, "component": 0, "cell_area_m2": 250000.0, "centroid_x_m": 642806.50159944687, "centroid_y_m": 6259813.9484715285, "latitude": -33.792207011066282, "longitude": -61.457419765485177, "valid": 1, "invalid_reason": null, "climate_pixel_id": "562:1184", "solar_annual_kwh_m2": 1823.912930571784, "climate_valid_years_1": 3, "climate_valid_years_4": 3, "climate_valid_years_7": 3, "climate_valid_years_10": 2 }, "geometry": { "type": "Polygon", "coordinates": [ [ [ 643056.501599446870387, 6259563.948471529409289 ], [ 643056.501599446870387, 6260063.948471529409289 ], [ 642556.501599446870387, 6260063.948471529409289 ], [ 642556.501599446870387, 6259563.948471529409289 ], [ 643056.501599446870387, 6259563.948471529409289 ] ] ] } },
{ "type": "Feature", "properties": { "cell_id": 30570, "row": 130, "column": 264, "component": 0, "cell_area_m2": 250000.0, "centroid_x_m": 643306.50159944687, "centroid_y_m": 6259813.9484715285, "latitude": -33.792139373402144, "longitude": -61.452020541934097, "valid": 1, "invalid_reason": null, "climate_pixel_id": "562:1184", "solar_annual_kwh_m2": 1823.912930571784, "climate_valid_years_1": 3, "climate_valid_years_4": 3, "climate_valid_years_7": 3, "climate_valid_years_10": 2 }, "geometry": { "type": "Polygon", "coordinates": [ [ [ 643556.501599446870387, 6259563.948471529409289 ], [ 643556.501599446870387, 6260063.948471529409289 ], [ 643056.501599446870387, 6260063.948471529409289 ], [ 643056.501599446870387, 6259563.948471529409289 ], [ 643556.501599446870387, 6259563.948471529409289 ] ] ] } },
{ "type": "Feature", "properties": { "cell_id": 30645, "row": 131, "column": 86, "component": 0, "cell_area_m2": 250000.0, "centroid_x_m": 554306.50159944687, "centroid_y_m": 6260313.9484715285, "latitude": -33.795947345685633, "longitude": -62.413338279883369, "valid": 1, "invalid_reason": null, "climate_pixel_id": "562:1175", "solar_annual_kwh_m2": 1831.3124708450814, "climate_valid_years_1": 3, "climate_valid_years_4": 3, "climate_valid_years_7": 3, "climate_valid_years_10": 2 }, "geometry": { "type": "Polygon", "coordinates": [ [ [ 554556.501599446870387, 6260063.948471529409289 ], [ 554556.501599446870387, 6260563.948471529409289 ], [ 554056.501599446870387, 6260563.948471529409289 ], [ 554056.501599446870387, 6260063.948471529409289 ], [ 554556.501599446870387, 6260063.948471529409289 ] ] ] } },
{ "type": "Feature", "properties": { "cell_id": 30821, "row": 131, "column": 262, "component": 0, "cell_area_m2": 250000.0, "centroid_x_m": 642306.50159944687, "centroid_y_m": 6260313.9484715285, "latitude": -33.787766426478896, "longitude": -61.462899583991266, "valid": 1, "invalid_reason": null, "climate_pixel_id": "562:1184", "solar_annual_kwh_m2": 1823.912930571784, "climate_valid_years_1": 3, "climate_valid_years_4": 3, "climate_valid_years_7": 3, "climate_valid_years_10": 2 }, "geometry": { "type": "Polygon", "coordinates": [ [ [ 642556.501599446870387, 6260063.948471529409289 ], [ 642556.501599446870387, 6260563.948471529409289 ], [ 642056.501599446870387, 6260563.948471529409289 ], [ 642056.501599446870387, 6260063.948471529409289 ], [ 642556.501599446870387, 6260063.948471529409289 ] ] ] } },
{ "type": "Feature", "properties": { "cell_id": 30822, "row": 131, "column": 263, "component": 0, "cell_area_m2": 250000.0, "centroid_x_m": 642806.50159944687, "centroid_y_m": 6260313.9484715285, "latitude": -33.787699036374129, "longitude": -61.457500625203984, "valid": 1, "invalid_reason": null, "climate_pixel_id": "562:1184", "solar_annual_kwh_m2": 1823.912930571784, "climate_valid_years_1": 3, "climate_valid_years_4": 3, "climate_valid_years_7": 3, "climate_valid_years_10": 2 }, "geometry": { "type": "Polygon", "coordinates": [ [ [ 643056.501599446870387, 6260063.948471529409289 ], [ 643056.501599446870387, 6260563.948471529409289 ], [ 642556.501599446870387, 6260563.948471529409289 ], [ 642556.501599446870387, 6260063.948471529409289 ], [ 643056.501599446870387, 6260063.948471529409289 ] ] ] } },
{ "type": "Feature", "properties": { "cell_id": 31073, "row": 132, "column": 261, "component": 0, "cell_area_m2": 250000.0, "centroid_x_m": 641806.50159944687, "centroid_y_m": 6260813.9484715285, "latitude": -33.783325579535223, "longitude": -61.468378837060499, "valid": 1, "invalid_reason": null, "climate_pixel_id": "562:1184", "solar_annual_kwh_m2": 1823.912930571784, "climate_valid_years_1": 3, "climate_valid_years_4": 3, "climate_valid_years_7": 3, "climate_valid_years_10": 2 }, "geometry": { "type": "Polygon", "coordinates": [ [ [ 642056.501599446870387, 6260563.948471529409289 ], [ 642056.501599446870387, 6261063.948471529409289 ], [ 641556.501599446870387, 6261063.948471529409289 ], [ 641556.501599446870387, 6260563.948471529409289 ], [ 642056.501599446870387, 6260563.948471529409289 ] ] ] } },
{ "type": "Feature", "properties": { "cell_id": 31074, "row": 132, "column": 262, "component": 0, "cell_area_m2": 250000.0, "centroid_x_m": 642306.50159944687, "centroid_y_m": 6260813.9484715285, "latitude": -33.783258436911382, "longitude": -61.462980143044625, "valid": 1, "invalid_reason": null, "climate_pixel_id": "562:1184", "solar_annual_kwh_m2": 1823.912930571784, "climate_valid_years_1": 3, "climate_valid_years_4": 3, "climate_valid_years_7": 3, "climate_valid_years_10": 2 }, "geometry": { "type": "Polygon", "coordinates": [ [ [ 642556.501599446870387, 6260563.948471529409289 ], [ 642556.501599446870387, 6261063.948471529409289 ], [ 642056.501599446870387, 6261063.948471529409289 ], [ 642056.501599446870387, 6260563.948471529409289 ], [ 642556.501599446870387, 6260563.948471529409289 ] ] ] } },
{ "type": "Feature", "properties": { "cell_id": 40399, "row": 167, "column": 347, "component": 0, "cell_area_m2": 250000.0, "centroid_x_m": 684806.50159944687, "centroid_y_m": 6278313.9484715285, "latitude": -33.618945775447948, "longitude": -61.007808473591695, "valid": 1, "invalid_reason": null, "climate_pixel_id": "564:1189", "solar_annual_kwh_m2": 1828.481224251394, "climate_valid_years_1": 3, "climate_valid_years_4": 3, "climate_valid_years_7": 3, "climate_valid_years_10": 2 }, "geometry": { "type": "Polygon", "coordinates": [ [ [ 685056.501599446870387, 6278063.948471529409289 ], [ 685056.501599446870387, 6278563.948471529409289 ], [ 684556.501599446870387, 6278563.948471529409289 ], [ 684556.501599446870387, 6278063.948471529409289 ], [ 685056.501599446870387, 6278063.948471529409289 ] ] ] } },
{ "type": "Feature", "properties": { "cell_id": 40400, "row": 167, "column": 348, "component": 0, "cell_area_m2": 250000.0, "centroid_x_m": 685306.50159944687, "centroid_y_m": 6278313.9484715285, "latitude": -33.618858857816377, "longitude": -61.002421391183638, "valid": 1, "invalid_reason": null, "climate_pixel_id": "564:1189", "solar_annual_kwh_m2": 1828.481224251394, "climate_valid_years_1": 3, "climate_valid_years_4": 3, "climate_valid_years_7": 3, "climate_valid_years_10": 2 }, "geometry": { "type": "Polygon", "coordinates": [ [ [ 685556.501599446870387, 6278063.948471529409289 ], [ 685556.501599446870387, 6278563.948471529409289 ], [ 685056.501599446870387, 6278563.948471529409289 ], [ 685056.501599446870387, 6278063.948471529409289 ], [ 685556.501599446870387, 6278063.948471529409289 ] ] ] } },
{ "type": "Feature", "properties": { "cell_id": 40692, "row": 168, "column": 346, "component": 0, "cell_area_m2": 250000.0, "centroid_x_m": 684306.50159944687, "centroid_y_m": 6278813.9484715285, "latitude": -33.614525437588426, "longitude": -61.013299037532313, "valid": 1, "invalid_reason": null, "climate_pixel_id": "564:1189", "solar_annual_kwh_m2": 1828.481224251394, "climate_valid_years_1": 3, "climate_valid_years_4": 3, "climate_valid_years_7": 3, "climate_valid_years_10": 2 }, "geometry": { "type": "Polygon", "coordinates": [ [ [ 684556.501599446870387, 6278563.948471529409289 ], [ 684556.501599446870387, 6279063.948471529409289 ], [ 684056.501599446870387, 6279063.948471529409289 ], [ 684056.501599446870387, 6278563.948471529409289 ], [ 684556.501599446870387, 6278563.948471529409289 ] ] ] } },
{ "type": "Feature", "properties": { "cell_id": 40693, "row": 168, "column": 347, "component": 0, "cell_area_m2": 250000.0, "centroid_x_m": 684806.50159944687, "centroid_y_m": 6278813.9484715285, "latitude": -33.614438769088089, "longitude": -61.00791221211756, "valid": 1, "invalid_reason": null, "climate_pixel_id": "564:1189", "solar_annual_kwh_m2": 1828.481224251394, "climate_valid_years_1": 3, "climate_valid_years_4": 3, "climate_valid_years_7": 3, "climate_valid_years_10": 2 }, "geometry": { "type": "Polygon", "coordinates": [ [ [ 685056.501599446870387, 6278563.948471529409289 ], [ 685056.501599446870387, 6279063.948471529409289 ], [ 684556.501599446870387, 6279063.948471529409289 ], [ 684556.501599446870387, 6278563.948471529409289 ], [ 685056.501599446870387, 6278563.948471529409289 ] ] ] } },
{ "type": "Feature", "properties": { "cell_id": 40694, "row": 168, "column": 348, "component": 0, "cell_area_m2": 250000.0, "centroid_x_m": 685306.50159944687, "centroid_y_m": 6278813.9484715285, "latitude": -33.614351866200323, "longitude": -61.002525409774591, "valid": 1, "invalid_reason": null, "climate_pixel_id": "564:1189", "solar_annual_kwh_m2": 1828.481224251394, "climate_valid_years_1": 3, "climate_valid_years_4": 3, "climate_valid_years_7": 3, "climate_valid_years_10": 2 }, "geometry": { "type": "Polygon", "coordinates": [ [ [ 685556.501599446870387, 6278563.948471529409289 ], [ 685556.501599446870387, 6279063.948471529409289 ], [ 685056.501599446870387, 6279063.948471529409289 ], [ 685056.501599446870387, 6278563.948471529409289 ], [ 685556.501599446870387, 6278563.948471529409289 ] ] ] } },
{ "type": "Feature", "properties": { "cell_id": 40986, "row": 169, "column": 346, "component": 0, "cell_area_m2": 250000.0, "centroid_x_m": 684306.50159944687, "centroid_y_m": 6279313.9484715285, "latitude": -33.610018412953835, "longitude": -61.013402472978669, "valid": 1, "invalid_reason": null, "climate_pixel_id": "564:1189", "solar_annual_kwh_m2": 1828.481224251394, "climate_valid_years_1": 3, "climate_valid_years_4": 3, "climate_valid_years_7": 3, "climate_valid_years_10": 2 }, "geometry": { "type": "Polygon", "coordinates": [ [ [ 684556.501599446870387, 6279063.948471529409289 ], [ 684556.501599446870387, 6279563.948471529409289 ], [ 684056.501599446870387, 6279563.948471529409289 ], [ 684056.501599446870387, 6279063.948471529409289 ], [ 684556.501599446870387, 6279063.948471529409289 ] ] ] } },
{ "type": "Feature", "properties": { "cell_id": 40987, "row": 169, "column": 347, "component": 0, "cell_area_m2": 250000.0, "centroid_x_m": 684806.50159944687, "centroid_y_m": 6279313.9484715285, "latitude": -33.609931759156048, "longitude": -61.008015927571662, "valid": 1, "invalid_reason": null, "climate_pixel_id": "564:1189", "solar_annual_kwh_m2": 1828.481224251394, "climate_valid_years_1": 3, "climate_valid_years_4": 3, "climate_valid_years_7": 3, "climate_valid_years_10": 2 }, "geometry": { "type": "Polygon", "coordinates": [ [ [ 685056.501599446870387, 6279063.948471529409289 ], [ 685056.501599446870387, 6279563.948471529409289 ], [ 684556.501599446870387, 6279563.948471529409289 ], [ 684556.501599446870387, 6279063.948471529409289 ], [ 685056.501599446870387, 6279063.948471529409289 ] ] ] } },
{ "type": "Feature", "properties": { "cell_id": 41282, "row": 170, "column": 347, "component": 0, "cell_area_m2": 250000.0, "centroid_x_m": 684806.50159944687, "centroid_y_m": 6279813.9484715285, "latitude": -33.605424745652101, "longitude": -61.008119619958833, "valid": 1, "invalid_reason": null, "climate_pixel_id": "564:1189", "solar_annual_kwh_m2": 1828.481224251394, "climate_valid_years_1": 3, "climate_valid_years_4": 3, "climate_valid_years_7": 3, "climate_valid_years_10": 2 }, "geometry": { "type": "Polygon", "coordinates": [ [ [ 685056.501599446870387, 6279563.948471529409289 ], [ 685056.501599446870387, 6280063.948471529409289 ], [ 684556.501599446870387, 6280063.948471529409289 ], [ 684556.501599446870387, 6279563.948471529409289 ], [ 685056.501599446870387, 6279563.948471529409289 ] ] ] } },
{ "type": "Feature", "properties": { "cell_id": 41576, "row": 171, "column": 347, "component": 0, "cell_area_m2": 250000.0, "centroid_x_m": 684806.50159944687, "centroid_y_m": 6280313.9484715285, "latitude": -33.60091772857654, "longitude": -61.008223289283976, "valid": 1, "invalid_reason": null, "climate_pixel_id": "564:1189", "solar_annual_kwh_m2": 1828.481224251394, "climate_valid_years_1": 3, "climate_valid_years_4": 3, "climate_valid_years_7": 3, "climate_valid_years_10": 2 }, "geometry": { "type": "Polygon", "coordinates": [ [ [ 685056.501599446870387, 6280063.948471529409289 ], [ 685056.501599446870387, 6280563.948471529409289 ], [ 684556.501599446870387, 6280563.948471529409289 ], [ 684556.501599446870387, 6280063.948471529409289 ], [ 685056.501599446870387, 6280063.948471529409289 ] ] ] } },
{ "type": "Feature", "properties": { "cell_id": 53660, "row": 208, "column": 164, "component": 0, "cell_area_m2": 250000.0, "centroid_x_m": 593306.50159944687, "centroid_y_m": 6298813.9484715285, "latitude": -33.44602869753566, "longitude": -61.996109044969209, "valid": 1, "invalid_reason": null, "climate_pixel_id": "566:1179", "solar_annual_kwh_m2": 1825.2734609042218, "climate_valid_years_1": 3, "climate_valid_years_4": 3, "climate_valid_years_7": 3, "climate_valid_years_10": 2 }, "geometry": { "type": "Polygon", "coordinates": [ [ [ 593556.501599446870387, 6298563.948471529409289 ], [ 593556.501599446870387, 6299063.948471529409289 ], [ 593056.501599446870387, 6299063.948471529409289 ], [ 593056.501599446870387, 6298563.948471529409289 ], [ 593556.501599446870387, 6298563.948471529409289 ] ] ] } },
{ "type": "Feature", "properties": { "cell_id": 53999, "row": 209, "column": 163, "component": 0, "cell_area_m2": 250000.0, "centroid_x_m": 592806.50159944687, "centroid_y_m": 6299313.9484715285, "latitude": -33.441562949802233, "longitude": -62.001539528714929, "valid": 1, "invalid_reason": null, "climate_pixel_id": "566:1179", "solar_annual_kwh_m2": 1825.2734609042218, "climate_valid_years_1": 3, "climate_valid_years_4": 3, "climate_valid_years_7": 3, "climate_valid_years_10": 2 }, "geometry": { "type": "Polygon", "coordinates": [ [ [ 593056.501599446870387, 6299063.948471529409289 ], [ 593056.501599446870387, 6299563.948471529409289 ], [ 592556.501599446870387, 6299563.948471529409289 ], [ 592556.501599446870387, 6299063.948471529409289 ], [ 593056.501599446870387, 6299063.948471529409289 ] ] ] } },
{ "type": "Feature", "properties": { "cell_id": 54000, "row": 209, "column": 164, "component": 0, "cell_area_m2": 250000.0, "centroid_x_m": 593306.50159944687, "centroid_y_m": 6299313.9484715285, "latitude": -33.441519525014606, "longitude": -61.996160986863607, "valid": 1, "invalid_reason": null, "climate_pixel_id": "566:1179", "solar_annual_kwh_m2": 1825.2734609042218, "climate_valid_years_1": 3, "climate_valid_years_4": 3, "climate_valid_years_7": 3, "climate_valid_years_10": 2 }, "geometry": { "type": "Polygon", "coordinates": [ [ [ 593556.501599446870387, 6299063.948471529409289 ], [ 593556.501599446870387, 6299563.948471529409289 ], [ 593056.501599446870387, 6299563.948471529409289 ], [ 593056.501599446870387, 6299063.948471529409289 ], [ 593556.501599446870387, 6299063.948471529409289 ] ] ] } },
{ "type": "Feature", "properties": { "cell_id": 54001, "row": 209, "column": 165, "component": 0, "cell_area_m2": 250000.0, "centroid_x_m": 593806.50159944687, "centroid_y_m": 6299313.9484715285, "latitude": -33.441475867007064, "longitude": -61.990782456574884, "valid": 1, "invalid_reason": null, "climate_pixel_id": "566:1179", "solar_annual_kwh_m2": 1825.2734609042218, "climate_valid_years_1": 3, "climate_valid_years_4": 3, "climate_valid_years_7": 3, "climate_valid_years_10": 2 }, "geometry": { "type": "Polygon", "coordinates": [ [ [ 594056.501599446870387, 6299063.948471529409289 ], [ 594056.501599446870387, 6299563.948471529409289 ], [ 593556.501599446870387, 6299563.948471529409289 ], [ 593556.501599446870387, 6299063.948471529409289 ], [ 594056.501599446870387, 6299063.948471529409289 ] ] ] } },
{ "type": "Feature", "properties": { "cell_id": 54339, "row": 210, "column": 163, "component": 0, "cell_area_m2": 250000.0, "centroid_x_m": 592806.50159944687, "centroid_y_m": 6299813.9484715285, "latitude": -33.437053766536529, "longitude": -62.001591180918425, "valid": 1, "invalid_reason": null, "climate_pixel_id": "566:1179", "solar_annual_kwh_m2": 1825.2734609042218, "climate_valid_years_1": 3, "climate_valid_years_4": 3, "climate_valid_years_7": 3, "climate_valid_years_10": 2 }, "geometry": { "type": "Polygon", "coordinates": [ [ [ 593056.501599446870387, 6299563.948471529409289 ], [ 593056.501599446870387, 6300063.948471529409289 ], [ 592556.501599446870387, 6300063.948471529409289 ], [ 592556.501599446870387, 6299563.948471529409289 ], [ 593056.501599446870387, 6299563.948471529409289 ] ] ] } },
{ "type": "Feature", "properties": { "cell_id": 54341, "row": 210, "column": 165, "component": 0, "cell_area_m2": 250000.0, "centroid_x_m": 593806.50159944687, "centroid_y_m": 6299813.9484715285, "latitude": -33.43696669855953, "longitude": -61.990834665032601, "valid": 1, "invalid_reason": null, "climate_pixel_id": "566:1179", "solar_annual_kwh_m2": 1825.2734609042218, "climate_valid_years_1": 3, "climate_valid_years_4": 3, "climate_valid_years_7": 3, "climate_valid_years_10": 2 }, "geometry": { "type": "Polygon", "coordinates": [ [ [ 594056.501599446870387, 6299563.948471529409289 ], [ 594056.501599446870387, 6300063.948471529409289 ], [ 593556.501599446870387, 6300063.948471529409289 ], [ 593556.501599446870387, 6299563.948471529409289 ], [ 594056.501599446870387, 6299563.948471529409289 ] ] ] } },
{ "type": "Feature", "properties": { "cell_id": 54681, "row": 211, "column": 165, "component": 0, "cell_area_m2": 250000.0, "centroid_x_m": 593806.50159944687, "centroid_y_m": 6300313.9484715285, "latitude": -33.43245752675611, "longitude": -61.990886861868248, "valid": 1, "invalid_reason": null, "climate_pixel_id": "566:1179", "solar_annual_kwh_m2": 1825.2734609042218, "climate_valid_years_1": 3, "climate_valid_years_4": 3, "climate_valid_years_7": 3, "climate_valid_years_10": 2 }, "geometry": { "type": "Polygon", "coordinates": [ [ [ 594056.501599446870387, 6300063.948471529409289 ], [ 594056.501599446870387, 6300563.948471529409289 ], [ 593556.501599446870387, 6300563.948471529409289 ], [ 593556.501599446870387, 6300063.948471529409289 ], [ 594056.501599446870387, 6300063.948471529409289 ] ] ] } },
{ "type": "Feature", "properties": { "cell_id": 69297, "row": 254, "column": 421, "component": 0, "cell_area_m2": 250000.0, "centroid_x_m": 721806.50159944687, "centroid_y_m": 6321813.9484715285, "latitude": -33.219861834564341, "longitude": -60.619955091960392, "valid": 1, "invalid_reason": null, "climate_pixel_id": "568:1193", "solar_annual_kwh_m2": 1822.8319129027282, "climate_valid_years_1": 3, "climate_valid_years_4": 3, "climate_valid_years_7": 3, "climate_valid_years_10": 2 }, "geometry": { "type": "Polygon", "coordinates": [ [ [ 722056.501599446870387, 6321563.948471529409289 ], [ 722056.501599446870387, 6322063.948471529409289 ], [ 721556.501599446870387, 6322063.948471529409289 ], [ 721556.501599446870387, 6321563.948471529409289 ], [ 722056.501599446870387, 6321563.948471529409289 ] ] ] } },
{ "type": "Feature", "properties": { "cell_id": 69298, "row": 254, "column": 422, "component": 0, "cell_area_m2": 250000.0, "centroid_x_m": 722306.50159944687, "centroid_y_m": 6321813.9484715285, "latitude": -33.219759110899673, "longitude": -60.614593990085147, "valid": 1, "invalid_reason": null, "climate_pixel_id": "568:1193", "solar_annual_kwh_m2": 1822.8319129027282, "climate_valid_years_1": 3, "climate_valid_years_4": 3, "climate_valid_years_7": 3, "climate_valid_years_10": 2 }, "geometry": { "type": "Polygon", "coordinates": [ [ [ 722556.501599446870387, 6321563.948471529409289 ], [ 722556.501599446870387, 6322063.948471529409289 ], [ 722056.501599446870387, 6322063.948471529409289 ], [ 722056.501599446870387, 6321563.948471529409289 ], [ 722556.501599446870387, 6321563.948471529409289 ] ] ] } },
{ "type": "Feature", "properties": { "cell_id": 69620, "row": 255, "column": 421, "component": 0, "cell_area_m2": 250000.0, "centroid_x_m": 721806.50159944687, "centroid_y_m": 6322313.9484715285, "latitude": -33.215355706322526, "longitude": -60.620077155503239, "valid": 1, "invalid_reason": null, "climate_pixel_id": "568:1193", "solar_annual_kwh_m2": 1822.8319129027282, "climate_valid_years_1": 3, "climate_valid_years_4": 3, "climate_valid_years_7": 3, "climate_valid_years_10": 2 }, "geometry": { "type": "Polygon", "coordinates": [ [ [ 722056.501599446870387, 6322063.948471529409289 ], [ 722056.501599446870387, 6322563.948471529409289 ], [ 721556.501599446870387, 6322563.948471529409289 ], [ 721556.501599446870387, 6322063.948471529409289 ], [ 722056.501599446870387, 6322063.948471529409289 ] ] ] } },
{ "type": "Feature", "properties": { "cell_id": 69621, "row": 255, "column": 422, "component": 0, "cell_area_m2": 250000.0, "centroid_x_m": 722306.50159944687, "centroid_y_m": 6322313.9484715285, "latitude": -33.215253000184759, "longitude": -60.614716327943768, "valid": 1, "invalid_reason": null, "climate_pixel_id": "568:1193", "solar_annual_kwh_m2": 1822.8319129027282, "climate_valid_years_1": 3, "climate_valid_years_4": 3, "climate_valid_years_7": 3, "climate_valid_years_10": 2 }, "geometry": { "type": "Polygon", "coordinates": [ [ [ 722556.501599446870387, 6322063.948471529409289 ], [ 722556.501599446870387, 6322563.948471529409289 ], [ 722056.501599446870387, 6322563.948471529409289 ], [ 722056.501599446870387, 6322063.948471529409289 ], [ 722556.501599446870387, 6322063.948471529409289 ] ] ] } },
{ "type": "Feature", "properties": { "cell_id": 69942, "row": 256, "column": 421, "component": 0, "cell_area_m2": 250000.0, "centroid_x_m": 721806.50159944687, "centroid_y_m": 6322813.9484715285, "latitude": -33.210849574414766, "longitude": -60.620199191875145, "valid": 1, "invalid_reason": null, "climate_pixel_id": "568:1193", "solar_annual_kwh_m2": 1822.8319129027282, "climate_valid_years_1": 3, "climate_valid_years_4": 3, "climate_valid_years_7": 3, "climate_valid_years_10": 2 }, "geometry": { "type": "Polygon", "coordinates": [ [ [ 722056.501599446870387, 6322563.948471529409289 ], [ 722056.501599446870387, 6323063.948471529409289 ], [ 721556.501599446870387, 6323063.948471529409289 ], [ 721556.501599446870387, 6322563.948471529409289 ], [ 722056.501599446870387, 6322563.948471529409289 ] ] ] } },
{ "type": "Feature", "properties": { "cell_id": 69943, "row": 256, "column": 422, "component": 0, "cell_area_m2": 250000.0, "centroid_x_m": 722306.50159944687, "centroid_y_m": 6322813.9484715285, "latitude": -33.210746885802145, "longitude": -60.61483863857049, "valid": 1, "invalid_reason": null, "climate_pixel_id": "568:1193", "solar_annual_kwh_m2": 1822.8319129027282, "climate_valid_years_1": 3, "climate_valid_years_4": 3, "climate_valid_years_7": 3, "climate_valid_years_10": 2 }, "geometry": { "type": "Polygon", "coordinates": [ [ [ 722556.501599446870387, 6322563.948471529409289 ], [ 722556.501599446870387, 6323063.948471529409289 ], [ 722056.501599446870387, 6323063.948471529409289 ], [ 722056.501599446870387, 6322563.948471529409289 ], [ 722556.501599446870387, 6322563.948471529409289 ] ] ] } },
{ "type": "Feature", "properties": { "cell_id": 70264, "row": 257, "column": 421, "component": 0, "cell_area_m2": 250000.0, "centroid_x_m": 721806.50159944687, "centroid_y_m": 6323313.9484715285, "latitude": -33.206343438841344, "longitude": -60.620321201081794, "valid": 1, "invalid_reason": null, "climate_pixel_id": "568:1193", "solar_annual_kwh_m2": 1822.8319129027282, "climate_valid_years_1": 3, "climate_valid_years_4": 3, "climate_valid_years_7": 3, "climate_valid_years_10": 2 }, "geometry": { "type": "Polygon", "coordinates": [ [ [ 722056.501599446870387, 6323063.948471529409289 ], [ 722056.501599446870387, 6323563.948471529409289 ], [ 721556.501599446870387, 6323563.948471529409289 ], [ 721556.501599446870387, 6323063.948471529409289 ], [ 722056.501599446870387, 6323063.948471529409289 ] ] ] } },
{ "type": "Feature", "properties": { "cell_id": 70265, "row": 257, "column": 422, "component": 0, "cell_area_m2": 250000.0, "centroid_x_m": 722306.50159944687, "centroid_y_m": 6323313.9484715285, "latitude": -33.206240767752128, "longitude": -60.614960921970997, "valid": 1, "invalid_reason": null, "climate_pixel_id": "568:1193", "solar_annual_kwh_m2": 1822.8319129027282, "climate_valid_years_1": 3, "climate_valid_years_4": 3, "climate_valid_years_7": 3, "climate_valid_years_10": 2 }, "geometry": { "type": "Polygon", "coordinates": [ [ [ 722556.501599446870387, 6323063.948471529409289 ], [ 722556.501599446870387, 6323563.948471529409289 ], [ 722056.501599446870387, 6323563.948471529409289 ], [ 722056.501599446870387, 6323063.948471529409289 ], [ 722556.501599446870387, 6323063.948471529409289 ] ] ] } },
{ "type": "Feature", "properties": { "cell_id": 70266, "row": 257, "column": 423, "component": 0, "cell_area_m2": 250000.0, "centroid_x_m": 722806.50159944687, "centroid_y_m": 6323313.9484715285, "latitude": -33.206137866067365, "longitude": -60.609600670080738, "valid": 1, "invalid_reason": null, "climate_pixel_id": "568:1193", "solar_annual_kwh_m2": 1822.8319129027282, "climate_valid_years_1": 3, "climate_valid_years_4": 3, "climate_valid_years_7": 3, "climate_valid_years_10": 2 }, "geometry": { "type": "Polygon", "coordinates": [ [ [ 723056.501599446870387, 6323063.948471529409289 ], [ 723056.501599446870387, 6323563.948471529409289 ], [ 722556.501599446870387, 6323563.948471529409289 ], [ 722556.501599446870387, 6323063.948471529409289 ], [ 723056.501599446870387, 6323063.948471529409289 ] ] ] } },
{ "type": "Feature", "properties": { "cell_id": 70584, "row": 258, "column": 421, "component": 0, "cell_area_m2": 250000.0, "centroid_x_m": 721806.50159944687, "centroid_y_m": 6323813.9484715285, "latitude": -33.201837299602637, "longitude": -60.620443183128835, "valid": 1, "invalid_reason": null, "climate_pixel_id": "568:1193", "solar_annual_kwh_m2": 1822.8319129027282, "climate_valid_years_1": 3, "climate_valid_years_4": 3, "climate_valid_years_7": 3, "climate_valid_years_10": 2 }, "geometry": { "type": "Polygon", "coordinates": [ [ [ 722056.501599446870387, 6323563.948471529409289 ], [ 722056.501599446870387, 6324063.948471529409289 ], [ 721556.501599446870387, 6324063.948471529409289 ], [ 721556.501599446870387, 6323563.948471529409289 ], [ 722056.501599446870387, 6323563.948471529409289 ] ] ] } },
{ "type": "Feature", "properties": { "cell_id": 98384, "row": 379, "column": 184, "component": 0, "cell_area_m2": 250000.0, "centroid_x_m": 603306.50159944687, "centroid_y_m": 6384313.9484715285, "latitude": -32.674020468566603, "longitude": -61.898184652787755, "valid": 1, "invalid_reason": null, "climate_pixel_id": "573:1180", "solar_annual_kwh_m2": 1818.3623819012346, "climate_valid_years_1": 3, "climate_valid_years_4": 3, "climate_valid_years_7": 3, "climate_valid_years_10": 2 }, "geometry": { "type": "Polygon", "coordinates": [ [ [ 603556.501599446870387, 6384063.948471529409289 ], [ 603556.501599446870387, 6384563.948471529409289 ], [ 603056.501599446870387, 6384563.948471529409289 ], [ 603056.501599446870387, 6384063.948471529409289 ], [ 603556.501599446870387, 6384063.948471529409289 ] ] ] } },
{ "type": "Feature", "properties": { "cell_id": 98385, "row": 379, "column": 185, "component": 0, "cell_area_m2": 250000.0, "centroid_x_m": 603806.50159944687, "centroid_y_m": 6384313.9484715285, "latitude": -32.673973532537055, "longitude": -61.892852760850822, "valid": 1, "invalid_reason": null, "climate_pixel_id": "573:1180", "solar_annual_kwh_m2": 1818.3623819012346, "climate_valid_years_1": 3, "climate_valid_years_4": 3, "climate_valid_years_7": 3, "climate_valid_years_10": 2 }, "geometry": { "type": "Polygon", "coordinates": [ [ [ 604056.501599446870387, 6384063.948471529409289 ], [ 604056.501599446870387, 6384563.948471529409289 ], [ 603556.501599446870387, 6384563.948471529409289 ], [ 603556.501599446870387, 6384063.948471529409289 ], [ 604056.501599446870387, 6384063.948471529409289 ] ] ] } },
{ "type": "Feature", "properties": { "cell_id": 115399, "row": 453, "column": 358, "component": 0, "cell_area_m2": 250000.0, "centroid_x_m": 690306.50159944687, "centroid_y_m": 6421313.9484715285, "latitude": -32.328874868019881, "longitude": -60.978152771471073, "valid": 1, "invalid_reason": null, "climate_pixel_id": "577:1189", "solar_annual_kwh_m2": 1812.6211873255675, "climate_valid_years_1": 3, "climate_valid_years_4": 3, "climate_valid_years_7": 3, "climate_valid_years_10": 2 }, "geometry": { "type": "Polygon", "coordinates": [ [ [ 690556.501599446870387, 6421063.948471529409289 ], [ 690556.501599446870387, 6421563.948471529409289 ], [ 690056.501599446870387, 6421563.948471529409289 ], [ 690056.501599446870387, 6421063.948471529409289 ], [ 690556.501599446870387, 6421063.948471529409289 ] ] ] } },
{ "type": "Feature", "properties": { "cell_id": 115651, "row": 454, "column": 358, "component": 0, "cell_area_m2": 250000.0, "centroid_x_m": 690306.50159944687, "centroid_y_m": 6421813.9484715285, "latitude": -32.324367011867309, "longitude": -60.97825299399355, "valid": 1, "invalid_reason": null, "climate_pixel_id": "577:1189", "solar_annual_kwh_m2": 1812.6211873255675, "climate_valid_years_1": 3, "climate_valid_years_4": 3, "climate_valid_years_7": 3, "climate_valid_years_10": 2 }, "geometry": { "type": "Polygon", "coordinates": [ [ [ 690556.501599446870387, 6421563.948471529409289 ], [ 690556.501599446870387, 6422063.948471529409289 ], [ 690056.501599446870387, 6422063.948471529409289 ], [ 690056.501599446870387, 6421563.948471529409289 ], [ 690556.501599446870387, 6421563.948471529409289 ] ] ] } },
{ "type": "Feature", "properties": { "cell_id": 115783, "row": 455, "column": 237, "component": 0, "cell_area_m2": 250000.0, "centroid_x_m": 629806.50159944687, "centroid_y_m": 6422313.9484715285, "latitude": -32.328519047601617, "longitude": -61.62085399479934, "valid": 1, "invalid_reason": null, "climate_pixel_id": "577:1183", "solar_annual_kwh_m2": 1816.4300240193152, "climate_valid_years_1": 3, "climate_valid_years_4": 3, "climate_valid_years_7": 3, "climate_valid_years_10": 2 }, "geometry": { "type": "Polygon", "coordinates": [ [ [ 630056.501599446870387, 6422063.948471529409289 ], [ 630056.501599446870387, 6422563.948471529409289 ], [ 629556.501599446870387, 6422563.948471529409289 ], [ 629556.501599446870387, 6422063.948471529409289 ], [ 630056.501599446870387, 6422063.948471529409289 ] ] ] } },
{ "type": "Feature", "properties": { "cell_id": 115784, "row": 455, "column": 238, "component": 0, "cell_area_m2": 250000.0, "centroid_x_m": 630306.50159944687, "centroid_y_m": 6422313.9484715285, "latitude": -32.328460878575918, "longitude": -61.615543010546475, "valid": 1, "invalid_reason": null, "climate_pixel_id": "577:1183", "solar_annual_kwh_m2": 1816.4300240193152, "climate_valid_years_1": 3, "climate_valid_years_4": 3, "climate_valid_years_7": 3, "climate_valid_years_10": 2 }, "geometry": { "type": "Polygon", "coordinates": [ [ [ 630556.501599446870387, 6422063.948471529409289 ], [ 630556.501599446870387, 6422563.948471529409289 ], [ 630056.501599446870387, 6422563.948471529409289 ], [ 630056.501599446870387, 6422063.948471529409289 ], [ 630556.501599446870387, 6422063.948471529409289 ] ] ] } },
{ "type": "Feature", "properties": { "cell_id": 115785, "row": 455, "column": 239, "component": 0, "cell_area_m2": 250000.0, "centroid_x_m": 630806.50159944687, "centroid_y_m": 6422313.9484715285, "latitude": -32.328402486113063, "longitude": -61.610232041634887, "valid": 1, "invalid_reason": null, "climate_pixel_id": "577:1183", "solar_annual_kwh_m2": 1816.4300240193152, "climate_valid_years_1": 3, "climate_valid_years_4": 3, "climate_valid_years_7": 3, "climate_valid_years_10": 2 }, "geometry": { "type": "Polygon", "coordinates": [ [ [ 631056.501599446870387, 6422063.948471529409289 ], [ 631056.501599446870387, 6422563.948471529409289 ], [ 630556.501599446870387, 6422563.948471529409289 ], [ 630556.501599446870387, 6422063.948471529409289 ], [ 631056.501599446870387, 6422063.948471529409289 ] ] ] } },
{ "type": "Feature", "properties": { "cell_id": 115904, "row": 455, "column": 358, "component": 0, "cell_area_m2": 250000.0, "centroid_x_m": 690306.50159944687, "centroid_y_m": 6422313.9484715285, "latitude": -32.319859152212771, "longitude": -60.978353194125866, "valid": 1, "invalid_reason": null, "climate_pixel_id": "577:1189", "solar_annual_kwh_m2": 1812.6211873255675, "climate_valid_years_1": 3, "climate_valid_years_4": 3, "climate_valid_years_7": 3, "climate_valid_years_10": 2 }, "geometry": { "type": "Polygon", "coordinates": [ [ [ 690556.501599446870387, 6422063.948471529409289 ], [ 690556.501599446870387, 6422563.948471529409289 ], [ 690056.501599446870387, 6422563.948471529409289 ], [ 690056.501599446870387, 6422063.948471529409289 ], [ 690556.501599446870387, 6422063.948471529409289 ] ] ] } },
{ "type": "Feature", "properties": { "cell_id": 116037, "row": 456, "column": 238, "component": 0, "cell_area_m2": 250000.0, "centroid_x_m": 630306.50159944687, "centroid_y_m": 6422813.9484715285, "latitude": -32.323951525694746, "longitude": -61.615611644163458, "valid": 1, "invalid_reason": null, "climate_pixel_id": "577:1183", "solar_annual_kwh_m2": 1816.4300240193152, "climate_valid_years_1": 3, "climate_valid_years_4": 3, "climate_valid_years_7": 3, "climate_valid_years_10": 2 }, "geometry": { "type": "Polygon", "coordinates": [ [ [ 630556.501599446870387, 6422563.948471529409289 ], [ 630556.501599446870387, 6423063.948471529409289 ], [ 630056.501599446870387, 6423063.948471529409289 ], [ 630056.501599446870387, 6422563.948471529409289 ], [ 630556.501599446870387, 6422563.948471529409289 ] ] ] } },
{ "type": "Feature", "properties": { "cell_id": 116038, "row": 456, "column": 239, "component": 0, "cell_area_m2": 250000.0, "centroid_x_m": 630806.50159944687, "centroid_y_m": 6422813.9484715285, "latitude": -32.323893143345778, "longitude": -61.610300938333779, "valid": 1, "invalid_reason": null, "climate_pixel_id": "577:1183", "solar_annual_kwh_m2": 1816.4300240193152, "climate_valid_years_1": 3, "climate_valid_years_4": 3, "climate_valid_years_7": 3, "climate_valid_years_10": 2 }, "geometry": { "type": "Polygon", "coordinates": [ [ [ 631056.501599446870387, 6422563.948471529409289 ], [ 631056.501599446870387, 6423063.948471529409289 ], [ 630556.501599446870387, 6423063.948471529409289 ], [ 630556.501599446870387, 6422563.948471529409289 ], [ 631056.501599446870387, 6422563.948471529409289 ] ] ] } },
{ "type": "Feature", "properties": { "cell_id": 116157, "row": 456, "column": 358, "component": 0, "cell_area_m2": 250000.0, "centroid_x_m": 690306.50159944687, "centroid_y_m": 6422813.9484715285, "latitude": -32.315351289056593, "longitude": -60.978453371872575, "valid": 1, "invalid_reason": null, "climate_pixel_id": "577:1189", "solar_annual_kwh_m2": 1812.6211873255675, "climate_valid_years_1": 3, "climate_valid_years_4": 3, "climate_valid_years_7": 3, "climate_valid_years_10": 2 }, "geometry": { "type": "Polygon", "coordinates": [ [ [ 690556.501599446870387, 6422563.948471529409289 ], [ 690556.501599446870387, 6423063.948471529409289 ], [ 690056.501599446870387, 6423063.948471529409289 ], [ 690056.501599446870387, 6422563.948471529409289 ], [ 690556.501599446870387, 6422563.948471529409289 ] ] ] } },
{ "type": "Feature", "properties": { "cell_id": 116158, "row": 456, "column": 359, "component": 0, "cell_area_m2": 250000.0, "centroid_x_m": 690806.50159944687, "centroid_y_m": 6422813.9484715285, "latitude": -32.315266117421501, "longitude": -60.973144932903274, "valid": 1, "invalid_reason": null, "climate_pixel_id": "577:1189", "solar_annual_kwh_m2": 1812.6211873255675, "climate_valid_years_1": 3, "climate_valid_years_4": 3, "climate_valid_years_7": 3, "climate_valid_years_10": 2 }, "geometry": { "type": "Polygon", "coordinates": [ [ [ 691056.501599446870387, 6422563.948471529409289 ], [ 691056.501599446870387, 6423063.948471529409289 ], [ 690556.501599446870387, 6423063.948471529409289 ], [ 690556.501599446870387, 6422563.948471529409289 ], [ 691056.501599446870387, 6422563.948471529409289 ] ] ] } },
{ "type": "Feature", "properties": { "cell_id": 116290, "row": 457, "column": 238, "component": 0, "cell_area_m2": 250000.0, "centroid_x_m": 630306.50159944687, "centroid_y_m": 6423313.9484715285, "latitude": -32.319442169456813, "longitude": -61.615680262442275, "valid": 1, "invalid_reason": null, "climate_pixel_id": "577:1183", "solar_annual_kwh_m2": 1816.4300240193152, "climate_valid_years_1": 3, "climate_valid_years_4": 3, "climate_valid_years_7": 3, "climate_valid_years_10": 2 }, "geometry": { "type": "Polygon", "coordinates": [ [ [ 630556.501599446870387, 6423063.948471529409289 ], [ 630556.501599446870387, 6423563.948471529409289 ], [ 630056.501599446870387, 6423563.948471529409289 ], [ 630056.501599446870387, 6423063.948471529409289 ], [ 630556.501599446870387, 6423063.948471529409289 ] ] ] } },
{ "type": "Feature", "properties": { "cell_id": 116410, "row": 457, "column": 358, "component": 0, "cell_area_m2": 250000.0, "centroid_x_m": 690306.50159944687, "centroid_y_m": 6423313.9484715285, "latitude": -32.310843422399081, "longitude": -60.978553527238226, "valid": 1, "invalid_reason": null, "climate_pixel_id": "577:1189", "solar_annual_kwh_m2": 1812.6211873255675, "climate_valid_years_1": 3, "climate_valid_years_4": 3, "climate_valid_years_7": 3, "climate_valid_years_10": 2 }, "geometry": { "type": "Polygon", "coordinates": [ [ [ 690556.501599446870387, 6423063.948471529409289 ], [ 690556.501599446870387, 6423563.948471529409289 ], [ 690056.501599446870387, 6423563.948471529409289 ], [ 690056.501599446870387, 6423063.948471529409289 ], [ 690556.501599446870387, 6423063.948471529409289 ] ] ] } },
{ "type": "Feature", "properties": { "cell_id": 116411, "row": 457, "column": 359, "component": 0, "cell_area_m2": 250000.0, "centroid_x_m": 690806.50159944687, "centroid_y_m": 6423313.9484715285, "latitude": -32.310758265514522, "longitude": -60.973245350831512, "valid": 1, "invalid_reason": null, "climate_pixel_id": "577:1189", "solar_annual_kwh_m2": 1812.6211873255675, "climate_valid_years_1": 3, "climate_valid_years_4": 3, "climate_valid_years_7": 3, "climate_valid_years_10": 2 }, "geometry": { "type": "Polygon", "coordinates": [ [ [ 691056.501599446870387, 6423063.948471529409289 ], [ 691056.501599446870387, 6423563.948471529409289 ], [ 690556.501599446870387, 6423563.948471529409289 ], [ 690556.501599446870387, 6423063.948471529409289 ], [ 691056.501599446870387, 6423063.948471529409289 ] ] ] } },
{ "type": "Feature", "properties": { "cell_id": 116543, "row": 458, "column": 238, "component": 0, "cell_area_m2": 250000.0, "centroid_x_m": 630306.50159944687, "centroid_y_m": 6423813.9484715285, "latitude": -32.314932809862341, "longitude": -61.615748865386031, "valid": 1, "invalid_reason": null, "climate_pixel_id": "577:1183", "solar_annual_kwh_m2": 1816.4300240193152, "climate_valid_years_1": 3, "climate_valid_years_4": 3, "climate_valid_years_7": 3, "climate_valid_years_10": 2 }, "geometry": { "type": "Polygon", "coordinates": [ [ [ 630556.501599446870387, 6423563.948471529409289 ], [ 630556.501599446870387, 6424063.948471529409289 ], [ 630056.501599446870387, 6424063.948471529409289 ], [ 630056.501599446870387, 6423563.948471529409289 ], [ 630556.501599446870387, 6423563.948471529409289 ] ] ] } },
{ "type": "Feature", "properties": { "cell_id": 116664, "row": 458, "column": 359, "component": 0, "cell_area_m2": 250000.0, "centroid_x_m": 690806.50159944687, "centroid_y_m": 6423813.9484715285, "latitude": -32.306250410105108, "longitude": -60.973345746324618, "valid": 1, "invalid_reason": null, "climate_pixel_id": "577:1189", "solar_annual_kwh_m2": 1812.6211873255675, "climate_valid_years_1": 3, "climate_valid_years_4": 3, "climate_valid_years_7": 3, "climate_valid_years_10": 2 }, "geometry": { "type": "Polygon", "coordinates": [ [ [ 691056.501599446870387, 6423563.948471529409289 ], [ 691056.501599446870387, 6424063.948471529409289 ], [ 690556.501599446870387, 6424063.948471529409289 ], [ 690556.501599446870387, 6423563.948471529409289 ], [ 691056.501599446870387, 6423563.948471529409289 ] ] ] } },
{ "type": "Feature", "properties": { "cell_id": 116797, "row": 459, "column": 238, "component": 0, "cell_area_m2": 250000.0, "centroid_x_m": 630306.50159944687, "centroid_y_m": 6424313.9484715285, "latitude": -32.310423446911628, "longitude": -61.61581745299786, "valid": 1, "invalid_reason": null, "climate_pixel_id": "577:1183", "solar_annual_kwh_m2": 1816.4300240193152, "climate_valid_years_1": 3, "climate_valid_years_4": 3, "climate_valid_years_7": 3, "climate_valid_years_10": 2 }, "geometry": { "type": "Polygon", "coordinates": [ [ [ 630556.501599446870387, 6424063.948471529409289 ], [ 630556.501599446870387, 6424563.948471529409289 ], [ 630056.501599446870387, 6424563.948471529409289 ], [ 630056.501599446870387, 6424063.948471529409289 ], [ 630556.501599446870387, 6424063.948471529409289 ] ] ] } },
{ "type": "Feature", "properties": { "cell_id": 116798, "row": 459, "column": 239, "component": 0, "cell_area_m2": 250000.0, "centroid_x_m": 630806.50159944687, "centroid_y_m": 6424313.9484715285, "latitude": -32.310365094898373, "longitude": -61.610507536061377, "valid": 1, "invalid_reason": null, "climate_pixel_id": "577:1183", "solar_annual_kwh_m2": 1816.4300240193152, "climate_valid_years_1": 3, "climate_valid_years_4": 3, "climate_valid_years_7": 3, "climate_valid_years_10": 2 }, "geometry": { "type": "Polygon", "coordinates": [ [ [ 631056.501599446870387, 6424063.948471529409289 ], [ 631056.501599446870387, 6424563.948471529409289 ], [ 630556.501599446870387, 6424563.948471529409289 ], [ 630556.501599446870387, 6424063.948471529409289 ], [ 631056.501599446870387, 6424063.948471529409289 ] ] ] } },
{ "type": "Feature", "properties": { "cell_id": 117051, "row": 460, "column": 238, "component": 0, "cell_area_m2": 250000.0, "centroid_x_m": 630306.50159944687, "centroid_y_m": 6424813.9484715285, "latitude": -32.305914080604936, "longitude": -61.615886025280872, "valid": 1, "invalid_reason": null, "climate_pixel_id": "577:1183", "solar_annual_kwh_m2": 1816.4300240193152, "climate_valid_years_1": 3, "climate_valid_years_4": 3, "climate_valid_years_7": 3, "climate_valid_years_10": 2 }, "geometry": { "type": "Polygon", "coordinates": [ [ [ 630556.501599446870387, 6424563.948471529409289 ], [ 630556.501599446870387, 6425063.948471529409289 ], [ 630056.501599446870387, 6425063.948471529409289 ], [ 630056.501599446870387, 6424563.948471529409289 ], [ 630556.501599446870387, 6424563.948471529409289 ] ] ] } },
{ "type": "Feature", "properties": { "cell_id": 128396, "row": 502, "column": 242, "component": 0, "cell_area_m2": 250000.0, "centroid_x_m": 632306.50159944687, "centroid_y_m": 6445813.9484715285, "latitude": -32.116284666521665, "longitude": -61.59755768253806, "valid": 1, "invalid_reason": null, "climate_pixel_id": "579:1183", "solar_annual_kwh_m2": 1816.5647361490442, "climate_valid_years_1": 3, "climate_valid_years_4": 3, "climate_valid_years_7": 3, "climate_valid_years_10": 2 }, "geometry": { "type": "Polygon", "coordinates": [ [ [ 632556.501599446870387, 6445563.948471529409289 ], [ 632556.501599446870387, 6446063.948471529409289 ], [ 632056.501599446870387, 6446063.948471529409289 ], [ 632056.501599446870387, 6445563.948471529409289 ], [ 632556.501599446870387, 6445563.948471529409289 ] ] ] } },
{ "type": "Feature", "properties": { "cell_id": 128683, "row": 503, "column": 241, "component": 0, "cell_area_m2": 250000.0, "centroid_x_m": 631806.50159944687, "centroid_y_m": 6446313.9484715285, "latitude": -32.111833769510184, "longitude": -61.602925001058438, "valid": 1, "invalid_reason": null, "climate_pixel_id": "579:1183", "solar_annual_kwh_m2": 1816.5647361490442, "climate_valid_years_1": 3, "climate_valid_years_4": 3, "climate_valid_years_7": 3, "climate_valid_years_10": 2 }, "geometry": { "type": "Polygon", "coordinates": [ [ [ 632056.501599446870387, 6446063.948471529409289 ], [ 632056.501599446870387, 6446563.948471529409289 ], [ 631556.501599446870387, 6446563.948471529409289 ], [ 631556.501599446870387, 6446063.948471529409289 ], [ 632056.501599446870387, 6446063.948471529409289 ] ] ] } },
{ "type": "Feature", "properties": { "cell_id": 128684, "row": 503, "column": 242, "component": 0, "cell_area_m2": 250000.0, "centroid_x_m": 632306.50159944687, "centroid_y_m": 6446313.9484715285, "latitude": -32.111775196670628, "longitude": -61.597626639927221, "valid": 1, "invalid_reason": null, "climate_pixel_id": "579:1183", "solar_annual_kwh_m2": 1816.5647361490442, "climate_valid_years_1": 3, "climate_valid_years_4": 3, "climate_valid_years_7": 3, "climate_valid_years_10": 2 }, "geometry": { "type": "Polygon", "coordinates": [ [ [ 632556.501599446870387, 6446063.948471529409289 ], [ 632556.501599446870387, 6446563.948471529409289 ], [ 632056.501599446870387, 6446563.948471529409289 ], [ 632056.501599446870387, 6446063.948471529409289 ], [ 632556.501599446870387, 6446063.948471529409289 ] ] ] } },
{ "type": "Feature", "properties": { "cell_id": 128970, "row": 504, "column": 239, "component": 0, "cell_area_m2": 250000.0, "centroid_x_m": 630806.50159944687, "centroid_y_m": 6446813.9484715285, "latitude": -32.107440746822817, "longitude": -61.613589930522835, "valid": 1, "invalid_reason": null, "climate_pixel_id": "579:1183", "solar_annual_kwh_m2": 1816.5647361490442, "climate_valid_years_1": 3, "climate_valid_years_4": 3, "climate_valid_years_7": 3, "climate_valid_years_10": 2 }, "geometry": { "type": "Polygon", "coordinates": [ [ [ 631056.501599446870387, 6446563.948471529409289 ], [ 631056.501599446870387, 6447063.948471529409289 ], [ 630556.501599446870387, 6447063.948471529409289 ], [ 630556.501599446870387, 6446563.948471529409289 ], [ 631056.501599446870387, 6446563.948471529409289 ] ] ] } },
{ "type": "Feature", "properties": { "cell_id": 128971, "row": 504, "column": 240, "component": 0, "cell_area_m2": 250000.0, "centroid_x_m": 631306.50159944687, "centroid_y_m": 6446813.9484715285, "latitude": -32.107382627246523, "longitude": -61.608291798986677, "valid": 1, "invalid_reason": null, "climate_pixel_id": "579:1183", "solar_annual_kwh_m2": 1816.5647361490442, "climate_valid_years_1": 3, "climate_valid_years_4": 3, "climate_valid_years_7": 3, "climate_valid_years_10": 2 }, "geometry": { "type": "Polygon", "coordinates": [ [ [ 631556.501599446870387, 6446563.948471529409289 ], [ 631556.501599446870387, 6447063.948471529409289 ], [ 631056.501599446870387, 6447063.948471529409289 ], [ 631056.501599446870387, 6446563.948471529409289 ], [ 631556.501599446870387, 6446563.948471529409289 ] ] ] } },
{ "type": "Feature", "properties": { "cell_id": 128972, "row": 504, "column": 241, "component": 0, "cell_area_m2": 250000.0, "centroid_x_m": 631806.50159944687, "centroid_y_m": 6446813.9484715285, "latitude": -32.107324286128787, "longitude": -61.602993682756598, "valid": 1, "invalid_reason": null, "climate_pixel_id": "579:1183", "solar_annual_kwh_m2": 1816.5647361490442, "climate_valid_years_1": 3, "climate_valid_years_4": 3, "climate_valid_years_7": 3, "climate_valid_years_10": 2 }, "geometry": { "type": "Polygon", "coordinates": [ [ [ 632056.501599446870387, 6446563.948471529409289 ], [ 632056.501599446870387, 6447063.948471529409289 ], [ 631556.501599446870387, 6447063.948471529409289 ], [ 631556.501599446870387, 6446563.948471529409289 ], [ 632056.501599446870387, 6446563.948471529409289 ] ] ] } },
{ "type": "Feature", "properties": { "cell_id": 128973, "row": 504, "column": 242, "component": 0, "cell_area_m2": 250000.0, "centroid_x_m": 632306.50159944687, "centroid_y_m": 6446813.9484715285, "latitude": -32.107265723471805, "longitude": -61.597695581890804, "valid": 1, "invalid_reason": null, "climate_pixel_id": "579:1183", "solar_annual_kwh_m2": 1816.5647361490442, "climate_valid_years_1": 3, "climate_valid_years_4": 3, "climate_valid_years_7": 3, "climate_valid_years_10": 2 }, "geometry": { "type": "Polygon", "coordinates": [ [ [ 632556.501599446870387, 6446563.948471529409289 ], [ 632556.501599446870387, 6447063.948471529409289 ], [ 632056.501599446870387, 6447063.948471529409289 ], [ 632056.501599446870387, 6446563.948471529409289 ], [ 632556.501599446870387, 6446563.948471529409289 ] ] ] } },
{ "type": "Feature", "properties": { "cell_id": 129262, "row": 505, "column": 242, "component": 0, "cell_area_m2": 250000.0, "centroid_x_m": 632306.50159944687, "centroid_y_m": 6447313.9484715285, "latitude": -32.10275624692548, "longitude": -61.597764508431908, "valid": 1, "invalid_reason": null, "climate_pixel_id": "579:1183", "solar_annual_kwh_m2": 1816.5647361490442, "climate_valid_years_1": 3, "climate_valid_years_4": 3, "climate_valid_years_7": 3, "climate_valid_years_10": 2 }, "geometry": { "type": "Polygon", "coordinates": [ [ [ 632556.501599446870387, 6447063.948471529409289 ], [ 632556.501599446870387, 6447563.948471529409289 ], [ 632056.501599446870387, 6447563.948471529409289 ], [ 632056.501599446870387, 6447063.948471529409289 ], [ 632556.501599446870387, 6447063.948471529409289 ] ] ] } },
{ "type": "Feature", "properties": { "cell_id": 133762, "row": 520, "column": 405, "component": 0, "cell_area_m2": 250000.0, "centroid_x_m": 713806.50159944687, "centroid_y_m": 6454813.9484715285, "latitude": -32.022643524551846, "longitude": -60.73613090338651, "valid": 1, "invalid_reason": null, "climate_pixel_id": "580:1192", "solar_annual_kwh_m2": 1805.7881706835924, "climate_valid_years_1": 3, "climate_valid_years_4": 3, "climate_valid_years_7": 3, "climate_valid_years_10": 2 }, "geometry": { "type": "Polygon", "coordinates": [ [ [ 714056.501599446870387, 6454563.948471529409289 ], [ 714056.501599446870387, 6455063.948471529409289 ], [ 713556.501599446870387, 6455063.948471529409289 ], [ 713556.501599446870387, 6454563.948471529409289 ], [ 714056.501599446870387, 6454563.948471529409289 ] ] ] } },
{ "type": "Feature", "properties": { "cell_id": 133763, "row": 520, "column": 406, "component": 0, "cell_area_m2": 250000.0, "centroid_x_m": 714306.50159944687, "centroid_y_m": 6454813.9484715285, "latitude": -32.022548929203587, "longitude": -60.730840254399006, "valid": 1, "invalid_reason": null, "climate_pixel_id": "580:1192", "solar_annual_kwh_m2": 1805.7881706835924, "climate_valid_years_1": 3, "climate_valid_years_4": 3, "climate_valid_years_7": 3, "climate_valid_years_10": 2 }, "geometry": { "type": "Polygon", "coordinates": [ [ [ 714556.501599446870387, 6454563.948471529409289 ], [ 714556.501599446870387, 6455063.948471529409289 ], [ 714056.501599446870387, 6455063.948471529409289 ], [ 714056.501599446870387, 6454563.948471529409289 ], [ 714556.501599446870387, 6454563.948471529409289 ] ] ] } },
{ "type": "Feature", "properties": { "cell_id": 134047, "row": 521, "column": 405, "component": 0, "cell_area_m2": 250000.0, "centroid_x_m": 713806.50159944687, "centroid_y_m": 6455313.9484715285, "latitude": -32.018136164936045, "longitude": -60.736241796043167, "valid": 1, "invalid_reason": null, "climate_pixel_id": "580:1192", "solar_annual_kwh_m2": 1805.7881706835924, "climate_valid_years_1": 3, "climate_valid_years_4": 3, "climate_valid_years_7": 3, "climate_valid_years_10": 2 }, "geometry": { "type": "Polygon", "coordinates": [ [ [ 714056.501599446870387, 6455063.948471529409289 ], [ 714056.501599446870387, 6455563.948471529409289 ], [ 713556.501599446870387, 6455563.948471529409289 ], [ 713556.501599446870387, 6455063.948471529409289 ], [ 714056.501599446870387, 6455063.948471529409289 ] ] ] } },
{ "type": "Feature", "properties": { "cell_id": 134329, "row": 522, "column": 403, "component": 0, "cell_area_m2": 250000.0, "centroid_x_m": 712806.50159944687, "centroid_y_m": 6455813.9484715285, "latitude": -32.013817265495625, "longitude": -60.746933001873266, "valid": 1, "invalid_reason": null, "climate_pixel_id": "580:1192", "solar_annual_kwh_m2": 1805.7881706835924, "climate_valid_years_1": 3, "climate_valid_years_4": 3, "climate_valid_years_7": 3, "climate_valid_years_10": 2 }, "geometry": { "type": "Polygon", "coordinates": [ [ [ 713056.501599446870387, 6455563.948471529409289 ], [ 713056.501599446870387, 6456063.948471529409289 ], [ 712556.501599446870387, 6456063.948471529409289 ], [ 712556.501599446870387, 6455563.948471529409289 ], [ 713056.501599446870387, 6455563.948471529409289 ] ] ] } },
{ "type": "Feature", "properties": { "cell_id": 134330, "row": 522, "column": 404, "component": 0, "cell_area_m2": 250000.0, "centroid_x_m": 713306.50159944687, "centroid_y_m": 6455813.9484715285, "latitude": -32.013723143821082, "longitude": -60.741642820512162, "valid": 1, "invalid_reason": null, "climate_pixel_id": "580:1192", "solar_annual_kwh_m2": 1805.7881706835924, "climate_valid_years_1": 3, "climate_valid_years_4": 3, "climate_valid_years_7": 3, "climate_valid_years_10": 2 }, "geometry": { "type": "Polygon", "coordinates": [ [ [ 713556.501599446870387, 6455563.948471529409289 ], [ 713556.501599446870387, 6456063.948471529409289 ], [ 713056.501599446870387, 6456063.948471529409289 ], [ 713056.501599446870387, 6455563.948471529409289 ], [ 713556.501599446870387, 6455563.948471529409289 ] ] ] } },
{ "type": "Feature", "properties": { "cell_id": 134331, "row": 522, "column": 405, "component": 0, "cell_area_m2": 250000.0, "centroid_x_m": 713806.50159944687, "centroid_y_m": 6455813.9484715285, "latitude": -32.013628801769364, "longitude": -60.736352663894067, "valid": 1, "invalid_reason": null, "climate_pixel_id": "580:1192", "solar_annual_kwh_m2": 1805.7881706835924, "climate_valid_years_1": 3, "climate_valid_years_4": 3, "climate_valid_years_7": 3, "climate_valid_years_10": 2 }, "geometry": { "type": "Polygon", "coordinates": [ [ [ 714056.501599446870387, 6455563.948471529409289 ], [ 714056.501599446870387, 6456063.948471529409289 ], [ 713556.501599446870387, 6456063.948471529409289 ], [ 713556.501599446870387, 6455563.948471529409289 ], [ 714056.501599446870387, 6455563.948471529409289 ] ] ] } },
{ "type": "Feature", "properties": { "cell_id": 134613, "row": 523, "column": 404, "component": 0, "cell_area_m2": 250000.0, "centroid_x_m": 713306.50159944687, "centroid_y_m": 6456313.9484715285, "latitude": -32.009215760683105, "longitude": -60.741753405058851, "valid": 1, "invalid_reason": null, "climate_pixel_id": "580:1192", "solar_annual_kwh_m2": 1805.7881706835924, "climate_valid_years_1": 3, "climate_valid_years_4": 3, "climate_valid_years_7": 3, "climate_valid_years_10": 2 }, "geometry": { "type": "Polygon", "coordinates": [ [ [ 713556.501599446870387, 6456063.948471529409289 ], [ 713556.501599446870387, 6456563.948471529409289 ], [ 713056.501599446870387, 6456563.948471529409289 ], [ 713056.501599446870387, 6456063.948471529409289 ], [ 713556.501599446870387, 6456063.948471529409289 ] ] ] } },
{ "type": "Feature", "properties": { "cell_id": 134614, "row": 523, "column": 405, "component": 0, "cell_area_m2": 250000.0, "centroid_x_m": 713806.50159944687, "centroid_y_m": 6456313.9484715285, "latitude": -32.009121435052165, "longitude": -60.73646350694419, "valid": 1, "invalid_reason": null, "climate_pixel_id": "580:1192", "solar_annual_kwh_m2": 1805.7881706835924, "climate_valid_years_1": 3, "climate_valid_years_4": 3, "climate_valid_years_7": 3, "climate_valid_years_10": 2 }, "geometry": { "type": "Polygon", "coordinates": [ [ [ 714056.501599446870387, 6456063.948471529409289 ], [ 714056.501599446870387, 6456563.948471529409289 ], [ 713556.501599446870387, 6456563.948471529409289 ], [ 713556.501599446870387, 6456063.948471529409289 ], [ 714056.501599446870387, 6456063.948471529409289 ] ] ] } },
{ "type": "Feature", "properties": { "cell_id": 134615, "row": 523, "column": 406, "component": 0, "cell_area_m2": 250000.0, "centroid_x_m": 714306.50159944687, "centroid_y_m": 6456313.9484715285, "latitude": -32.009026889085931, "longitude": -60.731173633625303, "valid": 1, "invalid_reason": null, "climate_pixel_id": "580:1192", "solar_annual_kwh_m2": 1805.7881706835924, "climate_valid_years_1": 3, "climate_valid_years_4": 3, "climate_valid_years_7": 3, "climate_valid_years_10": 2 }, "geometry": { "type": "Polygon", "coordinates": [ [ [ 714556.501599446870387, 6456063.948471529409289 ], [ 714556.501599446870387, 6456563.948471529409289 ], [ 714056.501599446870387, 6456563.948471529409289 ], [ 714056.501599446870387, 6456063.948471529409289 ], [ 714556.501599446870387, 6456063.948471529409289 ] ] ] } },
{ "type": "Feature", "properties": { "cell_id": 159686, "row": 606, "column": 424, "component": 0, "cell_area_m2": 250000.0, "centroid_x_m": 723306.50159944687, "centroid_y_m": 6497813.9484715285, "latitude": -31.63319000110781, "longitude": -60.645478004208776, "valid": 1, "invalid_reason": null, "climate_pixel_id": "584:1193", "solar_annual_kwh_m2": 1804.1850066346078, "climate_valid_years_1": 3, "climate_valid_years_4": 3, "climate_valid_years_7": 3, "climate_valid_years_10": 2 }, "geometry": { "type": "Polygon", "coordinates": [ [ [ 723556.501599446870387, 6497563.948471529409289 ], [ 723556.501599446870387, 6498063.948471529409289 ], [ 723056.501599446870387, 6498063.948471529409289 ], [ 723056.501599446870387, 6497563.948471529409289 ], [ 723556.501599446870387, 6497563.948471529409289 ] ] ] } },
{ "type": "Feature", "properties": { "cell_id": 159687, "row": 606, "column": 425, "component": 0, "cell_area_m2": 250000.0, "centroid_x_m": 723806.50159944687, "centroid_y_m": 6497813.9484715285, "latitude": -31.633092690293132, "longitude": -60.640209860198219, "valid": 1, "invalid_reason": null, "climate_pixel_id": "584:1193", "solar_annual_kwh_m2": 1804.1850066346078, "climate_valid_years_1": 3, "climate_valid_years_4": 3, "climate_valid_years_7": 3, "climate_valid_years_10": 2 }, "geometry": { "type": "Polygon", "coordinates": [ [ [ 724056.501599446870387, 6497563.948471529409289 ], [ 724056.501599446870387, 6498063.948471529409289 ], [ 723556.501599446870387, 6498063.948471529409289 ], [ 723556.501599446870387, 6497563.948471529409289 ], [ 724056.501599446870387, 6497563.948471529409289 ] ] ] } },
{ "type": "Feature", "properties": { "cell_id": 159688, "row": 606, "column": 426, "component": 0, "cell_area_m2": 250000.0, "centroid_x_m": 724306.50159944687, "centroid_y_m": 6497813.9484715285, "latitude": -31.632995162382947, "longitude": -60.634941741710584, "valid": 1, "invalid_reason": null, "climate_pixel_id": "584:1193", "solar_annual_kwh_m2": 1804.1850066346078, "climate_valid_years_1": 3, "climate_valid_years_4": 3, "climate_valid_years_7": 3, "climate_valid_years_10": 2 }, "geometry": { "type": "Polygon", "coordinates": [ [ [ 724556.501599446870387, 6497563.948471529409289 ], [ 724556.501599446870387, 6498063.948471529409289 ], [ 724056.501599446870387, 6498063.948471529409289 ], [ 724056.501599446870387, 6497563.948471529409289 ], [ 724556.501599446870387, 6497563.948471529409289 ] ] ] } },
{ "type": "Feature", "properties": { "cell_id": 160032, "row": 607, "column": 424, "component": 0, "cell_area_m2": 250000.0, "centroid_x_m": 723306.50159944687, "centroid_y_m": 6498313.9484715285, "latitude": -31.628682654085996, "longitude": -60.645591600872883, "valid": 1, "invalid_reason": null, "climate_pixel_id": "584:1193", "solar_annual_kwh_m2": 1804.1850066346078, "climate_valid_years_1": 3, "climate_valid_years_4": 3, "climate_valid_years_7": 3, "climate_valid_years_10": 2 }, "geometry": { "type": "Polygon", "coordinates": [ [ [ 723556.501599446870387, 6498063.948471529409289 ], [ 723556.501599446870387, 6498563.948471529409289 ], [ 723056.501599446870387, 6498563.948471529409289 ], [ 723056.501599446870387, 6498063.948471529409289 ], [ 723556.501599446870387, 6498063.948471529409289 ] ] ] } },
{ "type": "Feature", "properties": { "cell_id": 160033, "row": 607, "column": 425, "component": 0, "cell_area_m2": 250000.0, "centroid_x_m": 723806.50159944687, "centroid_y_m": 6498313.9484715285, "latitude": -31.628585360321733, "longitude": -60.640323710455661, "valid": 1, "invalid_reason": null, "climate_pixel_id": "584:1193", "solar_annual_kwh_m2": 1804.1850066346078, "climate_valid_years_1": 3, "climate_valid_years_4": 3, "climate_valid_years_7": 3, "climate_valid_years_10": 2 }, "geometry": { "type": "Polygon", "coordinates": [ [ [ 724056.501599446870387, 6498063.948471529409289 ], [ 724056.501599446870387, 6498563.948471529409289 ], [ 723556.501599446870387, 6498563.948471529409289 ], [ 723556.501599446870387, 6498063.948471529409289 ], [ 724056.501599446870387, 6498063.948471529409289 ] ] ] } },
{ "type": "Feature", "properties": { "cell_id": 160034, "row": 607, "column": 426, "component": 0, "cell_area_m2": 250000.0, "centroid_x_m": 724306.50159944687, "centroid_y_m": 6498313.9484715285, "latitude": -31.628487849499976, "longitude": -60.635055845556288, "valid": 1, "invalid_reason": null, "climate_pixel_id": "584:1193", "solar_annual_kwh_m2": 1804.1850066346078, "climate_valid_years_1": 3, "climate_valid_years_4": 3, "climate_valid_years_7": 3, "climate_valid_years_10": 2 }, "geometry": { "type": "Polygon", "coordinates": [ [ [ 724556.501599446870387, 6498063.948471529409289 ], [ 724556.501599446870387, 6498563.948471529409289 ], [ 724056.501599446870387, 6498563.948471529409289 ], [ 724056.501599446870387, 6498063.948471529409289 ], [ 724556.501599446870387, 6498063.948471529409289 ] ] ] } },
{ "type": "Feature", "properties": { "cell_id": 160379, "row": 608, "column": 424, "component": 0, "cell_area_m2": 250000.0, "centroid_x_m": 723306.50159944687, "centroid_y_m": 6498813.9484715285, "latitude": -31.624175303512502, "longitude": -60.645705172075893, "valid": 1, "invalid_reason": null, "climate_pixel_id": "584:1193", "solar_annual_kwh_m2": 1804.1850066346078, "climate_valid_years_1": 3, "climate_valid_years_4": 3, "climate_valid_years_7": 3, "climate_valid_years_10": 2 }, "geometry": { "type": "Polygon", "coordinates": [ [ [ 723556.501599446870387, 6498563.948471529409289 ], [ 723556.501599446870387, 6499063.948471529409289 ], [ 723056.501599446870387, 6499063.948471529409289 ], [ 723056.501599446870387, 6498563.948471529409289 ], [ 723556.501599446870387, 6498563.948471529409289 ] ] ] } },
{ "type": "Feature", "properties": { "cell_id": 160381, "row": 608, "column": 426, "component": 0, "cell_area_m2": 250000.0, "centroid_x_m": 724306.50159944687, "centroid_y_m": 6498813.9484715285, "latitude": -31.62398053306211, "longitude": -60.635169923827384, "valid": 1, "invalid_reason": null, "climate_pixel_id": "584:1193", "solar_annual_kwh_m2": 1804.1850066346078, "climate_valid_years_1": 3, "climate_valid_years_4": 3, "climate_valid_years_7": 3, "climate_valid_years_10": 2 }, "geometry": { "type": "Polygon", "coordinates": [ [ [ 724556.501599446870387, 6498563.948471529409289 ], [ 724556.501599446870387, 6499063.948471529409289 ], [ 724056.501599446870387, 6499063.948471529409289 ], [ 724056.501599446870387, 6498563.948471529409289 ], [ 724556.501599446870387, 6498563.948471529409289 ] ] ] } },
{ "type": "Feature", "properties": { "cell_id": 160727, "row": 609, "column": 426, "component": 0, "cell_area_m2": 250000.0, "centroid_x_m": 724306.50159944687, "centroid_y_m": 6499313.9484715285, "latitude": -31.619473213069696, "longitude": -60.635283976528953, "valid": 1, "invalid_reason": null, "climate_pixel_id": "584:1193", "solar_annual_kwh_m2": 1804.1850066346078, "climate_valid_years_1": 3, "climate_valid_years_4": 3, "climate_valid_years_7": 3, "climate_valid_years_10": 2 }, "geometry": { "type": "Polygon", "coordinates": [ [ [ 724556.501599446870387, 6499063.948471529409289 ], [ 724556.501599446870387, 6499563.948471529409289 ], [ 724056.501599446870387, 6499563.948471529409289 ], [ 724056.501599446870387, 6499063.948471529409289 ], [ 724556.501599446870387, 6499063.948471529409289 ] ] ] } },
{ "type": "Feature", "properties": { "cell_id": 161073, "row": 610, "column": 426, "component": 0, "cell_area_m2": 250000.0, "centroid_x_m": 724306.50159944687, "centroid_y_m": 6499813.9484715285, "latitude": -31.614965889523106, "longitude": -60.63539800366609, "valid": 1, "invalid_reason": null, "climate_pixel_id": "584:1193", "solar_annual_kwh_m2": 1804.1850066346078, "climate_valid_years_1": 3, "climate_valid_years_4": 3, "climate_valid_years_7": 3, "climate_valid_years_10": 2 }, "geometry": { "type": "Polygon", "coordinates": [ [ [ 724556.501599446870387, 6499563.948471529409289 ], [ 724556.501599446870387, 6500063.948471529409289 ], [ 724056.501599446870387, 6500063.948471529409289 ], [ 724056.501599446870387, 6499563.948471529409289 ], [ 724556.501599446870387, 6499563.948471529409289 ] ] ] } },
{ "type": "Feature", "properties": { "cell_id": 161899, "row": 613, "column": 216, "component": 0, "cell_area_m2": 250000.0, "centroid_x_m": 619306.50159944687, "centroid_y_m": 6501313.9484715285, "latitude": -31.617136410930023, "longitude": -61.742145237169034, "valid": 1, "invalid_reason": null, "climate_pixel_id": "584:1182", "solar_annual_kwh_m2": 1818.6193584978596, "climate_valid_years_1": 3, "climate_valid_years_4": 3, "climate_valid_years_7": 3, "climate_valid_years_10": 2 }, "geometry": { "type": "Polygon", "coordinates": [ [ [ 619556.501599446870387, 6501063.948471529409289 ], [ 619556.501599446870387, 6501563.948471529409289 ], [ 619056.501599446870387, 6501563.948471529409289 ], [ 619056.501599446870387, 6501063.948471529409289 ], [ 619556.501599446870387, 6501063.948471529409289 ] ] ] } },
{ "type": "Feature", "properties": { "cell_id": 162241, "row": 614, "column": 215, "component": 0, "cell_area_m2": 250000.0, "centroid_x_m": 618806.50159944687, "centroid_y_m": 6501813.9484715285, "latitude": -31.612678118932209, "longitude": -61.747476094489755, "valid": 1, "invalid_reason": null, "climate_pixel_id": "584:1182", "solar_annual_kwh_m2": 1818.6193584978596, "climate_valid_years_1": 3, "climate_valid_years_4": 3, "climate_valid_years_7": 3, "climate_valid_years_10": 2 }, "geometry": { "type": "Polygon", "coordinates": [ [ [ 619056.501599446870387, 6501563.948471529409289 ], [ 619056.501599446870387, 6502063.948471529409289 ], [ 618556.501599446870387, 6502063.948471529409289 ], [ 618556.501599446870387, 6501563.948471529409289 ], [ 619056.501599446870387, 6501563.948471529409289 ] ] ] } },
{ "type": "Feature", "properties": { "cell_id": 162242, "row": 614, "column": 216, "component": 0, "cell_area_m2": 250000.0, "centroid_x_m": 619306.50159944687, "centroid_y_m": 6501813.9484715285, "latitude": -31.612626321583406, "longitude": -61.742205897886251, "valid": 1, "invalid_reason": null, "climate_pixel_id": "584:1182", "solar_annual_kwh_m2": 1818.6193584978596, "climate_valid_years_1": 3, "climate_valid_years_4": 3, "climate_valid_years_7": 3, "climate_valid_years_10": 2 }, "geometry": { "type": "Polygon", "coordinates": [ [ [ 619556.501599446870387, 6501563.948471529409289 ], [ 619556.501599446870387, 6502063.948471529409289 ], [ 619056.501599446870387, 6502063.948471529409289 ], [ 619056.501599446870387, 6501563.948471529409289 ], [ 619556.501599446870387, 6501563.948471529409289 ] ] ] } },
{ "type": "Feature", "properties": { "cell_id": 162581, "row": 615, "column": 212, "component": 0, "cell_area_m2": 250000.0, "centroid_x_m": 617306.50159944687, "centroid_y_m": 6502313.9484715285, "latitude": -31.608322077947285, "longitude": -61.76334639665626, "valid": 1, "invalid_reason": null, "climate_pixel_id": "584:1181", "solar_annual_kwh_m2": 1819.1811359560434, "climate_valid_years_1": 3, "climate_valid_years_4": 3, "climate_valid_years_7": 3, "climate_valid_years_10": 2 }, "geometry": { "type": "Polygon", "coordinates": [ [ [ 617556.501599446870387, 6502063.948471529409289 ], [ 617556.501599446870387, 6502563.948471529409289 ], [ 617056.501599446870387, 6502563.948471529409289 ], [ 617056.501599446870387, 6502063.948471529409289 ], [ 617556.501599446870387, 6502063.948471529409289 ] ] ] } },
{ "type": "Feature", "properties": { "cell_id": 162582, "row": 615, "column": 213, "component": 0, "cell_area_m2": 250000.0, "centroid_x_m": 617806.50159944687, "centroid_y_m": 6502313.9484715285, "latitude": -31.608270941711666, "longitude": -61.758076413536436, "valid": 1, "invalid_reason": null, "climate_pixel_id": "584:1181", "solar_annual_kwh_m2": 1819.1811359560434, "climate_valid_years_1": 3, "climate_valid_years_4": 3, "climate_valid_years_7": 3, "climate_valid_years_10": 2 }, "geometry": { "type": "Polygon", "coordinates": [ [ [ 618056.501599446870387, 6502063.948471529409289 ], [ 618056.501599446870387, 6502563.948471529409289 ], [ 617556.501599446870387, 6502563.948471529409289 ], [ 617556.501599446870387, 6502063.948471529409289 ], [ 618056.501599446870387, 6502063.948471529409289 ] ] ] } },
{ "type": "Feature", "properties": { "cell_id": 162583, "row": 615, "column": 214, "component": 0, "cell_area_m2": 250000.0, "centroid_x_m": 618306.50159944687, "centroid_y_m": 6502313.9484715285, "latitude": -31.608219588131256, "longitude": -61.752806443848776, "valid": 1, "invalid_reason": null, "climate_pixel_id": "584:1181", "solar_annual_kwh_m2": 1819.1811359560434, "climate_valid_years_1": 3, "climate_valid_years_4": 3, "climate_valid_years_7": 3, "climate_valid_years_10": 2 }, "geometry": { "type": "Polygon", "coordinates": [ [ [ 618556.501599446870387, 6502063.948471529409289 ], [ 618556.501599446870387, 6502563.948471529409289 ], [ 618056.501599446870387, 6502563.948471529409289 ], [ 618056.501599446870387, 6502063.948471529409289 ], [ 618556.501599446870387, 6502063.948471529409289 ] ] ] } },
{ "type": "Feature", "properties": { "cell_id": 162584, "row": 615, "column": 215, "component": 0, "cell_area_m2": 250000.0, "centroid_x_m": 618806.50159944687, "centroid_y_m": 6502313.9484715285, "latitude": -31.608168017207991, "longitude": -61.747536487650244, "valid": 1, "invalid_reason": null, "climate_pixel_id": "584:1182", "solar_annual_kwh_m2": 1818.6193584978596, "climate_valid_years_1": 3, "climate_valid_years_4": 3, "climate_valid_years_7": 3, "climate_valid_years_10": 2 }, "geometry": { "type": "Polygon", "coordinates": [ [ [ 619056.501599446870387, 6502063.948471529409289 ], [ 619056.501599446870387, 6502563.948471529409289 ], [ 618556.501599446870387, 6502563.948471529409289 ], [ 618556.501599446870387, 6502063.948471529409289 ], [ 619056.501599446870387, 6502063.948471529409289 ] ] ] } },
{ "type": "Feature", "properties": { "cell_id": 162585, "row": 615, "column": 216, "component": 0, "cell_area_m2": 250000.0, "centroid_x_m": 619306.50159944687, "centroid_y_m": 6502313.9484715285, "latitude": -31.608116228943768, "longitude": -61.742266544997783, "valid": 1, "invalid_reason": null, "climate_pixel_id": "584:1182", "solar_annual_kwh_m2": 1818.6193584978596, "climate_valid_years_1": 3, "climate_valid_years_4": 3, "climate_valid_years_7": 3, "climate_valid_years_10": 2 }, "geometry": { "type": "Polygon", "coordinates": [ [ [ 619556.501599446870387, 6502063.948471529409289 ], [ 619556.501599446870387, 6502563.948471529409289 ], [ 619056.501599446870387, 6502563.948471529409289 ], [ 619056.501599446870387, 6502063.948471529409289 ], [ 619556.501599446870387, 6502063.948471529409289 ] ] ] } },
{ "type": "Feature", "properties": { "cell_id": 162586, "row": 615, "column": 217, "component": 0, "cell_area_m2": 250000.0, "centroid_x_m": 619806.50159944687, "centroid_y_m": 6502313.9484715285, "latitude": -31.60806422334057, "longitude": -61.7369966159483, "valid": 1, "invalid_reason": null, "climate_pixel_id": "584:1182", "solar_annual_kwh_m2": 1818.6193584978596, "climate_valid_years_1": 3, "climate_valid_years_4": 3, "climate_valid_years_7": 3, "climate_valid_years_10": 2 }, "geometry": { "type": "Polygon", "coordinates": [ [ [ 620056.501599446870387, 6502063.948471529409289 ], [ 620056.501599446870387, 6502563.948471529409289 ], [ 619556.501599446870387, 6502563.948471529409289 ], [ 619556.501599446870387, 6502063.948471529409289 ], [ 620056.501599446870387, 6502063.948471529409289 ] ] ] } },
{ "type": "Feature", "properties": { "cell_id": 162926, "row": 616, "column": 215, "component": 0, "cell_area_m2": 250000.0, "centroid_x_m": 618806.50159944687, "centroid_y_m": 6502813.9484715285, "latitude": -31.603657912191874, "longitude": -61.747596867264683, "valid": 1, "invalid_reason": null, "climate_pixel_id": "584:1182", "solar_annual_kwh_m2": 1818.6193584978596, "climate_valid_years_1": 3, "climate_valid_years_4": 3, "climate_valid_years_7": 3, "climate_valid_years_10": 2 }, "geometry": { "type": "Polygon", "coordinates": [ [ [ 619056.501599446870387, 6502563.948471529409289 ], [ 619056.501599446870387, 6503063.948471529409289 ], [ 618556.501599446870387, 6503063.948471529409289 ], [ 618556.501599446870387, 6502563.948471529409289 ], [ 619056.501599446870387, 6502563.948471529409289 ] ] ] } },
{ "type": "Feature", "properties": { "cell_id": 167873, "row": 630, "column": 346, "component": 0, "cell_area_m2": 250000.0, "centroid_x_m": 684306.50159944687, "centroid_y_m": 6509813.9484715285, "latitude": -31.531904702910442, "longitude": -61.058712650893661, "valid": 1, "invalid_reason": null, "climate_pixel_id": "585:1188", "solar_annual_kwh_m2": 1814.3347308033156, "climate_valid_years_1": 3, "climate_valid_years_4": 3, "climate_valid_years_7": 3, "climate_valid_years_10": 2 }, "geometry": { "type": "Polygon", "coordinates": [ [ [ 684556.501599446870387, 6509563.948471529409289 ], [ 684556.501599446870387, 6510063.948471529409289 ], [ 684056.501599446870387, 6510063.948471529409289 ], [ 684056.501599446870387, 6509563.948471529409289 ], [ 684556.501599446870387, 6509563.948471529409289 ] ] ] } },
{ "type": "Feature", "properties": { "cell_id": 167874, "row": 630, "column": 347, "component": 0, "cell_area_m2": 250000.0, "centroid_x_m": 684806.50159944687, "centroid_y_m": 6509813.9484715285, "latitude": -31.531824673799456, "longitude": -61.053448770361527, "valid": 1, "invalid_reason": null, "climate_pixel_id": "585:1188", "solar_annual_kwh_m2": 1814.3347308033156, "climate_valid_years_1": 3, "climate_valid_years_4": 3, "climate_valid_years_7": 3, "climate_valid_years_10": 2 }, "geometry": { "type": "Polygon", "coordinates": [ [ [ 685056.501599446870387, 6509563.948471529409289 ], [ 685056.501599446870387, 6510063.948471529409289 ], [ 684556.501599446870387, 6510063.948471529409289 ], [ 684556.501599446870387, 6509563.948471529409289 ], [ 685056.501599446870387, 6509563.948471529409289 ] ] ] } },
{ "type": "Feature", "properties": { "cell_id": 168230, "row": 631, "column": 346, "component": 0, "cell_area_m2": 250000.0, "centroid_x_m": 684306.50159944687, "centroid_y_m": 6510313.9484715285, "latitude": -31.527396060707407, "longitude": -61.058805949008459, "valid": 1, "invalid_reason": null, "climate_pixel_id": "585:1188", "solar_annual_kwh_m2": 1814.3347308033156, "climate_valid_years_1": 3, "climate_valid_years_4": 3, "climate_valid_years_7": 3, "climate_valid_years_10": 2 }, "geometry": { "type": "Polygon", "coordinates": [ [ [ 684556.501599446870387, 6510063.948471529409289 ], [ 684556.501599446870387, 6510563.948471529409289 ], [ 684056.501599446870387, 6510563.948471529409289 ], [ 684056.501599446870387, 6510063.948471529409289 ], [ 684556.501599446870387, 6510063.948471529409289 ] ] ] } },
{ "type": "Feature", "properties": { "cell_id": 168231, "row": 631, "column": 347, "component": 0, "cell_area_m2": 250000.0, "centroid_x_m": 684806.50159944687, "centroid_y_m": 6510313.9484715285, "latitude": -31.52731604564822, "longitude": -61.053542321069123, "valid": 1, "invalid_reason": null, "climate_pixel_id": "585:1188", "solar_annual_kwh_m2": 1814.3347308033156, "climate_valid_years_1": 3, "climate_valid_years_4": 3, "climate_valid_years_7": 3, "climate_valid_years_10": 2 }, "geometry": { "type": "Polygon", "coordinates": [ [ [ 685056.501599446870387, 6510063.948471529409289 ], [ 685056.501599446870387, 6510563.948471529409289 ], [ 684556.501599446870387, 6510563.948471529409289 ], [ 684556.501599446870387, 6510063.948471529409289 ], [ 685056.501599446870387, 6510063.948471529409289 ] ] ] } },
{ "type": "Feature", "properties": { "cell_id": 168232, "row": 631, "column": 348, "component": 0, "cell_area_m2": 250000.0, "centroid_x_m": 685306.50159944687, "centroid_y_m": 6510313.9484715285, "latitude": -31.527235814183545, "longitude": -61.048278714115504, "valid": 1, "invalid_reason": null, "climate_pixel_id": "585:1189", "solar_annual_kwh_m2": 1812.7845587429808, "climate_valid_years_1": 3, "climate_valid_years_4": 3, "climate_valid_years_7": 3, "climate_valid_years_10": 2 }, "geometry": { "type": "Polygon", "coordinates": [ [ [ 685556.501599446870387, 6510063.948471529409289 ], [ 685556.501599446870387, 6510563.948471529409289 ], [ 685056.501599446870387, 6510563.948471529409289 ], [ 685056.501599446870387, 6510063.948471529409289 ], [ 685556.501599446870387, 6510063.948471529409289 ] ] ] } },
{ "type": "Feature", "properties": { "cell_id": 168233, "row": 631, "column": 349, "component": 0, "cell_area_m2": 250000.0, "centroid_x_m": 685806.50159944687, "centroid_y_m": 6510313.9484715285, "latitude": -31.527155366316386, "longitude": -61.04301512820421, "valid": 1, "invalid_reason": null, "climate_pixel_id": "585:1189", "solar_annual_kwh_m2": 1812.7845587429808, "climate_valid_years_1": 3, "climate_valid_years_4": 3, "climate_valid_years_7": 3, "climate_valid_years_10": 2 }, "geometry": { "type": "Polygon", "coordinates": [ [ [ 686056.501599446870387, 6510063.948471529409289 ], [ 686056.501599446870387, 6510563.948471529409289 ], [ 685556.501599446870387, 6510563.948471529409289 ], [ 685556.501599446870387, 6510063.948471529409289 ], [ 686056.501599446870387, 6510063.948471529409289 ] ] ] } },
{ "type": "Feature", "properties": { "cell_id": 168588, "row": 632, "column": 347, "component": 0, "cell_area_m2": 250000.0, "centroid_x_m": 684806.50159944687, "centroid_y_m": 6510813.9484715285, "latitude": -31.522807414066062, "longitude": -61.053635850791004, "valid": 1, "invalid_reason": null, "climate_pixel_id": "585:1188", "solar_annual_kwh_m2": 1814.3347308033156, "climate_valid_years_1": 3, "climate_valid_years_4": 3, "climate_valid_years_7": 3, "climate_valid_years_10": 2 }, "geometry": { "type": "Polygon", "coordinates": [ [ [ 685056.501599446870387, 6510563.948471529409289 ], [ 685056.501599446870387, 6511063.948471529409289 ], [ 684556.501599446870387, 6511063.948471529409289 ], [ 684556.501599446870387, 6510563.948471529409289 ], [ 685056.501599446870387, 6510563.948471529409289 ] ] ] } },
{ "type": "Feature", "properties": { "cell_id": 168589, "row": 632, "column": 348, "component": 0, "cell_area_m2": 250000.0, "centroid_x_m": 685306.50159944687, "centroid_y_m": 6510813.9484715285, "latitude": -31.522727196689839, "longitude": -61.048372496369403, "valid": 1, "invalid_reason": null, "climate_pixel_id": "585:1189", "solar_annual_kwh_m2": 1812.7845587429808, "climate_valid_years_1": 3, "climate_valid_years_4": 3, "climate_valid_years_7": 3, "climate_valid_years_10": 2 }, "geometry": { "type": "Polygon", "coordinates": [ [ [ 685556.501599446870387, 6510563.948471529409289 ], [ 685556.501599446870387, 6511063.948471529409289 ], [ 685056.501599446870387, 6511063.948471529409289 ], [ 685056.501599446870387, 6510563.948471529409289 ], [ 685556.501599446870387, 6510563.948471529409289 ] ] ] } },
{ "type": "Feature", "properties": { "cell_id": 215251, "row": 754, "column": 509, "component": 0, "cell_area_m2": 250000.0, "centroid_x_m": 765806.50159944687, "centroid_y_m": 6571813.9484715285, "latitude": -30.957251077135052, "longitude": -60.217455920174132, "valid": 1, "invalid_reason": null, "climate_pixel_id": "590:1197", "solar_annual_kwh_m2": 1808.2747630753684, "climate_valid_years_1": 3, "climate_valid_years_4": 3, "climate_valid_years_7": 3, "climate_valid_years_10": 2 }, "geometry": { "type": "Polygon", "coordinates": [ [ [ 766056.501599446870387, 6571563.948471529409289 ], [ 766056.501599446870387, 6572063.948471529409289 ], [ 765556.501599446870387, 6572063.948471529409289 ], [ 765556.501599446870387, 6571563.948471529409289 ], [ 766056.501599446870387, 6571563.948471529409289 ] ] ] } },
{ "type": "Feature", "properties": { "cell_id": 215252, "row": 754, "column": 510, "component": 0, "cell_area_m2": 250000.0, "centroid_x_m": 766306.50159944687, "centroid_y_m": 6571813.9484715285, "latitude": -30.95713830762287, "longitude": -60.212227000255474, "valid": 1, "invalid_reason": null, "climate_pixel_id": "590:1197", "solar_annual_kwh_m2": 1808.2747630753684, "climate_valid_years_1": 3, "climate_valid_years_4": 3, "climate_valid_years_7": 3, "climate_valid_years_10": 2 }, "geometry": { "type": "Polygon", "coordinates": [ [ [ 766556.501599446870387, 6571563.948471529409289 ], [ 766556.501599446870387, 6572063.948471529409289 ], [ 766056.501599446870387, 6572063.948471529409289 ], [ 766056.501599446870387, 6571563.948471529409289 ], [ 766556.501599446870387, 6571563.948471529409289 ] ] ] } },
{ "type": "Feature", "properties": { "cell_id": 215253, "row": 754, "column": 511, "component": 0, "cell_area_m2": 250000.0, "centroid_x_m": 766806.50159944687, "centroid_y_m": 6571813.9484715285, "latitude": -30.957025326929717, "longitude": -60.206998109807131, "valid": 1, "invalid_reason": null, "climate_pixel_id": "590:1197", "solar_annual_kwh_m2": 1808.2747630753684, "climate_valid_years_1": 3, "climate_valid_years_4": 3, "climate_valid_years_7": 3, "climate_valid_years_10": 2 }, "geometry": { "type": "Polygon", "coordinates": [ [ [ 767056.501599446870387, 6571563.948471529409289 ], [ 767056.501599446870387, 6572063.948471529409289 ], [ 766556.501599446870387, 6572063.948471529409289 ], [ 766556.501599446870387, 6571563.948471529409289 ], [ 767056.501599446870387, 6571563.948471529409289 ] ] ] } },
{ "type": "Feature", "properties": { "cell_id": 215653, "row": 755, "column": 509, "component": 0, "cell_area_m2": 250000.0, "centroid_x_m": 765806.50159944687, "centroid_y_m": 6572313.9484715285, "latitude": -30.952744771485943, "longitude": -60.217586636172157, "valid": 1, "invalid_reason": null, "climate_pixel_id": "590:1197", "solar_annual_kwh_m2": 1808.2747630753684, "climate_valid_years_1": 3, "climate_valid_years_4": 3, "climate_valid_years_7": 3, "climate_valid_years_10": 2 }, "geometry": { "type": "Polygon", "coordinates": [ [ [ 766056.501599446870387, 6572063.948471529409289 ], [ 766056.501599446870387, 6572563.948471529409289 ], [ 765556.501599446870387, 6572563.948471529409289 ], [ 765556.501599446870387, 6572063.948471529409289 ], [ 766056.501599446870387, 6572063.948471529409289 ] ] ] } },
{ "type": "Feature", "properties": { "cell_id": 216056, "row": 756, "column": 509, "component": 0, "cell_area_m2": 250000.0, "centroid_x_m": 765806.50159944687, "centroid_y_m": 6572813.9484715285, "latitude": -30.94823846219392, "longitude": -60.217717322760592, "valid": 1, "invalid_reason": null, "climate_pixel_id": "591:1197", "solar_annual_kwh_m2": 1809.79193573865, "climate_valid_years_1": 3, "climate_valid_years_4": 3, "climate_valid_years_7": 3, "climate_valid_years_10": 2 }, "geometry": { "type": "Polygon", "coordinates": [ [ [ 766056.501599446870387, 6572563.948471529409289 ], [ 766056.501599446870387, 6573063.948471529409289 ], [ 765556.501599446870387, 6573063.948471529409289 ], [ 765556.501599446870387, 6572563.948471529409289 ], [ 766056.501599446870387, 6572563.948471529409289 ] ] ] } },
{ "type": "Feature", "properties": { "cell_id": 216057, "row": 756, "column": 510, "component": 0, "cell_area_m2": 250000.0, "centroid_x_m": 766306.50159944687, "centroid_y_m": 6572813.9484715285, "latitude": -30.948125732680488, "longitude": -60.212488892516376, "valid": 1, "invalid_reason": null, "climate_pixel_id": "591:1197", "solar_annual_kwh_m2": 1809.79193573865, "climate_valid_years_1": 3, "climate_valid_years_4": 3, "climate_valid_years_7": 3, "climate_valid_years_10": 2 }, "geometry": { "type": "Polygon", "coordinates": [ [ [ 766556.501599446870387, 6572563.948471529409289 ], [ 766556.501599446870387, 6573063.948471529409289 ], [ 766056.501599446870387, 6573063.948471529409289 ], [ 766056.501599446870387, 6572563.948471529409289 ], [ 766556.501599446870387, 6572563.948471529409289 ] ] ] } },
{ "type": "Feature", "properties": { "cell_id": 216058, "row": 756, "column": 511, "component": 0, "cell_area_m2": 250000.0, "centroid_x_m": 766806.50159944687, "centroid_y_m": 6572813.9484715285, "latitude": -30.948012792060915, "longitude": -60.207260491730992, "valid": 1, "invalid_reason": null, "climate_pixel_id": "591:1197", "solar_annual_kwh_m2": 1809.79193573865, "climate_valid_years_1": 3, "climate_valid_years_4": 3, "climate_valid_years_7": 3, "climate_valid_years_10": 2 }, "geometry": { "type": "Polygon", "coordinates": [ [ [ 767056.501599446870387, 6572563.948471529409289 ], [ 767056.501599446870387, 6573063.948471529409289 ], [ 766556.501599446870387, 6573063.948471529409289 ], [ 766556.501599446870387, 6572563.948471529409289 ], [ 767056.501599446870387, 6572563.948471529409289 ] ] ] } },
{ "type": "Feature", "properties": { "cell_id": 216319, "row": 757, "column": 369, "component": 0, "cell_area_m2": 250000.0, "centroid_x_m": 695806.50159944687, "centroid_y_m": 6573313.9484715285, "latitude": -30.957426403486078, "longitude": -60.950058944416654, "valid": 1, "invalid_reason": null, "climate_pixel_id": "590:1189", "solar_annual_kwh_m2": 1811.308918702061, "climate_valid_years_1": 3, "climate_valid_years_4": 3, "climate_valid_years_7": 3, "climate_valid_years_10": 2 }, "geometry": { "type": "Polygon", "coordinates": [ [ [ 696056.501599446870387, 6573063.948471529409289 ], [ 696056.501599446870387, 6573563.948471529409289 ], [ 695556.501599446870387, 6573563.948471529409289 ], [ 695556.501599446870387, 6573063.948471529409289 ], [ 696056.501599446870387, 6573063.948471529409289 ] ] ] } },
{ "type": "Feature", "properties": { "cell_id": 216320, "row": 757, "column": 370, "component": 0, "cell_area_m2": 250000.0, "centroid_x_m": 696306.50159944687, "centroid_y_m": 6573313.9484715285, "latitude": -30.957343281353722, "longitude": -60.944827178775192, "valid": 1, "invalid_reason": null, "climate_pixel_id": "590:1190", "solar_annual_kwh_m2": 1810.5636581401332, "climate_valid_years_1": 3, "climate_valid_years_4": 3, "climate_valid_years_7": 3, "climate_valid_years_10": 2 }, "geometry": { "type": "Polygon", "coordinates": [ [ [ 696556.501599446870387, 6573063.948471529409289 ], [ 696556.501599446870387, 6573563.948471529409289 ], [ 696056.501599446870387, 6573563.948471529409289 ], [ 696056.501599446870387, 6573063.948471529409289 ], [ 696556.501599446870387, 6573063.948471529409289 ] ] ] } },
{ "type": "Feature", "properties": { "cell_id": 216321, "row": 757, "column": 371, "component": 0, "cell_area_m2": 250000.0, "centroid_x_m": 696806.50159944687, "centroid_y_m": 6573313.9484715285, "latitude": -30.957259947642378, "longitude": -60.939595434875351, "valid": 1, "invalid_reason": null, "climate_pixel_id": "590:1190", "solar_annual_kwh_m2": 1810.5636581401332, "climate_valid_years_1": 3, "climate_valid_years_4": 3, "climate_valid_years_7": 3, "climate_valid_years_10": 2 }, "geometry": { "type": "Polygon", "coordinates": [ [ [ 697056.501599446870387, 6573063.948471529409289 ], [ 697056.501599446870387, 6573563.948471529409289 ], [ 696556.501599446870387, 6573563.948471529409289 ], [ 696556.501599446870387, 6573063.948471529409289 ], [ 697056.501599446870387, 6573063.948471529409289 ] ] ] } },
{ "type": "Feature", "properties": { "cell_id": 216459, "row": 757, "column": 509, "component": 0, "cell_area_m2": 250000.0, "centroid_x_m": 765806.50159944687, "centroid_y_m": 6573313.9484715285, "latitude": -30.943732149259361, "longitude": -60.217847979945176, "valid": 1, "invalid_reason": null, "climate_pixel_id": "591:1197", "solar_annual_kwh_m2": 1809.79193573865, "climate_valid_years_1": 3, "climate_valid_years_4": 3, "climate_valid_years_7": 3, "climate_valid_years_10": 2 }, "geometry": { "type": "Polygon", "coordinates": [ [ [ 766056.501599446870387, 6573063.948471529409289 ], [ 766056.501599446870387, 6573563.948471529409289 ], [ 765556.501599446870387, 6573563.948471529409289 ], [ 765556.501599446870387, 6573063.948471529409289 ], [ 766056.501599446870387, 6573063.948471529409289 ] ] ] } },
{ "type": "Feature", "properties": { "cell_id": 216723, "row": 758, "column": 369, "component": 0, "cell_area_m2": 250000.0, "centroid_x_m": 695806.50159944687, "centroid_y_m": 6573813.9484715285, "latitude": -30.952917657188813, "longitude": -60.950155262593761, "valid": 1, "invalid_reason": null, "climate_pixel_id": "590:1189", "solar_annual_kwh_m2": 1811.308918702061, "climate_valid_years_1": 3, "climate_valid_years_4": 3, "climate_valid_years_7": 3, "climate_valid_years_10": 2 }, "geometry": { "type": "Polygon", "coordinates": [ [ [ 696056.501599446870387, 6573563.948471529409289 ], [ 696056.501599446870387, 6574063.948471529409289 ], [ 695556.501599446870387, 6574063.948471529409289 ], [ 695556.501599446870387, 6573563.948471529409289 ], [ 696056.501599446870387, 6573563.948471529409289 ] ] ] } },
{ "type": "Feature", "properties": { "cell_id": 217124, "row": 759, "column": 365, "component": 0, "cell_area_m2": 250000.0, "centroid_x_m": 693806.50159944687, "centroid_y_m": 6574313.9484715285, "latitude": -30.948739162905522, "longitude": -60.971176874922556, "valid": 1, "invalid_reason": null, "climate_pixel_id": "591:1189", "solar_annual_kwh_m2": 1811.2026254223915, "climate_valid_years_1": 3, "climate_valid_years_4": 3, "climate_valid_years_7": 3, "climate_valid_years_10": 2 }, "geometry": { "type": "Polygon", "coordinates": [ [ [ 694056.501599446870387, 6574063.948471529409289 ], [ 694056.501599446870387, 6574563.948471529409289 ], [ 693556.501599446870387, 6574563.948471529409289 ], [ 693556.501599446870387, 6574063.948471529409289 ], [ 694056.501599446870387, 6574063.948471529409289 ] ] ] } },
{ "type": "Feature", "properties": { "cell_id": 217125, "row": 759, "column": 366, "component": 0, "cell_area_m2": 250000.0, "centroid_x_m": 694306.50159944687, "centroid_y_m": 6574313.9484715285, "latitude": -30.948656916318644, "longitude": -60.965945513640264, "valid": 1, "invalid_reason": null, "climate_pixel_id": "591:1189", "solar_annual_kwh_m2": 1811.2026254223915, "climate_valid_years_1": 3, "climate_valid_years_4": 3, "climate_valid_years_7": 3, "climate_valid_years_10": 2 }, "geometry": { "type": "Polygon", "coordinates": [ [ [ 694556.501599446870387, 6574063.948471529409289 ], [ 694556.501599446870387, 6574563.948471529409289 ], [ 694056.501599446870387, 6574563.948471529409289 ], [ 694056.501599446870387, 6574063.948471529409289 ], [ 694556.501599446870387, 6574063.948471529409289 ] ] ] } },
{ "type": "Feature", "properties": { "cell_id": 217126, "row": 759, "column": 367, "component": 0, "cell_area_m2": 250000.0, "centroid_x_m": 694806.50159944687, "centroid_y_m": 6574313.9484715285, "latitude": -30.948574458215504, "longitude": -60.9607141738704, "valid": 1, "invalid_reason": null, "climate_pixel_id": "591:1189", "solar_annual_kwh_m2": 1811.2026254223915, "climate_valid_years_1": 3, "climate_valid_years_4": 3, "climate_valid_years_7": 3, "climate_valid_years_10": 2 }, "geometry": { "type": "Polygon", "coordinates": [ [ [ 695056.501599446870387, 6574063.948471529409289 ], [ 695056.501599446870387, 6574563.948471529409289 ], [ 694556.501599446870387, 6574563.948471529409289 ], [ 694556.501599446870387, 6574063.948471529409289 ], [ 695056.501599446870387, 6574063.948471529409289 ] ] ] } },
{ "type": "Feature", "properties": { "cell_id": 217127, "row": 759, "column": 368, "component": 0, "cell_area_m2": 250000.0, "centroid_x_m": 695306.50159944687, "centroid_y_m": 6574313.9484715285, "latitude": -30.948491788599167, "longitude": -60.955482855668144, "valid": 1, "invalid_reason": null, "climate_pixel_id": "591:1189", "solar_annual_kwh_m2": 1811.2026254223915, "climate_valid_years_1": 3, "climate_valid_years_4": 3, "climate_valid_years_7": 3, "climate_valid_years_10": 2 }, "geometry": { "type": "Polygon", "coordinates": [ [ [ 695556.501599446870387, 6574063.948471529409289 ], [ 695556.501599446870387, 6574563.948471529409289 ], [ 695056.501599446870387, 6574563.948471529409289 ], [ 695056.501599446870387, 6574063.948471529409289 ], [ 695556.501599446870387, 6574063.948471529409289 ] ] ] } },
{ "type": "Feature", "properties": { "cell_id": 217128, "row": 759, "column": 369, "component": 0, "cell_area_m2": 250000.0, "centroid_x_m": 695806.50159944687, "centroid_y_m": 6574313.9484715285, "latitude": -30.948408907472718, "longitude": -60.950251559088692, "valid": 1, "invalid_reason": null, "climate_pixel_id": "591:1189", "solar_annual_kwh_m2": 1811.2026254223915, "climate_valid_years_1": 3, "climate_valid_years_4": 3, "climate_valid_years_7": 3, "climate_valid_years_10": 2 }, "geometry": { "type": "Polygon", "coordinates": [ [ [ 696056.501599446870387, 6574063.948471529409289 ], [ 696056.501599446870387, 6574563.948471529409289 ], [ 695556.501599446870387, 6574563.948471529409289 ], [ 695556.501599446870387, 6574063.948471529409289 ], [ 696056.501599446870387, 6574063.948471529409289 ] ] ] } },
{ "type": "Feature", "properties": { "cell_id": 217535, "row": 760, "column": 369, "component": 0, "cell_area_m2": 250000.0, "centroid_x_m": 695806.50159944687, "centroid_y_m": 6574813.9484715285, "latitude": -30.943900154338092, "longitude": -60.950347833905646, "valid": 1, "invalid_reason": null, "climate_pixel_id": "591:1189", "solar_annual_kwh_m2": 1811.2026254223915, "climate_valid_years_1": 3, "climate_valid_years_4": 3, "climate_valid_years_7": 3, "climate_valid_years_10": 2 }, "geometry": { "type": "Polygon", "coordinates": [ [ [ 696056.501599446870387, 6574563.948471529409289 ], [ 696056.501599446870387, 6575063.948471529409289 ], [ 695556.501599446870387, 6575063.948471529409289 ], [ 695556.501599446870387, 6574563.948471529409289 ], [ 696056.501599446870387, 6574563.948471529409289 ] ] ] } },
{ "type": "Feature", "properties": { "cell_id": 218658, "row": 763, "column": 268, "component": 0, "cell_area_m2": 250000.0, "centroid_x_m": 645306.50159944687, "centroid_y_m": 6576313.9484715285, "latitude": -30.937671077806467, "longitude": -61.478998335456396, "valid": 1, "invalid_reason": null, "climate_pixel_id": "591:1184", "solar_annual_kwh_m2": 1827.4783808779871, "climate_valid_years_1": 3, "climate_valid_years_4": 3, "climate_valid_years_7": 3, "climate_valid_years_10": 2 }, "geometry": { "type": "Polygon", "coordinates": [ [ [ 645556.501599446870387, 6576063.948471529409289 ], [ 645556.501599446870387, 6576563.948471529409289 ], [ 645056.501599446870387, 6576563.948471529409289 ], [ 645056.501599446870387, 6576063.948471529409289 ], [ 645556.501599446870387, 6576063.948471529409289 ] ] ] } },
{ "type": "Feature", "properties": { "cell_id": 219067, "row": 764, "column": 268, "component": 0, "cell_area_m2": 250000.0, "centroid_x_m": 645306.50159944687, "centroid_y_m": 6576813.9484715285, "latitude": -30.933161015340339, "longitude": -61.479069751973149, "valid": 1, "invalid_reason": null, "climate_pixel_id": "591:1184", "solar_annual_kwh_m2": 1827.4783808779871, "climate_valid_years_1": 3, "climate_valid_years_4": 3, "climate_valid_years_7": 3, "climate_valid_years_10": 2 }, "geometry": { "type": "Polygon", "coordinates": [ [ [ 645556.501599446870387, 6576563.948471529409289 ], [ 645556.501599446870387, 6577063.948471529409289 ], [ 645056.501599446870387, 6577063.948471529409289 ], [ 645056.501599446870387, 6576563.948471529409289 ], [ 645556.501599446870387, 6576563.948471529409289 ] ] ] } },
{ "type": "Feature", "properties": { "cell_id": 219478, "row": 765, "column": 268, "component": 0, "cell_area_m2": 250000.0, "centroid_x_m": 645306.50159944687, "centroid_y_m": 6577313.9484715285, "latitude": -30.928650949576255, "longitude": -61.479141152406562, "valid": 1, "invalid_reason": null, "climate_pixel_id": "591:1184", "solar_annual_kwh_m2": 1827.4783808779871, "climate_valid_years_1": 3, "climate_valid_years_4": 3, "climate_valid_years_7": 3, "climate_valid_years_10": 2 }, "geometry": { "type": "Polygon", "coordinates": [ [ [ 645556.501599446870387, 6577063.948471529409289 ], [ 645556.501599446870387, 6577563.948471529409289 ], [ 645056.501599446870387, 6577563.948471529409289 ], [ 645056.501599446870387, 6577063.948471529409289 ], [ 645556.501599446870387, 6577063.948471529409289 ] ] ] } },
{ "type": "Feature", "properties": { "cell_id": 226037, "row": 780, "column": 603, "component": 0, "cell_area_m2": 250000.0, "centroid_x_m": 812806.50159944687, "centroid_y_m": 6584813.9484715285, "latitude": -30.828616195347088, "longitude": -59.73005878589202, "valid": 1, "invalid_reason": null, "climate_pixel_id": "592:1202", "solar_annual_kwh_m2": 1803.4940410930408, "climate_valid_years_1": 3, "climate_valid_years_4": 3, "climate_valid_years_7": 3, "climate_valid_years_10": 2 }, "geometry": { "type": "Polygon", "coordinates": [ [ [ 813056.501599446870387, 6584563.948471529409289 ], [ 813056.501599446870387, 6585063.948471529409289 ], [ 812556.501599446870387, 6585063.948471529409289 ], [ 812556.501599446870387, 6584563.948471529409289 ], [ 813056.501599446870387, 6584563.948471529409289 ] ] ] } },
{ "type": "Feature", "properties": { "cell_id": 226451, "row": 781, "column": 601, "component": 0, "cell_area_m2": 250000.0, "centroid_x_m": 811806.50159944687, "centroid_y_m": 6585313.9484715285, "latitude": -30.824375138511197, "longitude": -59.740650365740528, "valid": 1, "invalid_reason": null, "climate_pixel_id": "592:1202", "solar_annual_kwh_m2": 1803.4940410930408, "climate_valid_years_1": 3, "climate_valid_years_4": 3, "climate_valid_years_7": 3, "climate_valid_years_10": 2 }, "geometry": { "type": "Polygon", "coordinates": [ [ [ 812056.501599446870387, 6585063.948471529409289 ], [ 812056.501599446870387, 6585563.948471529409289 ], [ 811556.501599446870387, 6585563.948471529409289 ], [ 811556.501599446870387, 6585063.948471529409289 ], [ 812056.501599446870387, 6585063.948471529409289 ] ] ] } },
{ "type": "Feature", "properties": { "cell_id": 226452, "row": 781, "column": 602, "component": 0, "cell_area_m2": 250000.0, "centroid_x_m": 812306.50159944687, "centroid_y_m": 6585313.9484715285, "latitude": -30.824243590961022, "longitude": -59.7354309637143, "valid": 1, "invalid_reason": null, "climate_pixel_id": "592:1202", "solar_annual_kwh_m2": 1803.4940410930408, "climate_valid_years_1": 3, "climate_valid_years_4": 3, "climate_valid_years_7": 3, "climate_valid_years_10": 2 }, "geometry": { "type": "Polygon", "coordinates": [ [ [ 812556.501599446870387, 6585063.948471529409289 ], [ 812556.501599446870387, 6585563.948471529409289 ], [ 812056.501599446870387, 6585563.948471529409289 ], [ 812056.501599446870387, 6585063.948471529409289 ], [ 812556.501599446870387, 6585063.948471529409289 ] ] ] } },
{ "type": "Feature", "properties": { "cell_id": 226453, "row": 781, "column": 603, "component": 0, "cell_area_m2": 250000.0, "centroid_x_m": 812806.50159944687, "centroid_y_m": 6585313.9484715285, "latitude": -30.824111833654865, "longitude": -59.730211596028489, "valid": 1, "invalid_reason": null, "climate_pixel_id": "592:1202", "solar_annual_kwh_m2": 1803.4940410930408, "climate_valid_years_1": 3, "climate_valid_years_4": 3, "climate_valid_years_7": 3, "climate_valid_years_10": 2 }, "geometry": { "type": "Polygon", "coordinates": [ [ [ 813056.501599446870387, 6585063.948471529409289 ], [ 813056.501599446870387, 6585563.948471529409289 ], [ 812556.501599446870387, 6585563.948471529409289 ], [ 812556.501599446870387, 6585063.948471529409289 ], [ 813056.501599446870387, 6585063.948471529409289 ] ] ] } },
{ "type": "Feature", "properties": { "cell_id": 226454, "row": 781, "column": 604, "component": 0, "cell_area_m2": 250000.0, "centroid_x_m": 813306.50159944687, "centroid_y_m": 6585313.9484715285, "latitude": -30.82397986659759, "longitude": -59.724992262737629, "valid": 1, "invalid_reason": null, "climate_pixel_id": "592:1202", "solar_annual_kwh_m2": 1803.4940410930408, "climate_valid_years_1": 3, "climate_valid_years_4": 3, "climate_valid_years_7": 3, "climate_valid_years_10": 2 }, "geometry": { "type": "Polygon", "coordinates": [ [ [ 813556.501599446870387, 6585063.948471529409289 ], [ 813556.501599446870387, 6585563.948471529409289 ], [ 813056.501599446870387, 6585563.948471529409289 ], [ 813056.501599446870387, 6585063.948471529409289 ], [ 813556.501599446870387, 6585063.948471529409289 ] ] ] } },
{ "type": "Feature", "properties": { "cell_id": 226868, "row": 782, "column": 601, "component": 0, "cell_area_m2": 250000.0, "centroid_x_m": 811806.50159944687, "centroid_y_m": 6585813.9484715285, "latitude": -30.819870726203963, "longitude": -59.740802655856371, "valid": 1, "invalid_reason": null, "climate_pixel_id": "592:1202", "solar_annual_kwh_m2": 1803.4940410930408, "climate_valid_years_1": 3, "climate_valid_years_4": 3, "climate_valid_years_7": 3, "climate_valid_years_10": 2 }, "geometry": { "type": "Polygon", "coordinates": [ [ [ 812056.501599446870387, 6585563.948471529409289 ], [ 812056.501599446870387, 6586063.948471529409289 ], [ 811556.501599446870387, 6586063.948471529409289 ], [ 811556.501599446870387, 6585563.948471529409289 ], [ 812056.501599446870387, 6585563.948471529409289 ] ] ] } },
{ "type": "Feature", "properties": { "cell_id": 226869, "row": 782, "column": 602, "component": 0, "cell_area_m2": 250000.0, "centroid_x_m": 812306.50159944687, "centroid_y_m": 6585813.9484715285, "latitude": -30.819739202033404, "longitude": -59.735583496646299, "valid": 1, "invalid_reason": null, "climate_pixel_id": "592:1202", "solar_annual_kwh_m2": 1803.4940410930408, "climate_valid_years_1": 3, "climate_valid_years_4": 3, "climate_valid_years_7": 3, "climate_valid_years_10": 2 }, "geometry": { "type": "Polygon", "coordinates": [ [ [ 812556.501599446870387, 6585563.948471529409289 ], [ 812556.501599446870387, 6586063.948471529409289 ], [ 812056.501599446870387, 6586063.948471529409289 ], [ 812056.501599446870387, 6585563.948471529409289 ], [ 812556.501599446870387, 6585563.948471529409289 ] ] ] } },
{ "type": "Feature", "properties": { "cell_id": 226870, "row": 782, "column": 603, "component": 0, "cell_area_m2": 250000.0, "centroid_x_m": 812806.50159944687, "centroid_y_m": 6585813.9484715285, "latitude": -30.819607468144071, "longitude": -59.730364371770015, "valid": 1, "invalid_reason": null, "climate_pixel_id": "592:1202", "solar_annual_kwh_m2": 1803.4940410930408, "climate_valid_years_1": 3, "climate_valid_years_4": 3, "climate_valid_years_7": 3, "climate_valid_years_10": 2 }, "geometry": { "type": "Polygon", "coordinates": [ [ [ 813056.501599446870387, 6585563.948471529409289 ], [ 813056.501599446870387, 6586063.948471529409289 ], [ 812556.501599446870387, 6586063.948471529409289 ], [ 812556.501599446870387, 6585563.948471529409289 ], [ 813056.501599446870387, 6585563.948471529409289 ] ] ] } },
{ "type": "Feature", "properties": { "cell_id": 227286, "row": 783, "column": 602, "component": 0, "cell_area_m2": 250000.0, "centroid_x_m": 812306.50159944687, "centroid_y_m": 6586313.9484715285, "latitude": -30.815234809289798, "longitude": -59.735735995244546, "valid": 1, "invalid_reason": null, "climate_pixel_id": "592:1202", "solar_annual_kwh_m2": 1803.4940410930408, "climate_valid_years_1": 3, "climate_valid_years_4": 3, "climate_valid_years_7": 3, "climate_valid_years_10": 2 }, "geometry": { "type": "Polygon", "coordinates": [ [ [ 812556.501599446870387, 6586063.948471529409289 ], [ 812556.501599446870387, 6586563.948471529409289 ], [ 812056.501599446870387, 6586563.948471529409289 ], [ 812056.501599446870387, 6586063.948471529409289 ], [ 812556.501599446870387, 6586063.948471529409289 ] ] ] } },
{ "type": "Feature", "properties": { "cell_id": 227287, "row": 783, "column": 603, "component": 0, "cell_area_m2": 250000.0, "centroid_x_m": 812806.50159944687, "centroid_y_m": 6586313.9484715285, "latitude": -30.815103098815158, "longitude": -59.730517113123256, "valid": 1, "invalid_reason": null, "climate_pixel_id": "592:1202", "solar_annual_kwh_m2": 1803.4940410930408, "climate_valid_years_1": 3, "climate_valid_years_4": 3, "climate_valid_years_7": 3, "climate_valid_years_10": 2 }, "geometry": { "type": "Polygon", "coordinates": [ [ [ 813056.501599446870387, 6586063.948471529409289 ], [ 813056.501599446870387, 6586563.948471529409289 ], [ 812556.501599446870387, 6586563.948471529409289 ], [ 812556.501599446870387, 6586063.948471529409289 ], [ 813056.501599446870387, 6586063.948471529409289 ] ] ] } },
{ "type": "Feature", "properties": { "cell_id": 236126, "row": 805, "column": 226, "component": 0, "cell_area_m2": 250000.0, "centroid_x_m": 624306.50159944687, "centroid_y_m": 6597313.9484715285, "latitude": -30.750626869725842, "longitude": -61.701319322746023, "valid": 1, "invalid_reason": null, "climate_pixel_id": "592:1182", "solar_annual_kwh_m2": 1846.2747021416271, "climate_valid_years_1": 3, "climate_valid_years_4": 3, "climate_valid_years_7": 3, "climate_valid_years_10": 2 }, "geometry": { "type": "Polygon", "coordinates": [ [ [ 624556.501599446870387, 6597063.948471529409289 ], [ 624556.501599446870387, 6597563.948471529409289 ], [ 624056.501599446870387, 6597563.948471529409289 ], [ 624056.501599446870387, 6597063.948471529409289 ], [ 624556.501599446870387, 6597063.948471529409289 ] ] ] } },
{ "type": "Feature", "properties": { "cell_id": 244633, "row": 824, "column": 610, "component": 0, "cell_area_m2": 250000.0, "centroid_x_m": 816306.50159944687, "centroid_y_m": 6606813.9484715285, "latitude": -30.629499580313322, "longitude": -59.700288108671302, "valid": 1, "invalid_reason": null, "climate_pixel_id": "594:1202", "solar_annual_kwh_m2": 1799.1825927031064, "climate_valid_years_1": 3, "climate_valid_years_4": 3, "climate_valid_years_7": 3, "climate_valid_years_10": 2 }, "geometry": { "type": "Polygon", "coordinates": [ [ [ 816556.501599446870387, 6606563.948471529409289 ], [ 816556.501599446870387, 6607063.948471529409289 ], [ 816056.501599446870387, 6607063.948471529409289 ], [ 816056.501599446870387, 6606563.948471529409289 ], [ 816556.501599446870387, 6606563.948471529409289 ] ] ] } },
{ "type": "Feature", "properties": { "cell_id": 244634, "row": 824, "column": 611, "component": 0, "cell_area_m2": 250000.0, "centroid_x_m": 816806.50159944687, "centroid_y_m": 6606813.9484715285, "latitude": -30.629367162915962, "longitude": -59.695079407099136, "valid": 1, "invalid_reason": null, "climate_pixel_id": "594:1202", "solar_annual_kwh_m2": 1799.1825927031064, "climate_valid_years_1": 3, "climate_valid_years_4": 3, "climate_valid_years_7": 3, "climate_valid_years_10": 2 }, "geometry": { "type": "Polygon", "coordinates": [ [ [ 817056.501599446870387, 6606563.948471529409289 ], [ 817056.501599446870387, 6607063.948471529409289 ], [ 816556.501599446870387, 6607063.948471529409289 ], [ 816556.501599446870387, 6606563.948471529409289 ], [ 817056.501599446870387, 6606563.948471529409289 ] ] ] } },
{ "type": "Feature", "properties": { "cell_id": 244635, "row": 824, "column": 612, "component": 0, "cell_area_m2": 250000.0, "centroid_x_m": 817306.50159944687, "centroid_y_m": 6606813.9484715285, "latitude": -30.629234537403665, "longitude": -59.689870740069523, "valid": 1, "invalid_reason": null, "climate_pixel_id": "594:1202", "solar_annual_kwh_m2": 1799.1825927031064, "climate_valid_years_1": 3, "climate_valid_years_4": 3, "climate_valid_years_7": 3, "climate_valid_years_10": 2 }, "geometry": { "type": "Polygon", "coordinates": [ [ [ 817556.501599446870387, 6606563.948471529409289 ], [ 817556.501599446870387, 6607063.948471529409289 ], [ 817056.501599446870387, 6607063.948471529409289 ], [ 817056.501599446870387, 6606563.948471529409289 ], [ 817556.501599446870387, 6606563.948471529409289 ] ] ] } },
{ "type": "Feature", "properties": { "cell_id": 245069, "row": 825, "column": 610, "component": 0, "cell_area_m2": 250000.0, "centroid_x_m": 816306.50159944687, "centroid_y_m": 6607313.9484715285, "latitude": -30.62499521534561, "longitude": -59.70044109485319, "valid": 1, "invalid_reason": null, "climate_pixel_id": "594:1202", "solar_annual_kwh_m2": 1799.1825927031064, "climate_valid_years_1": 3, "climate_valid_years_4": 3, "climate_valid_years_7": 3, "climate_valid_years_10": 2 }, "geometry": { "type": "Polygon", "coordinates": [ [ [ 816556.501599446870387, 6607063.948471529409289 ], [ 816556.501599446870387, 6607563.948471529409289 ], [ 816056.501599446870387, 6607563.948471529409289 ], [ 816056.501599446870387, 6607063.948471529409289 ], [ 816556.501599446870387, 6607063.948471529409289 ] ] ] } },
{ "type": "Feature", "properties": { "cell_id": 245070, "row": 825, "column": 611, "component": 0, "cell_area_m2": 250000.0, "centroid_x_m": 816806.50159944687, "centroid_y_m": 6607313.9484715285, "latitude": -30.624862821570382, "longitude": -59.695232633703313, "valid": 1, "invalid_reason": null, "climate_pixel_id": "594:1202", "solar_annual_kwh_m2": 1799.1825927031064, "climate_valid_years_1": 3, "climate_valid_years_4": 3, "climate_valid_years_7": 3, "climate_valid_years_10": 2 }, "geometry": { "type": "Polygon", "coordinates": [ [ [ 817056.501599446870387, 6607063.948471529409289 ], [ 817056.501599446870387, 6607563.948471529409289 ], [ 816556.501599446870387, 6607563.948471529409289 ], [ 816556.501599446870387, 6607063.948471529409289 ], [ 817056.501599446870387, 6607063.948471529409289 ] ] ] } },
{ "type": "Feature", "properties": { "cell_id": 245506, "row": 826, "column": 609, "component": 0, "cell_area_m2": 250000.0, "centroid_x_m": 815806.50159944687, "centroid_y_m": 6607813.9484715285, "latitude": -30.620623008673739, "longitude": -59.705802301810067, "valid": 1, "invalid_reason": null, "climate_pixel_id": "594:1202", "solar_annual_kwh_m2": 1799.1825927031064, "climate_valid_years_1": 3, "climate_valid_years_4": 3, "climate_valid_years_7": 3, "climate_valid_years_10": 2 }, "geometry": { "type": "Polygon", "coordinates": [ [ [ 816056.501599446870387, 6607563.948471529409289 ], [ 816056.501599446870387, 6608063.948471529409289 ], [ 815556.501599446870387, 6608063.948471529409289 ], [ 815556.501599446870387, 6607563.948471529409289 ], [ 816056.501599446870387, 6607563.948471529409289 ] ] ] } },
{ "type": "Feature", "properties": { "cell_id": 245507, "row": 826, "column": 610, "component": 0, "cell_area_m2": 250000.0, "centroid_x_m": 816306.50159944687, "centroid_y_m": 6607813.9484715285, "latitude": -30.62049084656422, "longitude": -59.700594046553228, "valid": 1, "invalid_reason": null, "climate_pixel_id": "594:1202", "solar_annual_kwh_m2": 1799.1825927031064, "climate_valid_years_1": 3, "climate_valid_years_4": 3, "climate_valid_years_7": 3, "climate_valid_years_10": 2 }, "geometry": { "type": "Polygon", "coordinates": [ [ [ 816556.501599446870387, 6607563.948471529409289 ], [ 816556.501599446870387, 6608063.948471529409289 ], [ 816056.501599446870387, 6608063.948471529409289 ], [ 816056.501599446870387, 6607563.948471529409289 ], [ 816556.501599446870387, 6607563.948471529409289 ] ] ] } },
{ "type": "Feature", "properties": { "cell_id": 245508, "row": 826, "column": 611, "component": 0, "cell_area_m2": 250000.0, "centroid_x_m": 816806.50159944687, "centroid_y_m": 6607813.9484715285, "latitude": -30.620358476408981, "longitude": -59.695385825771581, "valid": 1, "invalid_reason": null, "climate_pixel_id": "594:1202", "solar_annual_kwh_m2": 1799.1825927031064, "climate_valid_years_1": 3, "climate_valid_years_4": 3, "climate_valid_years_7": 3, "climate_valid_years_10": 2 }, "geometry": { "type": "Polygon", "coordinates": [ [ [ 817056.501599446870387, 6607563.948471529409289 ], [ 817056.501599446870387, 6608063.948471529409289 ], [ 816556.501599446870387, 6608063.948471529409289 ], [ 816556.501599446870387, 6607563.948471529409289 ], [ 817056.501599446870387, 6607563.948471529409289 ] ] ] } },
{ "type": "Feature", "properties": { "cell_id": 245509, "row": 826, "column": 612, "component": 0, "cell_area_m2": 250000.0, "centroid_x_m": 817306.50159944687, "centroid_y_m": 6607813.9484715285, "latitude": -30.620225898212936, "longitude": -59.690177639519199, "valid": 1, "invalid_reason": null, "climate_pixel_id": "594:1202", "solar_annual_kwh_m2": 1799.1825927031064, "climate_valid_years_1": 3, "climate_valid_years_4": 3, "climate_valid_years_7": 3, "climate_valid_years_10": 2 }, "geometry": { "type": "Polygon", "coordinates": [ [ [ 817556.501599446870387, 6607563.948471529409289 ], [ 817556.501599446870387, 6608063.948471529409289 ], [ 817056.501599446870387, 6608063.948471529409289 ], [ 817056.501599446870387, 6607563.948471529409289 ], [ 817556.501599446870387, 6607563.948471529409289 ] ] ] } },
{ "type": "Feature", "properties": { "cell_id": 245947, "row": 827, "column": 611, "component": 0, "cell_area_m2": 250000.0, "centroid_x_m": 816806.50159944687, "centroid_y_m": 6608313.9484715285, "latitude": -30.615854127432222, "longitude": -59.69553898331062, "valid": 1, "invalid_reason": null, "climate_pixel_id": "594:1202", "solar_annual_kwh_m2": 1799.1825927031064, "climate_valid_years_1": 3, "climate_valid_years_4": 3, "climate_valid_years_7": 3, "climate_valid_years_10": 2 }, "geometry": { "type": "Polygon", "coordinates": [ [ [ 817056.501599446870387, 6608063.948471529409289 ], [ 817056.501599446870387, 6608563.948471529409289 ], [ 816556.501599446870387, 6608563.948471529409289 ], [ 816556.501599446870387, 6608063.948471529409289 ], [ 817056.501599446870387, 6608063.948471529409289 ] ] ] } },
{ "type": "Feature", "properties": { "cell_id": 250652, "row": 838, "column": 394, "component": 0, "cell_area_m2": 250000.0, "centroid_x_m": 708306.50159944687, "centroid_y_m": 6613813.9484715285, "latitude": -30.590096053600785, "longitude": -60.827495712654191, "valid": 1, "invalid_reason": null, "climate_pixel_id": "594:1191", "solar_annual_kwh_m2": 1810.5561429126342, "climate_valid_years_1": 3, "climate_valid_years_4": 3, "climate_valid_years_7": 3, "climate_valid_years_10": 2 }, "geometry": { "type": "Polygon", "coordinates": [ [ [ 708556.501599446870387, 6613563.948471529409289 ], [ 708556.501599446870387, 6614063.948471529409289 ], [ 708056.501599446870387, 6614063.948471529409289 ], [ 708056.501599446870387, 6613563.948471529409289 ], [ 708556.501599446870387, 6613563.948471529409289 ] ] ] } },
{ "type": "Feature", "properties": { "cell_id": 251103, "row": 839, "column": 392, "component": 0, "cell_area_m2": 250000.0, "centroid_x_m": 707306.50159944687, "centroid_y_m": 6614313.9484715285, "latitude": -30.585761041360779, "longitude": -60.838018927197652, "valid": 1, "invalid_reason": null, "climate_pixel_id": "594:1191", "solar_annual_kwh_m2": 1810.5561429126342, "climate_valid_years_1": 3, "climate_valid_years_4": 3, "climate_valid_years_7": 3, "climate_valid_years_10": 2 }, "geometry": { "type": "Polygon", "coordinates": [ [ [ 707556.501599446870387, 6614063.948471529409289 ], [ 707556.501599446870387, 6614563.948471529409289 ], [ 707056.501599446870387, 6614563.948471529409289 ], [ 707056.501599446870387, 6614063.948471529409289 ], [ 707556.501599446870387, 6614063.948471529409289 ] ] ] } },
{ "type": "Feature", "properties": { "cell_id": 251105, "row": 839, "column": 394, "component": 0, "cell_area_m2": 250000.0, "centroid_x_m": 708306.50159944687, "centroid_y_m": 6614313.9484715285, "latitude": -30.585587408679242, "longitude": -60.827596310948103, "valid": 1, "invalid_reason": null, "climate_pixel_id": "594:1191", "solar_annual_kwh_m2": 1810.5561429126342, "climate_valid_years_1": 3, "climate_valid_years_4": 3, "climate_valid_years_7": 3, "climate_valid_years_10": 2 }, "geometry": { "type": "Polygon", "coordinates": [ [ [ 708556.501599446870387, 6614063.948471529409289 ], [ 708556.501599446870387, 6614563.948471529409289 ], [ 708056.501599446870387, 6614563.948471529409289 ], [ 708056.501599446870387, 6614063.948471529409289 ], [ 708556.501599446870387, 6614063.948471529409289 ] ] ] } },
{ "type": "Feature", "properties": { "cell_id": 251557, "row": 840, "column": 392, "component": 0, "cell_area_m2": 250000.0, "centroid_x_m": 707306.50159944687, "centroid_y_m": 6614813.9484715285, "latitude": -30.58125236198304, "longitude": -60.838119021173178, "valid": 1, "invalid_reason": null, "climate_pixel_id": "594:1191", "solar_annual_kwh_m2": 1810.5561429126342, "climate_valid_years_1": 3, "climate_valid_years_4": 3, "climate_valid_years_7": 3, "climate_valid_years_10": 2 }, "geometry": { "type": "Polygon", "coordinates": [ [ [ 707556.501599446870387, 6614563.948471529409289 ], [ 707556.501599446870387, 6615063.948471529409289 ], [ 707056.501599446870387, 6615063.948471529409289 ], [ 707056.501599446870387, 6614563.948471529409289 ], [ 707556.501599446870387, 6614563.948471529409289 ] ] ] } },
{ "type": "Feature", "properties": { "cell_id": 251558, "row": 840, "column": 393, "component": 0, "cell_area_m2": 250000.0, "centroid_x_m": 707806.50159944687, "centroid_y_m": 6614813.9484715285, "latitude": -30.58116566535984, "longitude": -60.832907942534987, "valid": 1, "invalid_reason": null, "climate_pixel_id": "594:1191", "solar_annual_kwh_m2": 1810.5561429126342, "climate_valid_years_1": 3, "climate_valid_years_4": 3, "climate_valid_years_7": 3, "climate_valid_years_10": 2 }, "geometry": { "type": "Polygon", "coordinates": [ [ [ 708056.501599446870387, 6614563.948471529409289 ], [ 708056.501599446870387, 6615063.948471529409289 ], [ 707556.501599446870387, 6615063.948471529409289 ], [ 707556.501599446870387, 6614563.948471529409289 ], [ 708056.501599446870387, 6614563.948471529409289 ] ] ] } },
{ "type": "Feature", "properties": { "cell_id": 251559, "row": 840, "column": 394, "component": 0, "cell_area_m2": 250000.0, "centroid_x_m": 708306.50159944687, "centroid_y_m": 6614813.9484715285, "latitude": -30.581078760332034, "longitude": -60.827696886540082, "valid": 1, "invalid_reason": null, "climate_pixel_id": "594:1191", "solar_annual_kwh_m2": 1810.5561429126342, "climate_valid_years_1": 3, "climate_valid_years_4": 3, "climate_valid_years_7": 3, "climate_valid_years_10": 2 }, "geometry": { "type": "Polygon", "coordinates": [ [ [ 708556.501599446870387, 6614563.948471529409289 ], [ 708556.501599446870387, 6615063.948471529409289 ], [ 708056.501599446870387, 6615063.948471529409289 ], [ 708056.501599446870387, 6614563.948471529409289 ], [ 708556.501599446870387, 6614563.948471529409289 ] ] ] } },
{ "type": "Feature", "properties": { "cell_id": 251560, "row": 840, "column": 395, "component": 0, "cell_area_m2": 250000.0, "centroid_x_m": 708806.50159944687, "centroid_y_m": 6614813.9484715285, "latitude": -30.58099164690287, "longitude": -60.822485853242711, "valid": 1, "invalid_reason": null, "climate_pixel_id": "594:1191", "solar_annual_kwh_m2": 1810.5561429126342, "climate_valid_years_1": 3, "climate_valid_years_4": 3, "climate_valid_years_7": 3, "climate_valid_years_10": 2 }, "geometry": { "type": "Polygon", "coordinates": [ [ [ 709056.501599446870387, 6614563.948471529409289 ], [ 709056.501599446870387, 6615063.948471529409289 ], [ 708556.501599446870387, 6615063.948471529409289 ], [ 708556.501599446870387, 6614563.948471529409289 ], [ 709056.501599446870387, 6614563.948471529409289 ] ] ] } },
{ "type": "Feature", "properties": { "cell_id": 252013, "row": 841, "column": 393, "component": 0, "cell_area_m2": 250000.0, "centroid_x_m": 707806.50159944687, "centroid_y_m": 6615313.9484715285, "latitude": -30.576656998054876, "longitude": -60.833008254677665, "valid": 1, "invalid_reason": null, "climate_pixel_id": "594:1191", "solar_annual_kwh_m2": 1810.5561429126342, "climate_valid_years_1": 3, "climate_valid_years_4": 3, "climate_valid_years_7": 3, "climate_valid_years_10": 2 }, "geometry": { "type": "Polygon", "coordinates": [ [ [ 708056.501599446870387, 6615063.948471529409289 ], [ 708056.501599446870387, 6615563.948471529409289 ], [ 707556.501599446870387, 6615563.948471529409289 ], [ 707556.501599446870387, 6615063.948471529409289 ], [ 708056.501599446870387, 6615063.948471529409289 ] ] ] } },
{ "type": "Feature", "properties": { "cell_id": 252973, "row": 843, "column": 440, "component": 0, "cell_area_m2": 250000.0, "centroid_x_m": 731306.50159944687, "centroid_y_m": 6616313.9484715285, "latitude": -30.563332199160484, "longitude": -60.588348518864322, "valid": 1, "invalid_reason": null, "climate_pixel_id": "594:1193", "solar_annual_kwh_m2": 1812.4600009578353, "climate_valid_years_1": 3, "climate_valid_years_4": 3, "climate_valid_years_7": 3, "climate_valid_years_10": 2 }, "geometry": { "type": "Polygon", "coordinates": [ [ [ 731556.501599446870387, 6616063.948471529409289 ], [ 731556.501599446870387, 6616563.948471529409289 ], [ 731056.501599446870387, 6616563.948471529409289 ], [ 731056.501599446870387, 6616063.948471529409289 ], [ 731556.501599446870387, 6616063.948471529409289 ] ] ] } },
{ "type": "Feature", "properties": { "cell_id": 253429, "row": 844, "column": 439, "component": 0, "cell_area_m2": 250000.0, "centroid_x_m": 730806.50159944687, "centroid_y_m": 6616813.9484715285, "latitude": -30.558920710697539, "longitude": -60.593669059809464, "valid": 1, "invalid_reason": null, "climate_pixel_id": "594:1193", "solar_annual_kwh_m2": 1812.4600009578353, "climate_valid_years_1": 3, "climate_valid_years_4": 3, "climate_valid_years_7": 3, "climate_valid_years_10": 2 }, "geometry": { "type": "Polygon", "coordinates": [ [ [ 731056.501599446870387, 6616563.948471529409289 ], [ 731056.501599446870387, 6617063.948471529409289 ], [ 730556.501599446870387, 6617063.948471529409289 ], [ 730556.501599446870387, 6616563.948471529409289 ], [ 731056.501599446870387, 6616563.948471529409289 ] ] ] } },
{ "type": "Feature", "properties": { "cell_id": 253430, "row": 844, "column": 440, "component": 0, "cell_area_m2": 250000.0, "centroid_x_m": 731306.50159944687, "centroid_y_m": 6616813.9484715285, "latitude": -30.558824291625385, "longitude": -60.588460065891553, "valid": 1, "invalid_reason": null, "climate_pixel_id": "594:1193", "solar_annual_kwh_m2": 1812.4600009578353, "climate_valid_years_1": 3, "climate_valid_years_4": 3, "climate_valid_years_7": 3, "climate_valid_years_10": 2 }, "geometry": { "type": "Polygon", "coordinates": [ [ [ 731556.501599446870387, 6616563.948471529409289 ], [ 731556.501599446870387, 6617063.948471529409289 ], [ 731056.501599446870387, 6617063.948471529409289 ], [ 731056.501599446870387, 6616563.948471529409289 ], [ 731556.501599446870387, 6616563.948471529409289 ] ] ] } },
{ "type": "Feature", "properties": { "cell_id": 253431, "row": 844, "column": 441, "component": 0, "cell_area_m2": 250000.0, "centroid_x_m": 731806.50159944687, "centroid_y_m": 6616813.9484715285, "latitude": -30.558727664456804, "longitude": -60.58325109714707, "valid": 1, "invalid_reason": null, "climate_pixel_id": "594:1193", "solar_annual_kwh_m2": 1812.4600009578353, "climate_valid_years_1": 3, "climate_valid_years_4": 3, "climate_valid_years_7": 3, "climate_valid_years_10": 2 }, "geometry": { "type": "Polygon", "coordinates": [ [ [ 732056.501599446870387, 6616563.948471529409289 ], [ 732056.501599446870387, 6617063.948471529409289 ], [ 731556.501599446870387, 6617063.948471529409289 ], [ 731556.501599446870387, 6616563.948471529409289 ], [ 732056.501599446870387, 6616563.948471529409289 ] ] ] } },
{ "type": "Feature", "properties": { "cell_id": 253887, "row": 845, "column": 439, "component": 0, "cell_area_m2": 250000.0, "centroid_x_m": 730806.50159944687, "centroid_y_m": 6617313.9484715285, "latitude": -30.554412782432856, "longitude": -60.593780341340313, "valid": 1, "invalid_reason": null, "climate_pixel_id": "594:1193", "solar_annual_kwh_m2": 1812.4600009578353, "climate_valid_years_1": 3, "climate_valid_years_4": 3, "climate_valid_years_7": 3, "climate_valid_years_10": 2 }, "geometry": { "type": "Polygon", "coordinates": [ [ [ 731056.501599446870387, 6617063.948471529409289 ], [ 731056.501599446870387, 6617563.948471529409289 ], [ 730556.501599446870387, 6617563.948471529409289 ], [ 730556.501599446870387, 6617063.948471529409289 ], [ 731056.501599446870387, 6617063.948471529409289 ] ] ] } },
{ "type": "Feature", "properties": { "cell_id": 253888, "row": 845, "column": 440, "component": 0, "cell_area_m2": 250000.0, "centroid_x_m": 731306.50159944687, "centroid_y_m": 6617313.9484715285, "latitude": -30.554316380598234, "longitude": -60.588571587745385, "valid": 1, "invalid_reason": null, "climate_pixel_id": "594:1193", "solar_annual_kwh_m2": 1812.4600009578353, "climate_valid_years_1": 3, "climate_valid_years_4": 3, "climate_valid_years_7": 3, "climate_valid_years_10": 2 }, "geometry": { "type": "Polygon", "coordinates": [ [ [ 731556.501599446870387, 6617063.948471529409289 ], [ 731556.501599446870387, 6617563.948471529409289 ], [ 731056.501599446870387, 6617563.948471529409289 ], [ 731056.501599446870387, 6617063.948471529409289 ], [ 731556.501599446870387, 6617063.948471529409289 ] ] ] } },
{ "type": "Feature", "properties": { "cell_id": 253889, "row": 845, "column": 441, "component": 0, "cell_area_m2": 250000.0, "centroid_x_m": 731806.50159944687, "centroid_y_m": 6617313.9484715285, "latitude": -30.554219770704357, "longitude": -60.583362859319003, "valid": 1, "invalid_reason": null, "climate_pixel_id": "594:1193", "solar_annual_kwh_m2": 1812.4600009578353, "climate_valid_years_1": 3, "climate_valid_years_4": 3, "climate_valid_years_7": 3, "climate_valid_years_10": 2 }, "geometry": { "type": "Polygon", "coordinates": [ [ [ 732056.501599446870387, 6617063.948471529409289 ], [ 732056.501599446870387, 6617563.948471529409289 ], [ 731556.501599446870387, 6617563.948471529409289 ], [ 731556.501599446870387, 6617063.948471529409289 ], [ 732056.501599446870387, 6617063.948471529409289 ] ] ] } },
{ "type": "Feature", "properties": { "cell_id": 254107, "row": 846, "column": 200, "component": 0, "cell_area_m2": 250000.0, "centroid_x_m": 611306.50159944687, "centroid_y_m": 6617813.9484715285, "latitude": -30.566967536625754, "longitude": -61.839323026979734, "valid": 1, "invalid_reason": null, "climate_pixel_id": "594:1181", "solar_annual_kwh_m2": 1861.616631895211, "climate_valid_years_1": 3, "climate_valid_years_4": 3, "climate_valid_years_7": 3, "climate_valid_years_10": 2 }, "geometry": { "type": "Polygon", "coordinates": [ [ [ 611556.501599446870387, 6617563.948471529409289 ], [ 611556.501599446870387, 6618063.948471529409289 ], [ 611056.501599446870387, 6618063.948471529409289 ], [ 611056.501599446870387, 6617563.948471529409289 ], [ 611556.501599446870387, 6617563.948471529409289 ] ] ] } },
{ "type": "Feature", "properties": { "cell_id": 254108, "row": 846, "column": 201, "component": 0, "cell_area_m2": 250000.0, "centroid_x_m": 611806.50159944687, "centroid_y_m": 6617813.9484715285, "latitude": -30.566920954057519, "longitude": -61.834110055658307, "valid": 1, "invalid_reason": null, "climate_pixel_id": "594:1181", "solar_annual_kwh_m2": 1861.616631895211, "climate_valid_years_1": 3, "climate_valid_years_4": 3, "climate_valid_years_7": 3, "climate_valid_years_10": 2 }, "geometry": { "type": "Polygon", "coordinates": [ [ [ 612056.501599446870387, 6617563.948471529409289 ], [ 612056.501599446870387, 6618063.948471529409289 ], [ 611556.501599446870387, 6618063.948471529409289 ], [ 611556.501599446870387, 6617563.948471529409289 ], [ 612056.501599446870387, 6617563.948471529409289 ] ] ] } },
{ "type": "Feature", "properties": { "cell_id": 254109, "row": 846, "column": 202, "component": 0, "cell_area_m2": 250000.0, "centroid_x_m": 612306.50159944687, "centroid_y_m": 6617813.9484715285, "latitude": -30.566874162833859, "longitude": -61.828897096521523, "valid": 1, "invalid_reason": null, "climate_pixel_id": "594:1181", "solar_annual_kwh_m2": 1861.616631895211, "climate_valid_years_1": 3, "climate_valid_years_4": 3, "climate_valid_years_7": 3, "climate_valid_years_10": 2 }, "geometry": { "type": "Polygon", "coordinates": [ [ [ 612556.501599446870387, 6617563.948471529409289 ], [ 612556.501599446870387, 6618063.948471529409289 ], [ 612056.501599446870387, 6618063.948471529409289 ], [ 612056.501599446870387, 6617563.948471529409289 ], [ 612556.501599446870387, 6617563.948471529409289 ] ] ] } },
{ "type": "Feature", "properties": { "cell_id": 254346, "row": 846, "column": 439, "component": 0, "cell_area_m2": 250000.0, "centroid_x_m": 730806.50159944687, "centroid_y_m": 6617813.9484715285, "latitude": -30.549904850678036, "longitude": -60.593891597756759, "valid": 1, "invalid_reason": null, "climate_pixel_id": "595:1193", "solar_annual_kwh_m2": 1812.4766405964256, "climate_valid_years_1": 3, "climate_valid_years_4": 3, "climate_valid_years_7": 3, "climate_valid_years_10": 2 }, "geometry": { "type": "Polygon", "coordinates": [ [ [ 731056.501599446870387, 6617563.948471529409289 ], [ 731056.501599446870387, 6618063.948471529409289 ], [ 730556.501599446870387, 6618063.948471529409289 ], [ 730556.501599446870387, 6617563.948471529409289 ], [ 731056.501599446870387, 6617563.948471529409289 ] ] ] } },
{ "type": "Feature", "properties": { "cell_id": 254347, "row": 846, "column": 440, "component": 0, "cell_area_m2": 250000.0, "centroid_x_m": 731306.50159944687, "centroid_y_m": 6617813.9484715285, "latitude": -30.549808466079391, "longitude": -60.588683084430642, "valid": 1, "invalid_reason": null, "climate_pixel_id": "595:1193", "solar_annual_kwh_m2": 1812.4766405964256, "climate_valid_years_1": 3, "climate_valid_years_4": 3, "climate_valid_years_7": 3, "climate_valid_years_10": 2 }, "geometry": { "type": "Polygon", "coordinates": [ [ [ 731556.501599446870387, 6617563.948471529409289 ], [ 731556.501599446870387, 6618063.948471529409289 ], [ 731056.501599446870387, 6618063.948471529409289 ], [ 731056.501599446870387, 6617563.948471529409289 ], [ 731556.501599446870387, 6617563.948471529409289 ] ] ] } },
{ "type": "Feature", "properties": { "cell_id": 254566, "row": 847, "column": 199, "component": 0, "cell_area_m2": 250000.0, "centroid_x_m": 610806.50159944687, "centroid_y_m": 6618313.9484715285, "latitude": -30.562502915508198, "longitude": -61.844589474399754, "valid": 1, "invalid_reason": null, "climate_pixel_id": "594:1181", "solar_annual_kwh_m2": 1861.616631895211, "climate_valid_years_1": 3, "climate_valid_years_4": 3, "climate_valid_years_7": 3, "climate_valid_years_10": 2 }, "geometry": { "type": "Polygon", "coordinates": [ [ [ 611056.501599446870387, 6618063.948471529409289 ], [ 611056.501599446870387, 6618563.948471529409289 ], [ 610556.501599446870387, 6618563.948471529409289 ], [ 610556.501599446870387, 6618063.948471529409289 ], [ 611056.501599446870387, 6618063.948471529409289 ] ] ] } },
{ "type": "Feature", "properties": { "cell_id": 254567, "row": 847, "column": 200, "component": 0, "cell_area_m2": 250000.0, "centroid_x_m": 611306.50159944687, "centroid_y_m": 6618313.9484715285, "latitude": -30.562456549892019, "longitude": -61.839376732024107, "valid": 1, "invalid_reason": null, "climate_pixel_id": "594:1181", "solar_annual_kwh_m2": 1861.616631895211, "climate_valid_years_1": 3, "climate_valid_years_4": 3, "climate_valid_years_7": 3, "climate_valid_years_10": 2 }, "geometry": { "type": "Polygon", "coordinates": [ [ [ 611556.501599446870387, 6618063.948471529409289 ], [ 611556.501599446870387, 6618563.948471529409289 ], [ 611056.501599446870387, 6618563.948471529409289 ], [ 611056.501599446870387, 6618063.948471529409289 ], [ 611556.501599446870387, 6618063.948471529409289 ] ] ] } },
{ "type": "Feature", "properties": { "cell_id": 254568, "row": 847, "column": 201, "component": 0, "cell_area_m2": 250000.0, "centroid_x_m": 611806.50159944687, "centroid_y_m": 6618313.9484715285, "latitude": -30.562409975656042, "longitude": -61.834164001776351, "valid": 1, "invalid_reason": null, "climate_pixel_id": "594:1181", "solar_annual_kwh_m2": 1861.616631895211, "climate_valid_years_1": 3, "climate_valid_years_4": 3, "climate_valid_years_7": 3, "climate_valid_years_10": 2 }, "geometry": { "type": "Polygon", "coordinates": [ [ [ 612056.501599446870387, 6618063.948471529409289 ], [ 612056.501599446870387, 6618563.948471529409289 ], [ 611556.501599446870387, 6618563.948471529409289 ], [ 611556.501599446870387, 6618063.948471529409289 ], [ 612056.501599446870387, 6618063.948471529409289 ] ] ] } },
{ "type": "Feature", "properties": { "cell_id": 254806, "row": 847, "column": 439, "component": 0, "cell_area_m2": 250000.0, "centroid_x_m": 730806.50159944687, "centroid_y_m": 6618313.9484715285, "latitude": -30.545396915433439, "longitude": -60.594002829063633, "valid": 1, "invalid_reason": null, "climate_pixel_id": "595:1193", "solar_annual_kwh_m2": 1812.4766405964256, "climate_valid_years_1": 3, "climate_valid_years_4": 3, "climate_valid_years_7": 3, "climate_valid_years_10": 2 }, "geometry": { "type": "Polygon", "coordinates": [ [ [ 731056.501599446870387, 6618063.948471529409289 ], [ 731056.501599446870387, 6618563.948471529409289 ], [ 730556.501599446870387, 6618563.948471529409289 ], [ 730556.501599446870387, 6618063.948471529409289 ], [ 731056.501599446870387, 6618063.948471529409289 ] ] ] } },
{ "type": "Feature", "properties": { "cell_id": 258235, "row": 855, "column": 157, "component": 0, "cell_area_m2": 250000.0, "centroid_x_m": 589806.50159944687, "centroid_y_m": 6622313.9484715285, "latitude": -30.528171273650159, "longitude": -62.063881227021362, "valid": 1, "invalid_reason": null, "climate_pixel_id": "595:1178", "solar_annual_kwh_m2": 1895.9582234213958, "climate_valid_years_1": 3, "climate_valid_years_4": 3, "climate_valid_years_7": 3, "climate_valid_years_10": 2 }, "geometry": { "type": "Polygon", "coordinates": [ [ [ 590056.501599446870387, 6622063.948471529409289 ], [ 590056.501599446870387, 6622563.948471529409289 ], [ 589556.501599446870387, 6622563.948471529409289 ], [ 589556.501599446870387, 6622063.948471529409289 ], [ 590056.501599446870387, 6622063.948471529409289 ] ] ] } },
{ "type": "Feature", "properties": { "cell_id": 258236, "row": 855, "column": 158, "component": 0, "cell_area_m2": 250000.0, "centroid_x_m": 590306.50159944687, "centroid_y_m": 6622313.9484715285, "latitude": -30.52813372531897, "longitude": -62.058669951786584, "valid": 1, "invalid_reason": null, "climate_pixel_id": "595:1178", "solar_annual_kwh_m2": 1895.9582234213958, "climate_valid_years_1": 3, "climate_valid_years_4": 3, "climate_valid_years_7": 3, "climate_valid_years_10": 2 }, "geometry": { "type": "Polygon", "coordinates": [ [ [ 590556.501599446870387, 6622063.948471529409289 ], [ 590556.501599446870387, 6622563.948471529409289 ], [ 590056.501599446870387, 6622563.948471529409289 ], [ 590056.501599446870387, 6622063.948471529409289 ], [ 590556.501599446870387, 6622063.948471529409289 ] ] ] } },
{ "type": "Feature", "properties": { "cell_id": 258237, "row": 855, "column": 159, "component": 0, "cell_area_m2": 250000.0, "centroid_x_m": 590806.50159944687, "centroid_y_m": 6622313.9484715285, "latitude": -30.528095968601004, "longitude": -62.053458686378129, "valid": 1, "invalid_reason": null, "climate_pixel_id": "595:1178", "solar_annual_kwh_m2": 1895.9582234213958, "climate_valid_years_1": 3, "climate_valid_years_4": 3, "climate_valid_years_7": 3, "climate_valid_years_10": 2 }, "geometry": { "type": "Polygon", "coordinates": [ [ [ 591056.501599446870387, 6622063.948471529409289 ], [ 591056.501599446870387, 6622563.948471529409289 ], [ 590556.501599446870387, 6622563.948471529409289 ], [ 590556.501599446870387, 6622063.948471529409289 ], [ 591056.501599446870387, 6622063.948471529409289 ] ] ] } },
{ "type": "Feature", "properties": { "cell_id": 258703, "row": 856, "column": 157, "component": 0, "cell_area_m2": 250000.0, "centroid_x_m": 589806.50159944687, "centroid_y_m": 6622813.9484715285, "latitude": -30.523659935284432, "longitude": -62.063924475809415, "valid": 1, "invalid_reason": null, "climate_pixel_id": "595:1178", "solar_annual_kwh_m2": 1895.9582234213958, "climate_valid_years_1": 3, "climate_valid_years_4": 3, "climate_valid_years_7": 3, "climate_valid_years_10": 2 }, "geometry": { "type": "Polygon", "coordinates": [ [ [ 590056.501599446870387, 6622563.948471529409289 ], [ 590056.501599446870387, 6623063.948471529409289 ], [ 589556.501599446870387, 6623063.948471529409289 ], [ 589556.501599446870387, 6622563.948471529409289 ], [ 590056.501599446870387, 6622563.948471529409289 ] ] ] } },
{ "type": "Feature", "properties": { "cell_id": 258704, "row": 856, "column": 158, "component": 0, "cell_area_m2": 250000.0, "centroid_x_m": 590306.50159944687, "centroid_y_m": 6622813.9484715285, "latitude": -30.52362239367514, "longitude": -62.058713441249694, "valid": 1, "invalid_reason": null, "climate_pixel_id": "595:1178", "solar_annual_kwh_m2": 1895.9582234213958, "climate_valid_years_1": 3, "climate_valid_years_4": 3, "climate_valid_years_7": 3, "climate_valid_years_10": 2 }, "geometry": { "type": "Polygon", "coordinates": [ [ [ 590556.501599446870387, 6622563.948471529409289 ], [ 590556.501599446870387, 6623063.948471529409289 ], [ 590056.501599446870387, 6623063.948471529409289 ], [ 590056.501599446870387, 6622563.948471529409289 ], [ 590556.501599446870387, 6622563.948471529409289 ] ] ] } },
{ "type": "Feature", "properties": { "cell_id": 258705, "row": 856, "column": 159, "component": 0, "cell_area_m2": 250000.0, "centroid_x_m": 590806.50159944687, "centroid_y_m": 6622813.9484715285, "latitude": -30.523584643716365, "longitude": -62.053502416514426, "valid": 1, "invalid_reason": null, "climate_pixel_id": "595:1178", "solar_annual_kwh_m2": 1895.9582234213958, "climate_valid_years_1": 3, "climate_valid_years_4": 3, "climate_valid_years_7": 3, "climate_valid_years_10": 2 }, "geometry": { "type": "Polygon", "coordinates": [ [ [ 591056.501599446870387, 6622563.948471529409289 ], [ 591056.501599446870387, 6623063.948471529409289 ], [ 590556.501599446870387, 6623063.948471529409289 ], [ 590556.501599446870387, 6622563.948471529409289 ], [ 591056.501599446870387, 6622563.948471529409289 ] ] ] } },
{ "type": "Feature", "properties": { "cell_id": 259172, "row": 857, "column": 157, "component": 0, "cell_area_m2": 250000.0, "centroid_x_m": 589806.50159944687, "centroid_y_m": 6623313.9484715285, "latitude": -30.519148593736762, "longitude": -62.063967714827371, "valid": 1, "invalid_reason": null, "climate_pixel_id": "595:1178", "solar_annual_kwh_m2": 1895.9582234213958, "climate_valid_years_1": 3, "climate_valid_years_4": 3, "climate_valid_years_7": 3, "climate_valid_years_10": 2 }, "geometry": { "type": "Polygon", "coordinates": [ [ [ 590056.501599446870387, 6623063.948471529409289 ], [ 590056.501599446870387, 6623563.948471529409289 ], [ 589556.501599446870387, 6623563.948471529409289 ], [ 589556.501599446870387, 6623063.948471529409289 ], [ 590056.501599446870387, 6623063.948471529409289 ] ] ] } },
{ "type": "Feature", "properties": { "cell_id": 259173, "row": 857, "column": 158, "component": 0, "cell_area_m2": 250000.0, "centroid_x_m": 590306.50159944687, "centroid_y_m": 6623313.9484715285, "latitude": -30.519111058848761, "longitude": -62.058756920888364, "valid": 1, "invalid_reason": null, "climate_pixel_id": "595:1178", "solar_annual_kwh_m2": 1895.9582234213958, "climate_valid_years_1": 3, "climate_valid_years_4": 3, "climate_valid_years_7": 3, "climate_valid_years_10": 2 }, "geometry": { "type": "Polygon", "coordinates": [ [ [ 590556.501599446870387, 6623063.948471529409289 ], [ 590556.501599446870387, 6623563.948471529409289 ], [ 590056.501599446870387, 6623563.948471529409289 ], [ 590056.501599446870387, 6623063.948471529409289 ], [ 590556.501599446870387, 6623063.948471529409289 ] ] ] } },
{ "type": "Feature", "properties": { "cell_id": 259174, "row": 857, "column": 159, "component": 0, "cell_area_m2": 250000.0, "centroid_x_m": 590806.50159944687, "centroid_y_m": 6623313.9484715285, "latitude": -30.519073315648573, "longitude": -62.053546136771914, "valid": 1, "invalid_reason": null, "climate_pixel_id": "595:1178", "solar_annual_kwh_m2": 1895.9582234213958, "climate_valid_years_1": 3, "climate_valid_years_4": 3, "climate_valid_years_7": 3, "climate_valid_years_10": 2 }, "geometry": { "type": "Polygon", "coordinates": [ [ [ 591056.501599446870387, 6623063.948471529409289 ], [ 591056.501599446870387, 6623563.948471529409289 ], [ 590556.501599446870387, 6623563.948471529409289 ], [ 590556.501599446870387, 6623063.948471529409289 ], [ 591056.501599446870387, 6623063.948471529409289 ] ] ] } },
{ "type": "Feature", "properties": { "cell_id": 260575, "row": 860, "column": 153, "component": 0, "cell_area_m2": 250000.0, "centroid_x_m": 587806.50159944687, "centroid_y_m": 6624813.9484715285, "latitude": -30.505762526885423, "longitude": -62.084937759973641, "valid": 1, "invalid_reason": null, "climate_pixel_id": "595:1178", "solar_annual_kwh_m2": 1895.9582234213958, "climate_valid_years_1": 3, "climate_valid_years_4": 3, "climate_valid_years_7": 3, "climate_valid_years_10": 2 }, "geometry": { "type": "Polygon", "coordinates": [ [ [ 588056.501599446870387, 6624563.948471529409289 ], [ 588056.501599446870387, 6625063.948471529409289 ], [ 587556.501599446870387, 6625063.948471529409289 ], [ 587556.501599446870387, 6624563.948471529409289 ], [ 588056.501599446870387, 6624563.948471529409289 ] ] ] } },
{ "type": "Feature", "properties": { "cell_id": 261043, "row": 861, "column": 152, "component": 0, "cell_area_m2": 250000.0, "centroid_x_m": 587306.50159944687, "centroid_y_m": 6625313.9484715285, "latitude": -30.501287613283406, "longitude": -62.090189878557716, "valid": 1, "invalid_reason": null, "climate_pixel_id": "595:1178", "solar_annual_kwh_m2": 1895.9582234213958, "climate_valid_years_1": 3, "climate_valid_years_4": 3, "climate_valid_years_7": 3, "climate_valid_years_10": 2 }, "geometry": { "type": "Polygon", "coordinates": [ [ [ 587556.501599446870387, 6625063.948471529409289 ], [ 587556.501599446870387, 6625563.948471529409289 ], [ 587056.501599446870387, 6625563.948471529409289 ], [ 587056.501599446870387, 6625063.948471529409289 ], [ 587556.501599446870387, 6625063.948471529409289 ] ] ] } },
{ "type": "Feature", "properties": { "cell_id": 261044, "row": 861, "column": 153, "component": 0, "cell_area_m2": 250000.0, "centroid_x_m": 587806.50159944687, "centroid_y_m": 6625313.9484715285, "latitude": -30.501251146110288, "longitude": -62.084979998297847, "valid": 1, "invalid_reason": null, "climate_pixel_id": "595:1178", "solar_annual_kwh_m2": 1895.9582234213958, "climate_valid_years_1": 3, "climate_valid_years_4": 3, "climate_valid_years_7": 3, "climate_valid_years_10": 2 }, "geometry": { "type": "Polygon", "coordinates": [ [ [ 588056.501599446870387, 6625063.948471529409289 ], [ 588056.501599446870387, 6625563.948471529409289 ], [ 587556.501599446870387, 6625563.948471529409289 ], [ 587556.501599446870387, 6625063.948471529409289 ], [ 588056.501599446870387, 6625063.948471529409289 ] ] ] } },
{ "type": "Feature", "properties": { "cell_id": 261045, "row": 861, "column": 154, "component": 0, "cell_area_m2": 250000.0, "centroid_x_m": 588306.50159944687, "centroid_y_m": 6625313.9484715285, "latitude": -30.501214470767284, "longitude": -62.07977012758144, "valid": 1, "invalid_reason": null, "climate_pixel_id": "595:1178", "solar_annual_kwh_m2": 1895.9582234213958, "climate_valid_years_1": 3, "climate_valid_years_4": 3, "climate_valid_years_7": 3, "climate_valid_years_10": 2 }, "geometry": { "type": "Polygon", "coordinates": [ [ [ 588556.501599446870387, 6625063.948471529409289 ], [ 588556.501599446870387, 6625563.948471529409289 ], [ 588056.501599446870387, 6625563.948471529409289 ], [ 588056.501599446870387, 6625063.948471529409289 ], [ 588556.501599446870387, 6625063.948471529409289 ] ] ] } },
{ "type": "Feature", "properties": { "cell_id": 261513, "row": 862, "column": 152, "component": 0, "cell_area_m2": 250000.0, "centroid_x_m": 587306.50159944687, "centroid_y_m": 6625813.9484715285, "latitude": -30.496776222798317, "longitude": -62.090231866980098, "valid": 1, "invalid_reason": null, "climate_pixel_id": "595:1178", "solar_annual_kwh_m2": 1895.9582234213958, "climate_valid_years_1": 3, "climate_valid_years_4": 3, "climate_valid_years_7": 3, "climate_valid_years_10": 2 }, "geometry": { "type": "Polygon", "coordinates": [ [ [ 587556.501599446870387, 6625563.948471529409289 ], [ 587556.501599446870387, 6626063.948471529409289 ], [ 587056.501599446870387, 6626063.948471529409289 ], [ 587056.501599446870387, 6625563.948471529409289 ], [ 587556.501599446870387, 6625563.948471529409289 ] ] ] } },
{ "type": "Feature", "properties": { "cell_id": 261514, "row": 862, "column": 153, "component": 0, "cell_area_m2": 250000.0, "centroid_x_m": 587806.50159944687, "centroid_y_m": 6625813.9484715285, "latitude": -30.496739762157056, "longitude": -62.085022227078596, "valid": 1, "invalid_reason": null, "climate_pixel_id": "595:1178", "solar_annual_kwh_m2": 1895.9582234213958, "climate_valid_years_1": 3, "climate_valid_years_4": 3, "climate_valid_years_7": 3, "climate_valid_years_10": 2 }, "geometry": { "type": "Polygon", "coordinates": [ [ [ 588056.501599446870387, 6625563.948471529409289 ], [ 588056.501599446870387, 6626063.948471529409289 ], [ 587556.501599446870387, 6626063.948471529409289 ], [ 587556.501599446870387, 6625563.948471529409289 ], [ 588056.501599446870387, 6625563.948471529409289 ] ] ] } },
{ "type": "Feature", "properties": { "cell_id": 261515, "row": 862, "column": 154, "component": 0, "cell_area_m2": 250000.0, "centroid_x_m": 588306.50159944687, "centroid_y_m": 6625813.9484715285, "latitude": -30.496703093383175, "longitude": -62.07981259671871, "valid": 1, "invalid_reason": null, "climate_pixel_id": "595:1178", "solar_annual_kwh_m2": 1895.9582234213958, "climate_valid_years_1": 3, "climate_valid_years_4": 3, "climate_valid_years_7": 3, "climate_valid_years_10": 2 }, "geometry": { "type": "Polygon", "coordinates": [ [ [ 588556.501599446870387, 6625563.948471529409289 ], [ 588556.501599446870387, 6626063.948471529409289 ], [ 588056.501599446870387, 6626063.948471529409289 ], [ 588056.501599446870387, 6625563.948471529409289 ], [ 588556.501599446870387, 6625563.948471529409289 ] ] ] } },
{ "type": "Feature", "properties": { "cell_id": 261983, "row": 863, "column": 152, "component": 0, "cell_area_m2": 250000.0, "centroid_x_m": 587306.50159944687, "centroid_y_m": 6626313.9484715285, "latitude": -30.492264829135994, "longitude": -62.090273845915164, "valid": 1, "invalid_reason": null, "climate_pixel_id": "595:1178", "solar_annual_kwh_m2": 1895.9582234213958, "climate_valid_years_1": 3, "climate_valid_years_4": 3, "climate_valid_years_7": 3, "climate_valid_years_10": 2 }, "geometry": { "type": "Polygon", "coordinates": [ [ [ 587556.501599446870387, 6626063.948471529409289 ], [ 587556.501599446870387, 6626563.948471529409289 ], [ 587056.501599446870387, 6626563.948471529409289 ], [ 587056.501599446870387, 6626063.948471529409289 ], [ 587556.501599446870387, 6626063.948471529409289 ] ] ] } },
{ "type": "Feature", "properties": { "cell_id": 261984, "row": 863, "column": 153, "component": 0, "cell_area_m2": 250000.0, "centroid_x_m": 587806.50159944687, "centroid_y_m": 6626313.9484715285, "latitude": -30.492228375025995, "longitude": -62.085064446317723, "valid": 1, "invalid_reason": null, "climate_pixel_id": "595:1178", "solar_annual_kwh_m2": 1895.9582234213958, "climate_valid_years_1": 3, "climate_valid_years_4": 3, "climate_valid_years_7": 3, "climate_valid_years_10": 2 }, "geometry": { "type": "Polygon", "coordinates": [ [ [ 588056.501599446870387, 6626063.948471529409289 ], [ 588056.501599446870387, 6626563.948471529409289 ], [ 587556.501599446870387, 6626563.948471529409289 ], [ 587556.501599446870387, 6626063.948471529409289 ], [ 588056.501599446870387, 6626063.948471529409289 ] ] ] } },
{ "type": "Feature", "properties": { "cell_id": 261985, "row": 863, "column": 154, "component": 0, "cell_area_m2": 250000.0, "centroid_x_m": 588306.50159944687, "centroid_y_m": 6626313.9484715285, "latitude": -30.492191712820652, "longitude": -62.079855056260072, "valid": 1, "invalid_reason": null, "climate_pixel_id": "595:1178", "solar_annual_kwh_m2": 1895.9582234213958, "climate_valid_years_1": 3, "climate_valid_years_4": 3, "climate_valid_years_7": 3, "climate_valid_years_10": 2 }, "geometry": { "type": "Polygon", "coordinates": [ [ [ 588556.501599446870387, 6626063.948471529409289 ], [ 588556.501599446870387, 6626563.948471529409289 ], [ 588056.501599446870387, 6626563.948471529409289 ], [ 588056.501599446870387, 6626063.948471529409289 ], [ 588556.501599446870387, 6626063.948471529409289 ] ] ] } },
{ "type": "Feature", "properties": { "cell_id": 262454, "row": 864, "column": 154, "component": 0, "cell_area_m2": 250000.0, "centroid_x_m": 588306.50159944687, "centroid_y_m": 6626813.9484715285, "latitude": -30.48768032908, "longitude": -62.079897506207381, "valid": 1, "invalid_reason": null, "climate_pixel_id": "595:1178", "solar_annual_kwh_m2": 1895.9582234213958, "climate_valid_years_1": 3, "climate_valid_years_4": 3, "climate_valid_years_7": 3, "climate_valid_years_10": 2 }, "geometry": { "type": "Polygon", "coordinates": [ [ [ 588556.501599446870387, 6626563.948471529409289 ], [ 588556.501599446870387, 6627063.948471529409289 ], [ 588056.501599446870387, 6627063.948471529409289 ], [ 588056.501599446870387, 6626563.948471529409289 ], [ 588556.501599446870387, 6626563.948471529409289 ] ] ] } },
{ "type": "Feature", "properties": { "cell_id": 270308, "row": 880, "column": 515, "component": 0, "cell_area_m2": 250000.0, "centroid_x_m": 768806.50159944687, "centroid_y_m": 6634813.9484715285, "latitude": -30.388763326721371, "longitude": -60.20250583506494, "valid": 1, "invalid_reason": null, "climate_pixel_id": "596:1197", "solar_annual_kwh_m2": 1809.4316186282356, "climate_valid_years_1": 3, "climate_valid_years_4": 3, "climate_valid_years_7": 3, "climate_valid_years_10": 2 }, "geometry": { "type": "Polygon", "coordinates": [ [ [ 769056.501599446870387, 6634563.948471529409289 ], [ 769056.501599446870387, 6635063.948471529409289 ], [ 768556.501599446870387, 6635063.948471529409289 ], [ 768556.501599446870387, 6634563.948471529409289 ], [ 769056.501599446870387, 6634563.948471529409289 ] ] ] } },
{ "type": "Feature", "properties": { "cell_id": 270309, "row": 880, "column": 516, "component": 0, "cell_area_m2": 250000.0, "centroid_x_m": 769306.50159944687, "centroid_y_m": 6634813.9484715285, "latitude": -30.388651824061064, "longitude": -60.197307511919625, "valid": 1, "invalid_reason": null, "climate_pixel_id": "596:1197", "solar_annual_kwh_m2": 1809.4316186282356, "climate_valid_years_1": 3, "climate_valid_years_4": 3, "climate_valid_years_7": 3, "climate_valid_years_10": 2 }, "geometry": { "type": "Polygon", "coordinates": [ [ [ 769556.501599446870387, 6634563.948471529409289 ], [ 769556.501599446870387, 6635063.948471529409289 ], [ 769056.501599446870387, 6635063.948471529409289 ], [ 769056.501599446870387, 6634563.948471529409289 ], [ 769556.501599446870387, 6634563.948471529409289 ] ] ] } },
{ "type": "Feature", "properties": { "cell_id": 291137, "row": 925, "column": 192, "component": 0, "cell_area_m2": 250000.0, "centroid_x_m": 607306.50159944687, "centroid_y_m": 6657313.9484715285, "latitude": -30.210949713408507, "longitude": -61.885081715719416, "valid": 1, "invalid_reason": null, "climate_pixel_id": "598:1180", "solar_annual_kwh_m2": 1865.8504151582538, "climate_valid_years_1": 3, "climate_valid_years_4": 3, "climate_valid_years_7": 3, "climate_valid_years_10": 2 }, "geometry": { "type": "Polygon", "coordinates": [ [ [ 607556.501599446870387, 6657063.948471529409289 ], [ 607556.501599446870387, 6657563.948471529409289 ], [ 607056.501599446870387, 6657563.948471529409289 ], [ 607056.501599446870387, 6657063.948471529409289 ], [ 607556.501599446870387, 6657063.948471529409289 ] ] ] } },
{ "type": "Feature", "properties": { "cell_id": 291610, "row": 926, "column": 192, "component": 0, "cell_area_m2": 250000.0, "centroid_x_m": 607306.50159944687, "centroid_y_m": 6657813.9484715285, "latitude": -30.206438408844715, "longitude": -61.885132575273772, "valid": 1, "invalid_reason": null, "climate_pixel_id": "598:1180", "solar_annual_kwh_m2": 1865.8504151582538, "climate_valid_years_1": 3, "climate_valid_years_4": 3, "climate_valid_years_7": 3, "climate_valid_years_10": 2 }, "geometry": { "type": "Polygon", "coordinates": [ [ [ 607556.501599446870387, 6657563.948471529409289 ], [ 607556.501599446870387, 6658063.948471529409289 ], [ 607056.501599446870387, 6658063.948471529409289 ], [ 607056.501599446870387, 6657563.948471529409289 ], [ 607556.501599446870387, 6657563.948471529409289 ] ] ] } },
{ "type": "Feature", "properties": { "cell_id": 292083, "row": 927, "column": 192, "component": 0, "cell_area_m2": 250000.0, "centroid_x_m": 607306.50159944687, "centroid_y_m": 6658313.9484715285, "latitude": -30.201927101096295, "longitude": -61.885183423311503, "valid": 1, "invalid_reason": null, "climate_pixel_id": "598:1180", "solar_annual_kwh_m2": 1865.8504151582538, "climate_valid_years_1": 3, "climate_valid_years_4": 3, "climate_valid_years_7": 3, "climate_valid_years_10": 2 }, "geometry": { "type": "Polygon", "coordinates": [ [ [ 607556.501599446870387, 6658063.948471529409289 ], [ 607556.501599446870387, 6658563.948471529409289 ], [ 607056.501599446870387, 6658563.948471529409289 ], [ 607056.501599446870387, 6658063.948471529409289 ], [ 607556.501599446870387, 6658063.948471529409289 ] ] ] } },
{ "type": "Feature", "properties": { "cell_id": 292084, "row": 927, "column": 193, "component": 0, "cell_area_m2": 250000.0, "centroid_x_m": 607806.50159944687, "centroid_y_m": 6658313.9484715285, "latitude": -30.201882836227135, "longitude": -61.879989709473023, "valid": 1, "invalid_reason": null, "climate_pixel_id": "598:1180", "solar_annual_kwh_m2": 1865.8504151582538, "climate_valid_years_1": 3, "climate_valid_years_4": 3, "climate_valid_years_7": 3, "climate_valid_years_10": 2 }, "geometry": { "type": "Polygon", "coordinates": [ [ [ 608056.501599446870387, 6658063.948471529409289 ], [ 608056.501599446870387, 6658563.948471529409289 ], [ 607556.501599446870387, 6658563.948471529409289 ], [ 607556.501599446870387, 6658063.948471529409289 ], [ 608056.501599446870387, 6658063.948471529409289 ] ] ] } },
{ "type": "Feature", "properties": { "cell_id": 292085, "row": 927, "column": 194, "component": 0, "cell_area_m2": 250000.0, "centroid_x_m": 608306.50159944687, "centroid_y_m": 6658313.9484715285, "latitude": -30.201838365700866, "longitude": -61.874796007202598, "valid": 1, "invalid_reason": null, "climate_pixel_id": "598:1180", "solar_annual_kwh_m2": 1865.8504151582538, "climate_valid_years_1": 3, "climate_valid_years_4": 3, "climate_valid_years_7": 3, "climate_valid_years_10": 2 }, "geometry": { "type": "Polygon", "coordinates": [ [ [ 608556.501599446870387, 6658063.948471529409289 ], [ 608556.501599446870387, 6658563.948471529409289 ], [ 608056.501599446870387, 6658563.948471529409289 ], [ 608056.501599446870387, 6658063.948471529409289 ], [ 608556.501599446870387, 6658063.948471529409289 ] ] ] } },
{ "type": "Feature", "properties": { "cell_id": 292558, "row": 928, "column": 193, "component": 0, "cell_area_m2": 250000.0, "centroid_x_m": 607806.50159944687, "centroid_y_m": 6658813.9484715285, "latitude": -30.197371533269873, "longitude": -61.880040782713387, "valid": 1, "invalid_reason": null, "climate_pixel_id": "598:1180", "solar_annual_kwh_m2": 1865.8504151582538, "climate_valid_years_1": 3, "climate_valid_years_4": 3, "climate_valid_years_7": 3, "climate_valid_years_10": 2 }, "geometry": { "type": "Polygon", "coordinates": [ [ [ 608056.501599446870387, 6658563.948471529409289 ], [ 608056.501599446870387, 6659063.948471529409289 ], [ 607556.501599446870387, 6659063.948471529409289 ], [ 607556.501599446870387, 6658563.948471529409289 ], [ 608056.501599446870387, 6658563.948471529409289 ] ] ] } },
{ "type": "Feature", "properties": { "cell_id": 292559, "row": 928, "column": 194, "component": 0, "cell_area_m2": 250000.0, "centroid_x_m": 608306.50159944687, "centroid_y_m": 6658813.9484715285, "latitude": -30.197327070756153, "longitude": -61.874847317157851, "valid": 1, "invalid_reason": null, "climate_pixel_id": "598:1180", "solar_annual_kwh_m2": 1865.8504151582538, "climate_valid_years_1": 3, "climate_valid_years_4": 3, "climate_valid_years_7": 3, "climate_valid_years_10": 2 }, "geometry": { "type": "Polygon", "coordinates": [ [ [ 608556.501599446870387, 6658563.948471529409289 ], [ 608556.501599446870387, 6659063.948471529409289 ], [ 608056.501599446870387, 6659063.948471529409289 ], [ 608056.501599446870387, 6658563.948471529409289 ], [ 608556.501599446870387, 6658563.948471529409289 ] ] ] } },
{ "type": "Feature", "properties": { "cell_id": 293033, "row": 929, "column": 194, "component": 0, "cell_area_m2": 250000.0, "centroid_x_m": 608306.50159944687, "centroid_y_m": 6659313.9484715285, "latitude": -30.192815772625995, "longitude": -61.874898615493684, "valid": 1, "invalid_reason": null, "climate_pixel_id": "598:1180", "solar_annual_kwh_m2": 1865.8504151582538, "climate_valid_years_1": 3, "climate_valid_years_4": 3, "climate_valid_years_7": 3, "climate_valid_years_10": 2 }, "geometry": { "type": "Polygon", "coordinates": [ [ [ 608556.501599446870387, 6659063.948471529409289 ], [ 608556.501599446870387, 6659563.948471529409289 ], [ 608056.501599446870387, 6659563.948471529409289 ], [ 608056.501599446870387, 6659063.948471529409289 ], [ 608556.501599446870387, 6659063.948471529409289 ] ] ] } },
{ "type": "Feature", "properties": { "cell_id": 293034, "row": 929, "column": 195, "component": 0, "cell_area_m2": 250000.0, "centroid_x_m": 608806.50159944687, "centroid_y_m": 6659313.9484715285, "latitude": -30.192771112542747, "longitude": -61.869705398216666, "valid": 1, "invalid_reason": null, "climate_pixel_id": "598:1180", "solar_annual_kwh_m2": 1865.8504151582538, "climate_valid_years_1": 3, "climate_valid_years_4": 3, "climate_valid_years_7": 3, "climate_valid_years_10": 2 }, "geometry": { "type": "Polygon", "coordinates": [ [ [ 609056.501599446870387, 6659063.948471529409289 ], [ 609056.501599446870387, 6659563.948471529409289 ], [ 608556.501599446870387, 6659563.948471529409289 ], [ 608556.501599446870387, 6659063.948471529409289 ], [ 609056.501599446870387, 6659063.948471529409289 ] ] ] } },
{ "type": "Feature", "properties": { "cell_id": 293035, "row": 929, "column": 196, "component": 0, "cell_area_m2": 250000.0, "centroid_x_m": 609306.50159944687, "centroid_y_m": 6659313.9484715285, "latitude": -30.192726246879769, "longitude": -61.864512192610448, "valid": 1, "invalid_reason": null, "climate_pixel_id": "598:1180", "solar_annual_kwh_m2": 1865.8504151582538, "climate_valid_years_1": 3, "climate_valid_years_4": 3, "climate_valid_years_7": 3, "climate_valid_years_10": 2 }, "geometry": { "type": "Polygon", "coordinates": [ [ [ 609556.501599446870387, 6659063.948471529409289 ], [ 609556.501599446870387, 6659563.948471529409289 ], [ 609056.501599446870387, 6659563.948471529409289 ], [ 609056.501599446870387, 6659063.948471529409289 ], [ 609556.501599446870387, 6659063.948471529409289 ] ] ] } },
{ "type": "Feature", "properties": { "cell_id": 294694, "row": 932, "column": 431, "component": 0, "cell_area_m2": 250000.0, "centroid_x_m": 726806.50159944687, "centroid_y_m": 6660813.9484715285, "latitude": -30.162961593669458, "longitude": -60.644871521726543, "valid": 1, "invalid_reason": null, "climate_pixel_id": "598:1193", "solar_annual_kwh_m2": 1810.8657632993827, "climate_valid_years_1": 3, "climate_valid_years_4": 3, "climate_valid_years_7": 3, "climate_valid_years_10": 2 }, "geometry": { "type": "Polygon", "coordinates": [ [ [ 727056.501599446870387, 6660563.948471529409289 ], [ 727056.501599446870387, 6661063.948471529409289 ], [ 726556.501599446870387, 6661063.948471529409289 ], [ 726556.501599446870387, 6660563.948471529409289 ], [ 727056.501599446870387, 6660563.948471529409289 ] ] ] } },
{ "type": "Feature", "properties": { "cell_id": 295166, "row": 933, "column": 429, "component": 0, "cell_area_m2": 250000.0, "centroid_x_m": 725806.50159944687, "centroid_y_m": 6661313.9484715285, "latitude": -30.158639114578982, "longitude": -60.655354823647627, "valid": 1, "invalid_reason": null, "climate_pixel_id": "598:1192", "solar_annual_kwh_m2": 1810.6819369989048, "climate_valid_years_1": 3, "climate_valid_years_4": 3, "climate_valid_years_7": 3, "climate_valid_years_10": 2 }, "geometry": { "type": "Polygon", "coordinates": [ [ [ 726056.501599446870387, 6661063.948471529409289 ], [ 726056.501599446870387, 6661563.948471529409289 ], [ 725556.501599446870387, 6661563.948471529409289 ], [ 725556.501599446870387, 6661063.948471529409289 ], [ 726056.501599446870387, 6661063.948471529409289 ] ] ] } },
{ "type": "Feature", "properties": { "cell_id": 295167, "row": 933, "column": 430, "component": 0, "cell_area_m2": 250000.0, "centroid_x_m": 726306.50159944687, "centroid_y_m": 6661313.9484715285, "latitude": -30.158546271805267, "longitude": -60.650166763010134, "valid": 1, "invalid_reason": null, "climate_pixel_id": "598:1192", "solar_annual_kwh_m2": 1810.6819369989048, "climate_valid_years_1": 3, "climate_valid_years_4": 3, "climate_valid_years_7": 3, "climate_valid_years_10": 2 }, "geometry": { "type": "Polygon", "coordinates": [ [ [ 726556.501599446870387, 6661063.948471529409289 ], [ 726556.501599446870387, 6661563.948471529409289 ], [ 726056.501599446870387, 6661563.948471529409289 ], [ 726056.501599446870387, 6661063.948471529409289 ], [ 726556.501599446870387, 6661063.948471529409289 ] ] ] } },
{ "type": "Feature", "properties": { "cell_id": 295168, "row": 933, "column": 431, "component": 0, "cell_area_m2": 250000.0, "centroid_x_m": 726806.50159944687, "centroid_y_m": 6661313.9484715285, "latitude": -30.15845322419565, "longitude": -60.644978726588135, "valid": 1, "invalid_reason": null, "climate_pixel_id": "598:1193", "solar_annual_kwh_m2": 1810.8657632993827, "climate_valid_years_1": 3, "climate_valid_years_4": 3, "climate_valid_years_7": 3, "climate_valid_years_10": 2 }, "geometry": { "type": "Polygon", "coordinates": [ [ [ 727056.501599446870387, 6661063.948471529409289 ], [ 727056.501599446870387, 6661563.948471529409289 ], [ 726556.501599446870387, 6661563.948471529409289 ], [ 726556.501599446870387, 6661063.948471529409289 ], [ 727056.501599446870387, 6661063.948471529409289 ] ] ] } },
{ "type": "Feature", "properties": { "cell_id": 295642, "row": 934, "column": 430, "component": 0, "cell_area_m2": 250000.0, "centroid_x_m": 726306.50159944687, "centroid_y_m": 6661813.9484715285, "latitude": -30.15403788211713, "longitude": -60.650273708017835, "valid": 1, "invalid_reason": null, "climate_pixel_id": "598:1192", "solar_annual_kwh_m2": 1810.6819369989048, "climate_valid_years_1": 3, "climate_valid_years_4": 3, "climate_valid_years_7": 3, "climate_valid_years_10": 2 }, "geometry": { "type": "Polygon", "coordinates": [ [ [ 726556.501599446870387, 6661563.948471529409289 ], [ 726556.501599446870387, 6662063.948471529409289 ], [ 726056.501599446870387, 6662063.948471529409289 ], [ 726056.501599446870387, 6661563.948471529409289 ], [ 726556.501599446870387, 6661563.948471529409289 ] ] ] } },
{ "type": "Feature", "properties": { "cell_id": 309243, "row": 962, "column": 637, "component": 0, "cell_area_m2": 250000.0, "centroid_x_m": 829806.50159944687, "centroid_y_m": 6675813.9484715285, "latitude": -30.004302316657675, "longitude": -59.581336221219182, "valid": 1, "invalid_reason": null, "climate_pixel_id": "600:1203", "solar_annual_kwh_m2": 1798.8024117346677, "climate_valid_years_1": 3, "climate_valid_years_4": 3, "climate_valid_years_7": 3, "climate_valid_years_10": 2 }, "geometry": { "type": "Polygon", "coordinates": [ [ [ 830056.501599446870387, 6675563.948471529409289 ], [ 830056.501599446870387, 6676063.948471529409289 ], [ 829556.501599446870387, 6676063.948471529409289 ], [ 829556.501599446870387, 6675563.948471529409289 ], [ 830056.501599446870387, 6675563.948471529409289 ] ] ] } },
{ "type": "Feature", "properties": { "cell_id": 309245, "row": 962, "column": 639, "component": 0, "cell_area_m2": 250000.0, "centroid_x_m": 830806.50159944687, "centroid_y_m": 6675813.9484715285, "latitude": -30.004032798474181, "longitude": -59.570986050494881, "valid": 1, "invalid_reason": null, "climate_pixel_id": "600:1203", "solar_annual_kwh_m2": 1798.8024117346677, "climate_valid_years_1": 3, "climate_valid_years_4": 3, "climate_valid_years_7": 3, "climate_valid_years_10": 2 }, "geometry": { "type": "Polygon", "coordinates": [ [ [ 831056.501599446870387, 6675563.948471529409289 ], [ 831056.501599446870387, 6676063.948471529409289 ], [ 830556.501599446870387, 6676063.948471529409289 ], [ 830556.501599446870387, 6675563.948471529409289 ], [ 831056.501599446870387, 6675563.948471529409289 ] ] ] } },
{ "type": "Feature", "properties": { "cell_id": 309725, "row": 963, "column": 637, "component": 0, "cell_area_m2": 250000.0, "centroid_x_m": 829806.50159944687, "centroid_y_m": 6676313.9484715285, "latitude": -29.999798072533974, "longitude": -59.581490801190931, "valid": 1, "invalid_reason": null, "climate_pixel_id": "600:1203", "solar_annual_kwh_m2": 1798.8024117346677, "climate_valid_years_1": 3, "climate_valid_years_4": 3, "climate_valid_years_7": 3, "climate_valid_years_10": 2 }, "geometry": { "type": "Polygon", "coordinates": [ [ [ 830056.501599446870387, 6676063.948471529409289 ], [ 830056.501599446870387, 6676563.948471529409289 ], [ 829556.501599446870387, 6676563.948471529409289 ], [ 829556.501599446870387, 6676063.948471529409289 ], [ 830056.501599446870387, 6676063.948471529409289 ] ] ] } },
{ "type": "Feature", "properties": { "cell_id": 309726, "row": 963, "column": 638, "component": 0, "cell_area_m2": 250000.0, "centroid_x_m": 830306.50159944687, "centroid_y_m": 6676313.9484715285, "latitude": -29.999663439213609, "longitude": -59.576315931182044, "valid": 1, "invalid_reason": null, "climate_pixel_id": "600:1203", "solar_annual_kwh_m2": 1798.8024117346677, "climate_valid_years_1": 3, "climate_valid_years_4": 3, "climate_valid_years_7": 3, "climate_valid_years_10": 2 }, "geometry": { "type": "Polygon", "coordinates": [ [ [ 830556.501599446870387, 6676063.948471529409289 ], [ 830556.501599446870387, 6676563.948471529409289 ], [ 830056.501599446870387, 6676563.948471529409289 ], [ 830056.501599446870387, 6676063.948471529409289 ], [ 830556.501599446870387, 6676063.948471529409289 ] ] ] } },
{ "type": "Feature", "properties": { "cell_id": 309727, "row": 963, "column": 639, "component": 0, "cell_area_m2": 238067.48451331307, "centroid_x_m": 830795.8692140202, "centroid_y_m": 6676304.9273078786, "latitude": -29.999612738612317, "longitude": -59.571248340560167, "valid": 1, "invalid_reason": null, "climate_pixel_id": "600:1203", "solar_annual_kwh_m2": 1798.8024117346677, "climate_valid_years_1": 3, "climate_valid_years_4": 3, "climate_valid_years_7": 3, "climate_valid_years_10": 2 }, "geometry": { "type": "Polygon", "coordinates": [ [ [ 831056.501599446870387, 6676063.948471529409289 ], [ 830556.501599446870387, 6676063.948471529409289 ], [ 830556.501599446870387, 6676563.948471529409289 ], [ 830942.886118634021841, 6676563.948471529409289 ], [ 830965.996385416714475, 6676521.223682541400194 ], [ 831056.501599446870387, 6676353.896114506758749 ], [ 831056.501599446870387, 6676063.948471529409289 ] ] ] } },
{ "type": "Feature", "properties": { "cell_id": 309728, "row": 963, "column": 640, "component": 0, "cell_area_m2": 17434.236537815574, "centroid_x_m": 831092.51894829131, "centroid_y_m": 6676173.4339320129, "latitude": -30.000717187204035, "longitude": -59.568137320621879, "valid": 1, "invalid_reason": null, "climate_pixel_id": "600:1203", "solar_annual_kwh_m2": 1798.8024117346677, "climate_valid_years_1": 3, "climate_valid_years_4": 3, "climate_valid_years_7": 3, "climate_valid_years_10": 2 }, "geometry": { "type": "Polygon", "coordinates": [ [ [ 831056.501599446870387, 6676063.948471529409289 ], [ 831056.501599446870387, 6676353.896114506758749 ], [ 831124.99406346748583, 6676227.266090413555503 ], [ 831148.403775548213162, 6676063.948471529409289 ], [ 831056.501599446870387, 6676063.948471529409289 ] ] ] } },
{ "type": "Feature", "properties": { "cell_id": 310207, "row": 964, "column": 637, "component": 0, "cell_area_m2": 250000.0, "centroid_x_m": 829806.50159944687, "centroid_y_m": 6676813.9484715285, "latitude": -29.995293824602793, "longitude": -59.581645346156954, "valid": 1, "invalid_reason": null, "climate_pixel_id": "600:1203", "solar_annual_kwh_m2": 1798.8024117346677, "climate_valid_years_1": 3, "climate_valid_years_4": 3, "climate_valid_years_7": 3, "climate_valid_years_10": 2 }, "geometry": { "type": "Polygon", "coordinates": [ [ [ 830056.501599446870387, 6676563.948471529409289 ], [ 830056.501599446870387, 6677063.948471529409289 ], [ 829556.501599446870387, 6677063.948471529409289 ], [ 829556.501599446870387, 6676563.948471529409289 ], [ 830056.501599446870387, 6676563.948471529409289 ] ] ] } },
{ "type": "Feature", "properties": { "cell_id": 310208, "row": 964, "column": 638, "component": 0, "cell_area_m2": 245210.41968137267, "centroid_x_m": 830302.26766917552, "centroid_y_m": 6676809.6908305297, "latitude": -29.995198711055135, "longitude": -59.576513209128265, "valid": 1, "invalid_reason": null, "climate_pixel_id": "600:1203", "solar_annual_kwh_m2": 1798.8024117346677, "climate_valid_years_1": 3, "climate_valid_years_4": 3, "climate_valid_years_7": 3, "climate_valid_years_10": 2 }, "geometry": { "type": "Polygon", "coordinates": [ [ [ 830556.501599446870387, 6676563.948471529409289 ], [ 830056.501599446870387, 6676563.948471529409289 ], [ 830056.501599446870387, 6677063.948471529409289 ], [ 830456.790612049982883, 6677063.948471529409289 ], [ 830556.501599446870387, 6676967.879212891682982 ], [ 830556.501599446870387, 6676563.948471529409289 ] ] ] } },
{ "type": "Feature", "properties": { "cell_id": 310209, "row": 964, "column": 639, "component": 0, "cell_area_m2": 83583.40870127111, "centroid_x_m": 830693.05181045388, "centroid_y_m": 6676700.0553490892, "latitude": -29.99608100653839, "longitude": -59.572434924649983, "valid": 1, "invalid_reason": null, "climate_pixel_id": "600:1203", "solar_annual_kwh_m2": 1798.8024117346677, "climate_valid_years_1": 3, "climate_valid_years_4": 3, "climate_valid_years_7": 3, "climate_valid_years_10": 2 }, "geometry": { "type": "Polygon", "coordinates": [ [ [ 830556.501599446870387, 6676563.948471529409289 ], [ 830556.501599446870387, 6676967.879212891682982 ], [ 830686.322115641902201, 6676842.800111055374146 ], [ 830836.488223630934954, 6676698.101045864634216 ], [ 830907.155742866103537, 6676630.004138873890042 ], [ 830911.870175257325172, 6676621.288534369319677 ], [ 830925.411097667296417, 6676596.255177046172321 ], [ 830942.886118634021841, 6676563.948471529409289 ], [ 830556.501599446870387, 6676563.948471529409289 ] ] ] } },
{ "type": "Feature", "properties": { "cell_id": 310688, "row": 965, "column": 638, "component": 0, "cell_area_m2": 77189.595598287517, "centroid_x_m": 830189.9312703145, "centroid_y_m": 6677192.5049114479, "latitude": -29.991780404025004, "longitude": -59.57779424402726, "valid": 1, "invalid_reason": null, "climate_pixel_id": "600:1203", "solar_annual_kwh_m2": 1798.8024117346677, "climate_valid_years_1": 3, "climate_valid_years_4": 3, "climate_valid_years_7": 3, "climate_valid_years_10": 2 }, "geometry": { "type": "Polygon", "coordinates": [ [ [ 830056.501599446870387, 6677063.948471529409289 ], [ 830056.501599446870387, 6677449.617791285738349 ], [ 830456.790612049982883, 6677063.948471529409289 ], [ 830056.501599446870387, 6677063.948471529409289 ] ] ] } },
{ "type": "Feature", "properties": { "cell_id": 334267, "row": 1016, "column": 340, "component": 0, "cell_area_m2": 250000.0, "centroid_x_m": 681306.50159944687, "centroid_y_m": 6702813.9484715285, "latitude": -29.791761018918024, "longitude": -61.12423215842739, "valid": 1, "invalid_reason": null, "climate_pixel_id": "602:1188", "solar_annual_kwh_m2": 1818.8002720039824, "climate_valid_years_1": 3, "climate_valid_years_4": 3, "climate_valid_years_7": 3, "climate_valid_years_10": 2 }, "geometry": { "type": "Polygon", "coordinates": [ [ [ 681556.501599446870387, 6702563.948471529409289 ], [ 681556.501599446870387, 6703063.948471529409289 ], [ 681056.501599446870387, 6703063.948471529409289 ], [ 681056.501599446870387, 6702563.948471529409289 ], [ 681556.501599446870387, 6702563.948471529409289 ] ] ] } },
{ "type": "Feature", "properties": { "cell_id": 334268, "row": 1016, "column": 341, "component": 0, "cell_area_m2": 250000.0, "centroid_x_m": 681806.50159944687, "centroid_y_m": 6702813.9484715285, "latitude": -29.791687531326541, "longitude": -61.119061560008547, "valid": 1, "invalid_reason": null, "climate_pixel_id": "602:1188", "solar_annual_kwh_m2": 1818.8002720039824, "climate_valid_years_1": 3, "climate_valid_years_4": 3, "climate_valid_years_7": 3, "climate_valid_years_10": 2 }, "geometry": { "type": "Polygon", "coordinates": [ [ [ 682056.501599446870387, 6702563.948471529409289 ], [ 682056.501599446870387, 6703063.948471529409289 ], [ 681556.501599446870387, 6703063.948471529409289 ], [ 681556.501599446870387, 6702563.948471529409289 ], [ 682056.501599446870387, 6702563.948471529409289 ] ] ] } },
{ "type": "Feature", "properties": { "cell_id": 334731, "row": 1017, "column": 339, "component": 0, "cell_area_m2": 250000.0, "centroid_x_m": 680806.50159944687, "centroid_y_m": 6703313.9484715285, "latitude": -29.78732426873496, "longitude": -61.129486670403196, "valid": 1, "invalid_reason": null, "climate_pixel_id": "602:1188", "solar_annual_kwh_m2": 1818.8002720039824, "climate_valid_years_1": 3, "climate_valid_years_4": 3, "climate_valid_years_7": 3, "climate_valid_years_10": 2 }, "geometry": { "type": "Polygon", "coordinates": [ [ [ 681056.501599446870387, 6703063.948471529409289 ], [ 681056.501599446870387, 6703563.948471529409289 ], [ 680556.501599446870387, 6703563.948471529409289 ], [ 680556.501599446870387, 6703063.948471529409289 ], [ 681056.501599446870387, 6703063.948471529409289 ] ] ] } },
{ "type": "Feature", "properties": { "cell_id": 334732, "row": 1017, "column": 340, "component": 0, "cell_area_m2": 250000.0, "centroid_x_m": 681306.50159944687, "centroid_y_m": 6703313.9484715285, "latitude": -29.787250996512178, "longitude": -61.124316284437811, "valid": 1, "invalid_reason": null, "climate_pixel_id": "602:1188", "solar_annual_kwh_m2": 1818.8002720039824, "climate_valid_years_1": 3, "climate_valid_years_4": 3, "climate_valid_years_7": 3, "climate_valid_years_10": 2 }, "geometry": { "type": "Polygon", "coordinates": [ [ [ 681556.501599446870387, 6703063.948471529409289 ], [ 681556.501599446870387, 6703563.948471529409289 ], [ 681056.501599446870387, 6703563.948471529409289 ], [ 681056.501599446870387, 6703063.948471529409289 ], [ 681556.501599446870387, 6703063.948471529409289 ] ] ] } },
{ "type": "Feature", "properties": { "cell_id": 334733, "row": 1017, "column": 341, "component": 0, "cell_area_m2": 250000.0, "centroid_x_m": 681806.50159944687, "centroid_y_m": 6703313.9484715285, "latitude": -29.787177522268713, "longitude": -61.119145917581484, "valid": 1, "invalid_reason": null, "climate_pixel_id": "602:1188", "solar_annual_kwh_m2": 1818.8002720039824, "climate_valid_years_1": 3, "climate_valid_years_4": 3, "climate_valid_years_7": 3, "climate_valid_years_10": 2 }, "geometry": { "type": "Polygon", "coordinates": [ [ [ 682056.501599446870387, 6703063.948471529409289 ], [ 682056.501599446870387, 6703563.948471529409289 ], [ 681556.501599446870387, 6703563.948471529409289 ], [ 681556.501599446870387, 6703063.948471529409289 ], [ 682056.501599446870387, 6703063.948471529409289 ] ] ] } },
{ "type": "Feature", "properties": { "cell_id": 335197, "row": 1018, "column": 340, "component": 0, "cell_area_m2": 250000.0, "centroid_x_m": 681306.50159944687, "centroid_y_m": 6703813.9484715285, "latitude": -29.782740970811368, "longitude": -61.124400391339186, "valid": 1, "invalid_reason": null, "climate_pixel_id": "602:1188", "solar_annual_kwh_m2": 1818.8002720039824, "climate_valid_years_1": 3, "climate_valid_years_4": 3, "climate_valid_years_7": 3, "climate_valid_years_10": 2 }, "geometry": { "type": "Polygon", "coordinates": [ [ [ 681556.501599446870387, 6703563.948471529409289 ], [ 681556.501599446870387, 6704063.948471529409289 ], [ 681056.501599446870387, 6704063.948471529409289 ], [ 681056.501599446870387, 6703563.948471529409289 ], [ 681556.501599446870387, 6703563.948471529409289 ] ] ] } },
{ "type": "Feature", "properties": { "cell_id": 335198, "row": 1018, "column": 341, "component": 0, "cell_area_m2": 250000.0, "centroid_x_m": 681806.50159944687, "centroid_y_m": 6703813.9484715285, "latitude": -29.782667509914749, "longitude": -61.119230255992804, "valid": 1, "invalid_reason": null, "climate_pixel_id": "602:1188", "solar_annual_kwh_m2": 1818.8002720039824, "climate_valid_years_1": 3, "climate_valid_years_4": 3, "climate_valid_years_7": 3, "climate_valid_years_10": 2 }, "geometry": { "type": "Polygon", "coordinates": [ [ [ 682056.501599446870387, 6703563.948471529409289 ], [ 682056.501599446870387, 6704063.948471529409289 ], [ 681556.501599446870387, 6704063.948471529409289 ], [ 681556.501599446870387, 6703563.948471529409289 ], [ 682056.501599446870387, 6703563.948471529409289 ] ] ] } },
{ "type": "Feature", "properties": { "cell_id": 335199, "row": 1018, "column": 342, "component": 0, "cell_area_m2": 250000.0, "centroid_x_m": 682306.50159944687, "centroid_y_m": 6703813.9484715285, "latitude": -29.782593847036829, "longitude": -61.114060139804423, "valid": 1, "invalid_reason": null, "climate_pixel_id": "602:1188", "solar_annual_kwh_m2": 1818.8002720039824, "climate_valid_years_1": 3, "climate_valid_years_4": 3, "climate_valid_years_7": 3, "climate_valid_years_10": 2 }, "geometry": { "type": "Polygon", "coordinates": [ [ [ 682556.501599446870387, 6703563.948471529409289 ], [ 682556.501599446870387, 6704063.948471529409289 ], [ 682056.501599446870387, 6704063.948471529409289 ], [ 682056.501599446870387, 6703563.948471529409289 ], [ 682556.501599446870387, 6703563.948471529409289 ] ] ] } },
{ "type": "Feature", "properties": { "cell_id": 335662, "row": 1019, "column": 340, "component": 0, "cell_area_m2": 250000.0, "centroid_x_m": 681306.50159944687, "centroid_y_m": 6704313.9484715285, "latitude": -29.778230941815902, "longitude": -61.124484479135091, "valid": 1, "invalid_reason": null, "climate_pixel_id": "602:1188", "solar_annual_kwh_m2": 1818.8002720039824, "climate_valid_years_1": 3, "climate_valid_years_4": 3, "climate_valid_years_7": 3, "climate_valid_years_10": 2 }, "geometry": { "type": "Polygon", "coordinates": [ [ [ 681556.501599446870387, 6704063.948471529409289 ], [ 681556.501599446870387, 6704563.948471529409289 ], [ 681056.501599446870387, 6704563.948471529409289 ], [ 681056.501599446870387, 6704063.948471529409289 ], [ 681556.501599446870387, 6704063.948471529409289 ] ] ] } },
{ "type": "Feature", "properties": { "cell_id": 343818, "row": 1036, "column": 599, "component": 0, "cell_area_m2": 250000.0, "centroid_x_m": 810806.50159944687, "centroid_y_m": 6712813.9484715285, "latitude": -29.675878419136939, "longitude": -59.788710535002217, "valid": 1, "invalid_reason": null, "climate_pixel_id": "603:1201", "solar_annual_kwh_m2": 1807.132872414526, "climate_valid_years_1": 3, "climate_valid_years_4": 3, "climate_valid_years_7": 3, "climate_valid_years_10": 2 }, "geometry": { "type": "Polygon", "coordinates": [ [ [ 811056.501599446870387, 6712563.948471529409289 ], [ 811056.501599446870387, 6713063.948471529409289 ], [ 810556.501599446870387, 6713063.948471529409289 ], [ 810556.501599446870387, 6712563.948471529409289 ], [ 811056.501599446870387, 6712563.948471529409289 ] ] ] } },
{ "type": "Feature", "properties": { "cell_id": 343819, "row": 1036, "column": 600, "component": 0, "cell_area_m2": 250000.0, "centroid_x_m": 811306.50159944687, "centroid_y_m": 6712813.9484715285, "latitude": -29.675753166710617, "longitude": -59.783551248659812, "valid": 1, "invalid_reason": null, "climate_pixel_id": "603:1201", "solar_annual_kwh_m2": 1807.132872414526, "climate_valid_years_1": 3, "climate_valid_years_4": 3, "climate_valid_years_7": 3, "climate_valid_years_10": 2 }, "geometry": { "type": "Polygon", "coordinates": [ [ [ 811556.501599446870387, 6712563.948471529409289 ], [ 811556.501599446870387, 6713063.948471529409289 ], [ 811056.501599446870387, 6713063.948471529409289 ], [ 811056.501599446870387, 6712563.948471529409289 ], [ 811556.501599446870387, 6712563.948471529409289 ] ] ] } },
{ "type": "Feature", "properties": { "cell_id": 344281, "row": 1037, "column": 599, "component": 0, "cell_area_m2": 250000.0, "centroid_x_m": 810806.50159944687, "centroid_y_m": 6713313.9484715285, "latitude": -29.671373003246458, "longitude": -59.788853834799134, "valid": 1, "invalid_reason": null, "climate_pixel_id": "603:1201", "solar_annual_kwh_m2": 1807.132872414526, "climate_valid_years_1": 3, "climate_valid_years_4": 3, "climate_valid_years_7": 3, "climate_valid_years_10": 2 }, "geometry": { "type": "Polygon", "coordinates": [ [ [ 811056.501599446870387, 6713063.948471529409289 ], [ 811056.501599446870387, 6713563.948471529409289 ], [ 810556.501599446870387, 6713563.948471529409289 ], [ 810556.501599446870387, 6713063.948471529409289 ], [ 811056.501599446870387, 6713063.948471529409289 ] ] ] } },
{ "type": "Feature", "properties": { "cell_id": 344282, "row": 1037, "column": 600, "component": 0, "cell_area_m2": 250000.0, "centroid_x_m": 811306.50159944687, "centroid_y_m": 6713313.9484715285, "latitude": -29.671247773602111, "longitude": -59.783694777716121, "valid": 1, "invalid_reason": null, "climate_pixel_id": "603:1201", "solar_annual_kwh_m2": 1807.132872414526, "climate_valid_years_1": 3, "climate_valid_years_4": 3, "climate_valid_years_7": 3, "climate_valid_years_10": 2 }, "geometry": { "type": "Polygon", "coordinates": [ [ [ 811556.501599446870387, 6713063.948471529409289 ], [ 811556.501599446870387, 6713563.948471529409289 ], [ 811056.501599446870387, 6713563.948471529409289 ], [ 811056.501599446870387, 6713063.948471529409289 ], [ 811556.501599446870387, 6713063.948471529409289 ] ] ] } },
{ "type": "Feature", "properties": { "cell_id": 344744, "row": 1038, "column": 599, "component": 0, "cell_area_m2": 250000.0, "centroid_x_m": 810806.50159944687, "centroid_y_m": 6713813.9484715285, "latitude": -29.666867583660952, "longitude": -59.788997102046672, "valid": 1, "invalid_reason": null, "climate_pixel_id": "603:1201", "solar_annual_kwh_m2": 1807.132872414526, "climate_valid_years_1": 3, "climate_valid_years_4": 3, "climate_valid_years_7": 3, "climate_valid_years_10": 2 }, "geometry": { "type": "Polygon", "coordinates": [ [ [ 811056.501599446870387, 6713563.948471529409289 ], [ 811056.501599446870387, 6714063.948471529409289 ], [ 810556.501599446870387, 6714063.948471529409289 ], [ 810556.501599446870387, 6713563.948471529409289 ], [ 811056.501599446870387, 6713563.948471529409289 ] ] ] } },
{ "type": "Feature", "properties": { "cell_id": 344745, "row": 1038, "column": 600, "component": 0, "cell_area_m2": 250000.0, "centroid_x_m": 811306.50159944687, "centroid_y_m": 6713813.9484715285, "latitude": -29.666742376796616, "longitude": -59.78383827417111, "valid": 1, "invalid_reason": null, "climate_pixel_id": "603:1201", "solar_annual_kwh_m2": 1807.132872414526, "climate_valid_years_1": 3, "climate_valid_years_4": 3, "climate_valid_years_7": 3, "climate_valid_years_10": 2 }, "geometry": { "type": "Polygon", "coordinates": [ [ [ 811556.501599446870387, 6713563.948471529409289 ], [ 811556.501599446870387, 6714063.948471529409289 ], [ 811056.501599446870387, 6714063.948471529409289 ], [ 811056.501599446870387, 6713563.948471529409289 ], [ 811556.501599446870387, 6713563.948471529409289 ] ] ] } },
{ "type": "Feature", "properties": { "cell_id": 345207, "row": 1039, "column": 599, "component": 0, "cell_area_m2": 250000.0, "centroid_x_m": 810806.50159944687, "centroid_y_m": 6714313.9484715285, "latitude": -29.662362160380894, "longitude": -59.789140336750904, "valid": 1, "invalid_reason": null, "climate_pixel_id": "603:1201", "solar_annual_kwh_m2": 1807.132872414526, "climate_valid_years_1": 3, "climate_valid_years_4": 3, "climate_valid_years_7": 3, "climate_valid_years_10": 2 }, "geometry": { "type": "Polygon", "coordinates": [ [ [ 811056.501599446870387, 6714063.948471529409289 ], [ 811056.501599446870387, 6714563.948471529409289 ], [ 810556.501599446870387, 6714563.948471529409289 ], [ 810556.501599446870387, 6714063.948471529409289 ], [ 811056.501599446870387, 6714063.948471529409289 ] ] ] } },
{ "type": "Feature", "properties": { "cell_id": 345208, "row": 1039, "column": 600, "component": 0, "cell_area_m2": 250000.0, "centroid_x_m": 811306.50159944687, "centroid_y_m": 6714313.9484715285, "latitude": -29.662236976294572, "longitude": -59.78398173803086, "valid": 1, "invalid_reason": null, "climate_pixel_id": "603:1201", "solar_annual_kwh_m2": 1807.132872414526, "climate_valid_years_1": 3, "climate_valid_years_4": 3, "climate_valid_years_7": 3, "climate_valid_years_10": 2 }, "geometry": { "type": "Polygon", "coordinates": [ [ [ 811556.501599446870387, 6714063.948471529409289 ], [ 811556.501599446870387, 6714563.948471529409289 ], [ 811056.501599446870387, 6714563.948471529409289 ], [ 811056.501599446870387, 6714063.948471529409289 ], [ 811556.501599446870387, 6714063.948471529409289 ] ] ] } },
{ "type": "Feature", "properties": { "cell_id": 345209, "row": 1039, "column": 601, "component": 0, "cell_area_m2": 250000.0, "centroid_x_m": 811806.50159944687, "centroid_y_m": 6714313.9484715285, "latitude": -29.662111591936167, "longitude": -59.778823171899937, "valid": 1, "invalid_reason": null, "climate_pixel_id": "603:1201", "solar_annual_kwh_m2": 1807.132872414526, "climate_valid_years_1": 3, "climate_valid_years_4": 3, "climate_valid_years_7": 3, "climate_valid_years_10": 2 }, "geometry": { "type": "Polygon", "coordinates": [ [ [ 812056.501599446870387, 6714063.948471529409289 ], [ 812056.501599446870387, 6714563.948471529409289 ], [ 811556.501599446870387, 6714563.948471529409289 ], [ 811556.501599446870387, 6714063.948471529409289 ], [ 812056.501599446870387, 6714063.948471529409289 ] ] ] } },
{ "type": "Feature", "properties": { "cell_id": 345671, "row": 1040, "column": 599, "component": 0, "cell_area_m2": 250000.0, "centroid_x_m": 810806.50159944687, "centroid_y_m": 6714813.9484715285, "latitude": -29.657856733406746, "longitude": -59.789283538917914, "valid": 1, "invalid_reason": null, "climate_pixel_id": "603:1201", "solar_annual_kwh_m2": 1807.132872414526, "climate_valid_years_1": 3, "climate_valid_years_4": 3, "climate_valid_years_7": 3, "climate_valid_years_10": 2 }, "geometry": { "type": "Polygon", "coordinates": [ [ [ 811056.501599446870387, 6714563.948471529409289 ], [ 811056.501599446870387, 6715063.948471529409289 ], [ 810556.501599446870387, 6715063.948471529409289 ], [ 810556.501599446870387, 6714563.948471529409289 ], [ 811056.501599446870387, 6714563.948471529409289 ] ] ] } },
{ "type": "Feature", "properties": { "cell_id": 357767, "row": 1066, "column": 635, "component": 0, "cell_area_m2": 250000.0, "centroid_x_m": 828806.50159944687, "centroid_y_m": 6727813.9484715285, "latitude": -29.536104302824679, "longitude": -59.607528671010826, "valid": 1, "invalid_reason": null, "climate_pixel_id": "605:1203", "solar_annual_kwh_m2": 1815.1801014262746, "climate_valid_years_1": 3, "climate_valid_years_4": 3, "climate_valid_years_7": 3, "climate_valid_years_10": 2 }, "geometry": { "type": "Polygon", "coordinates": [ [ [ 829056.501599446870387, 6727563.948471529409289 ], [ 829056.501599446870387, 6728063.948471529409289 ], [ 828556.501599446870387, 6728063.948471529409289 ], [ 828556.501599446870387, 6727563.948471529409289 ], [ 829056.501599446870387, 6727563.948471529409289 ] ] ] } },
{ "type": "Feature", "properties": { "cell_id": 357768, "row": 1066, "column": 636, "component": 0, "cell_area_m2": 250000.0, "centroid_x_m": 829306.50159944687, "centroid_y_m": 6727813.9484715285, "latitude": -29.53597256144241, "longitude": -59.602377439734639, "valid": 1, "invalid_reason": null, "climate_pixel_id": "605:1203", "solar_annual_kwh_m2": 1815.1801014262746, "climate_valid_years_1": 3, "climate_valid_years_4": 3, "climate_valid_years_7": 3, "climate_valid_years_10": 2 }, "geometry": { "type": "Polygon", "coordinates": [ [ [ 829556.501599446870387, 6727563.948471529409289 ], [ 829556.501599446870387, 6728063.948471529409289 ], [ 829056.501599446870387, 6728063.948471529409289 ], [ 829056.501599446870387, 6727563.948471529409289 ], [ 829556.501599446870387, 6727563.948471529409289 ] ] ] } },
{ "type": "Feature", "properties": { "cell_id": 358230, "row": 1067, "column": 635, "component": 0, "cell_area_m2": 250000.0, "centroid_x_m": 828806.50159944687, "centroid_y_m": 6728313.9484715285, "latitude": -29.531599617161707, "longitude": -59.607679190480241, "valid": 1, "invalid_reason": null, "climate_pixel_id": "605:1203", "solar_annual_kwh_m2": 1815.1801014262746, "climate_valid_years_1": 3, "climate_valid_years_4": 3, "climate_valid_years_7": 3, "climate_valid_years_10": 2 }, "geometry": { "type": "Polygon", "coordinates": [ [ [ 829056.501599446870387, 6728063.948471529409289 ], [ 829056.501599446870387, 6728563.948471529409289 ], [ 828556.501599446870387, 6728563.948471529409289 ], [ 828556.501599446870387, 6728063.948471529409289 ], [ 829056.501599446870387, 6728063.948471529409289 ] ] ] } },
{ "type": "Feature", "properties": { "cell_id": 358243, "row": 1068, "column": 185, "component": 0, "cell_area_m2": 250000.0, "centroid_x_m": 603806.50159944687, "centroid_y_m": 6728813.9484715285, "latitude": -29.566097387200692, "longitude": -61.928365077846635, "valid": 1, "invalid_reason": null, "climate_pixel_id": "604:1180", "solar_annual_kwh_m2": 1841.477570952758, "climate_valid_years_1": 3, "climate_valid_years_4": 3, "climate_valid_years_7": 3, "climate_valid_years_10": 2 }, "geometry": { "type": "Polygon", "coordinates": [ [ [ 604056.501599446870387, 6728563.948471529409289 ], [ 604056.501599446870387, 6729063.948471529409289 ], [ 603556.501599446870387, 6729063.948471529409289 ], [ 603556.501599446870387, 6728563.948471529409289 ], [ 604056.501599446870387, 6728563.948471529409289 ] ] ] } },
{ "type": "Feature", "properties": { "cell_id": 358706, "row": 1069, "column": 185, "component": 0, "cell_area_m2": 250000.0, "centroid_x_m": 603806.50159944687, "centroid_y_m": 6729313.9484715285, "latitude": -29.561585576157785, "longitude": -61.928412707598099, "valid": 1, "invalid_reason": null, "climate_pixel_id": "604:1180", "solar_annual_kwh_m2": 1841.477570952758, "climate_valid_years_1": 3, "climate_valid_years_4": 3, "climate_valid_years_7": 3, "climate_valid_years_10": 2 }, "geometry": { "type": "Polygon", "coordinates": [ [ [ 604056.501599446870387, 6729063.948471529409289 ], [ 604056.501599446870387, 6729563.948471529409289 ], [ 603556.501599446870387, 6729563.948471529409289 ], [ 603556.501599446870387, 6729063.948471529409289 ], [ 604056.501599446870387, 6729063.948471529409289 ] ] ] } },
{ "type": "Feature", "properties": { "cell_id": 358707, "row": 1069, "column": 186, "component": 0, "cell_area_m2": 250000.0, "centroid_x_m": 604306.50159944687, "centroid_y_m": 6729313.9484715285, "latitude": -29.561543839833682, "longitude": -61.923251998443575, "valid": 1, "invalid_reason": null, "climate_pixel_id": "604:1180", "solar_annual_kwh_m2": 1841.477570952758, "climate_valid_years_1": 3, "climate_valid_years_4": 3, "climate_valid_years_7": 3, "climate_valid_years_10": 2 }, "geometry": { "type": "Polygon", "coordinates": [ [ [ 604556.501599446870387, 6729063.948471529409289 ], [ 604556.501599446870387, 6729563.948471529409289 ], [ 604056.501599446870387, 6729563.948471529409289 ], [ 604056.501599446870387, 6729063.948471529409289 ], [ 604556.501599446870387, 6729063.948471529409289 ] ] ] } },
{ "type": "Feature", "properties": { "cell_id": 359171, "row": 1070, "column": 186, "component": 0, "cell_area_m2": 250000.0, "centroid_x_m": 604306.50159944687, "centroid_y_m": 6729813.9484715285, "latitude": -29.557032033274297, "longitude": -61.923299846572981, "valid": 1, "invalid_reason": null, "climate_pixel_id": "604:1180", "solar_annual_kwh_m2": 1841.477570952758, "climate_valid_years_1": 3, "climate_valid_years_4": 3, "climate_valid_years_7": 3, "climate_valid_years_10": 2 }, "geometry": { "type": "Polygon", "coordinates": [ [ [ 604556.501599446870387, 6729563.948471529409289 ], [ 604556.501599446870387, 6730063.948471529409289 ], [ 604056.501599446870387, 6730063.948471529409289 ], [ 604056.501599446870387, 6729563.948471529409289 ], [ 604556.501599446870387, 6729563.948471529409289 ] ] ] } },
{ "type": "Feature", "properties": { "cell_id": 359172, "row": 1070, "column": 187, "component": 0, "cell_area_m2": 250000.0, "centroid_x_m": 604806.50159944687, "centroid_y_m": 6729813.9484715285, "latitude": -29.556990104167365, "longitude": -61.918139377535603, "valid": 1, "invalid_reason": null, "climate_pixel_id": "604:1180", "solar_annual_kwh_m2": 1841.477570952758, "climate_valid_years_1": 3, "climate_valid_years_4": 3, "climate_valid_years_7": 3, "climate_valid_years_10": 2 }, "geometry": { "type": "Polygon", "coordinates": [ [ [ 605056.501599446870387, 6729563.948471529409289 ], [ 605056.501599446870387, 6730063.948471529409289 ], [ 604556.501599446870387, 6730063.948471529409289 ], [ 604556.501599446870387, 6729563.948471529409289 ], [ 605056.501599446870387, 6729563.948471529409289 ] ] ] } },
{ "type": "Feature", "properties": { "cell_id": 359636, "row": 1071, "column": 187, "component": 0, "cell_area_m2": 250000.0, "centroid_x_m": 604806.50159944687, "centroid_y_m": 6730313.9484715285, "latitude": -29.552478302127074, "longitude": -61.918187443938585, "valid": 1, "invalid_reason": null, "climate_pixel_id": "604:1180", "solar_annual_kwh_m2": 1841.477570952758, "climate_valid_years_1": 3, "climate_valid_years_4": 3, "climate_valid_years_7": 3, "climate_valid_years_10": 2 }, "geometry": { "type": "Polygon", "coordinates": [ [ [ 605056.501599446870387, 6730063.948471529409289 ], [ 605056.501599446870387, 6730563.948471529409289 ], [ 604556.501599446870387, 6730563.948471529409289 ], [ 604556.501599446870387, 6730063.948471529409289 ], [ 605056.501599446870387, 6730063.948471529409289 ] ] ] } },
{ "type": "Feature", "properties": { "cell_id": 359671, "row": 1071, "column": 222, "component": 0, "cell_area_m2": 250000.0, "centroid_x_m": 622306.50159944687, "centroid_y_m": 6730313.9484715285, "latitude": -29.550884832758701, "longitude": -61.737586316178543, "valid": 1, "invalid_reason": null, "climate_pixel_id": "604:1182", "solar_annual_kwh_m2": 1836.2613102947532, "climate_valid_years_1": 3, "climate_valid_years_4": 3, "climate_valid_years_7": 3, "climate_valid_years_10": 2 }, "geometry": { "type": "Polygon", "coordinates": [ [ [ 622556.501599446870387, 6730063.948471529409289 ], [ 622556.501599446870387, 6730563.948471529409289 ], [ 622056.501599446870387, 6730563.948471529409289 ], [ 622056.501599446870387, 6730063.948471529409289 ], [ 622556.501599446870387, 6730063.948471529409289 ] ] ] } },
{ "type": "Feature", "properties": { "cell_id": 359672, "row": 1071, "column": 223, "component": 0, "cell_area_m2": 250000.0, "centroid_x_m": 622806.50159944687, "centroid_y_m": 6730313.9484715285, "latitude": -29.550835699186202, "longitude": -61.732426503182609, "valid": 1, "invalid_reason": null, "climate_pixel_id": "604:1182", "solar_annual_kwh_m2": 1836.2613102947532, "climate_valid_years_1": 3, "climate_valid_years_4": 3, "climate_valid_years_7": 3, "climate_valid_years_10": 2 }, "geometry": { "type": "Polygon", "coordinates": [ [ [ 623056.501599446870387, 6730063.948471529409289 ], [ 623056.501599446870387, 6730563.948471529409289 ], [ 622556.501599446870387, 6730563.948471529409289 ], [ 622556.501599446870387, 6730063.948471529409289 ], [ 623056.501599446870387, 6730063.948471529409289 ] ] ] } },
{ "type": "Feature", "properties": { "cell_id": 359673, "row": 1071, "column": 224, "component": 0, "cell_area_m2": 250000.0, "centroid_x_m": 623306.50159944687, "centroid_y_m": 6730313.9484715285, "latitude": -29.550786365308628, "longitude": -61.72726670300905, "valid": 1, "invalid_reason": null, "climate_pixel_id": "604:1182", "solar_annual_kwh_m2": 1836.2613102947532, "climate_valid_years_1": 3, "climate_valid_years_4": 3, "climate_valid_years_7": 3, "climate_valid_years_10": 2 }, "geometry": { "type": "Polygon", "coordinates": [ [ [ 623556.501599446870387, 6730063.948471529409289 ], [ 623556.501599446870387, 6730563.948471529409289 ], [ 623056.501599446870387, 6730563.948471529409289 ], [ 623056.501599446870387, 6730063.948471529409289 ], [ 623556.501599446870387, 6730063.948471529409289 ] ] ] } },
{ "type": "Feature", "properties": { "cell_id": 360135, "row": 1072, "column": 222, "component": 0, "cell_area_m2": 250000.0, "centroid_x_m": 622306.50159944687, "centroid_y_m": 6730813.9484715285, "latitude": -29.546373318574435, "longitude": -61.737642389341907, "valid": 1, "invalid_reason": null, "climate_pixel_id": "605:1182", "solar_annual_kwh_m2": 1840.0035464511652, "climate_valid_years_1": 3, "climate_valid_years_4": 3, "climate_valid_years_7": 3, "climate_valid_years_10": 2 }, "geometry": { "type": "Polygon", "coordinates": [ [ [ 622556.501599446870387, 6730563.948471529409289 ], [ 622556.501599446870387, 6731063.948471529409289 ], [ 622056.501599446870387, 6731063.948471529409289 ], [ 622056.501599446870387, 6730563.948471529409289 ], [ 622556.501599446870387, 6730563.948471529409289 ] ] ] } },
{ "type": "Feature", "properties": { "cell_id": 360136, "row": 1072, "column": 223, "component": 0, "cell_area_m2": 250000.0, "centroid_x_m": 622806.50159944687, "centroid_y_m": 6730813.9484715285, "latitude": -29.546324193974396, "longitude": -61.732482805382318, "valid": 1, "invalid_reason": null, "climate_pixel_id": "605:1182", "solar_annual_kwh_m2": 1840.0035464511652, "climate_valid_years_1": 3, "climate_valid_years_4": 3, "climate_valid_years_7": 3, "climate_valid_years_10": 2 }, "geometry": { "type": "Polygon", "coordinates": [ [ [ 623056.501599446870387, 6730563.948471529409289 ], [ 623056.501599446870387, 6731063.948471529409289 ], [ 622556.501599446870387, 6731063.948471529409289 ], [ 622556.501599446870387, 6730563.948471529409289 ], [ 623056.501599446870387, 6730563.948471529409289 ] ] ] } },
{ "type": "Feature", "properties": { "cell_id": 360137, "row": 1072, "column": 224, "component": 0, "cell_area_m2": 250000.0, "centroid_x_m": 623306.50159944687, "centroid_y_m": 6730813.9484715285, "latitude": -29.54627486910584, "longitude": -61.727323234242689, "valid": 1, "invalid_reason": null, "climate_pixel_id": "605:1182", "solar_annual_kwh_m2": 1840.0035464511652, "climate_valid_years_1": 3, "climate_valid_years_4": 3, "climate_valid_years_7": 3, "climate_valid_years_10": 2 }, "geometry": { "type": "Polygon", "coordinates": [ [ [ 623556.501599446870387, 6730563.948471529409289 ], [ 623556.501599446870387, 6731063.948471529409289 ], [ 623056.501599446870387, 6731063.948471529409289 ], [ 623056.501599446870387, 6730563.948471529409289 ], [ 623556.501599446870387, 6730563.948471529409289 ] ] ] } },
{ "type": "Feature", "properties": { "cell_id": 360599, "row": 1073, "column": 222, "component": 0, "cell_area_m2": 250000.0, "centroid_x_m": 622306.50159944687, "centroid_y_m": 6731313.9484715285, "latitude": -29.541861801227657, "longitude": -61.737698449737437, "valid": 1, "invalid_reason": null, "climate_pixel_id": "605:1182", "solar_annual_kwh_m2": 1840.0035464511652, "climate_valid_years_1": 3, "climate_valid_years_4": 3, "climate_valid_years_7": 3, "climate_valid_years_10": 2 }, "geometry": { "type": "Polygon", "coordinates": [ [ [ 622556.501599446870387, 6731063.948471529409289 ], [ 622556.501599446870387, 6731563.948471529409289 ], [ 622056.501599446870387, 6731563.948471529409289 ], [ 622056.501599446870387, 6731063.948471529409289 ], [ 622556.501599446870387, 6731063.948471529409289 ] ] ] } },
{ "type": "Feature", "properties": { "cell_id": 360600, "row": 1073, "column": 223, "component": 0, "cell_area_m2": 250000.0, "centroid_x_m": 622806.50159944687, "centroid_y_m": 6731313.9484715285, "latitude": -29.54181268559929, "longitude": -61.732539094762046, "valid": 1, "invalid_reason": null, "climate_pixel_id": "605:1182", "solar_annual_kwh_m2": 1840.0035464511652, "climate_valid_years_1": 3, "climate_valid_years_4": 3, "climate_valid_years_7": 3, "climate_valid_years_10": 2 }, "geometry": { "type": "Polygon", "coordinates": [ [ [ 623056.501599446870387, 6731063.948471529409289 ], [ 623056.501599446870387, 6731563.948471529409289 ], [ 622556.501599446870387, 6731563.948471529409289 ], [ 622556.501599446870387, 6731063.948471529409289 ], [ 623056.501599446870387, 6731063.948471529409289 ] ] ] } },
{ "type": "Feature", "properties": { "cell_id": 360601, "row": 1073, "column": 224, "component": 0, "cell_area_m2": 250000.0, "centroid_x_m": 623306.50159944687, "centroid_y_m": 6731313.9484715285, "latitude": -29.54176336973898, "longitude": -61.727379752604229, "valid": 1, "invalid_reason": null, "climate_pixel_id": "605:1182", "solar_annual_kwh_m2": 1840.0035464511652, "climate_valid_years_1": 3, "climate_valid_years_4": 3, "climate_valid_years_7": 3, "climate_valid_years_10": 2 }, "geometry": { "type": "Polygon", "coordinates": [ [ [ 623556.501599446870387, 6731063.948471529409289 ], [ 623556.501599446870387, 6731563.948471529409289 ], [ 623056.501599446870387, 6731563.948471529409289 ], [ 623056.501599446870387, 6731063.948471529409289 ], [ 623556.501599446870387, 6731063.948471529409289 ] ] ] } },
{ "type": "Feature", "properties": { "cell_id": 361063, "row": 1074, "column": 222, "component": 0, "cell_area_m2": 250000.0, "centroid_x_m": 622306.50159944687, "centroid_y_m": 6731813.9484715285, "latitude": -29.537350280718655, "longitude": -61.737754497367511, "valid": 1, "invalid_reason": null, "climate_pixel_id": "605:1182", "solar_annual_kwh_m2": 1840.0035464511652, "climate_valid_years_1": 3, "climate_valid_years_4": 3, "climate_valid_years_7": 3, "climate_valid_years_10": 2 }, "geometry": { "type": "Polygon", "coordinates": [ [ [ 622556.501599446870387, 6731563.948471529409289 ], [ 622556.501599446870387, 6732063.948471529409289 ], [ 622056.501599446870387, 6732063.948471529409289 ], [ 622056.501599446870387, 6731563.948471529409289 ], [ 622556.501599446870387, 6731563.948471529409289 ] ] ] } },
{ "type": "Feature", "properties": { "cell_id": 368208, "row": 1089, "column": 414, "component": 0, "cell_area_m2": 250000.0, "centroid_x_m": 718306.50159944687, "centroid_y_m": 6739313.9484715285, "latitude": -29.456616184368617, "longitude": -60.748994225784806, "valid": 1, "invalid_reason": null, "climate_pixel_id": "605:1192", "solar_annual_kwh_m2": 1812.5330847834528, "climate_valid_years_1": 3, "climate_valid_years_4": 3, "climate_valid_years_7": 3, "climate_valid_years_10": 2 }, "geometry": { "type": "Polygon", "coordinates": [ [ [ 718556.501599446870387, 6739063.948471529409289 ], [ 718556.501599446870387, 6739563.948471529409289 ], [ 718056.501599446870387, 6739563.948471529409289 ], [ 718056.501599446870387, 6739063.948471529409289 ], [ 718556.501599446870387, 6739063.948471529409289 ] ] ] } },
{ "type": "Feature", "properties": { "cell_id": 368209, "row": 1089, "column": 415, "component": 0, "cell_area_m2": 250000.0, "centroid_x_m": 718806.50159944687, "centroid_y_m": 6739313.9484715285, "latitude": -29.456528921253756, "longitude": -60.743841932872272, "valid": 1, "invalid_reason": null, "climate_pixel_id": "605:1192", "solar_annual_kwh_m2": 1812.5330847834528, "climate_valid_years_1": 3, "climate_valid_years_4": 3, "climate_valid_years_7": 3, "climate_valid_years_10": 2 }, "geometry": { "type": "Polygon", "coordinates": [ [ [ 719056.501599446870387, 6739063.948471529409289 ], [ 719056.501599446870387, 6739563.948471529409289 ], [ 718556.501599446870387, 6739563.948471529409289 ], [ 718556.501599446870387, 6739063.948471529409289 ], [ 719056.501599446870387, 6739063.948471529409289 ] ] ] } },
{ "type": "Feature", "properties": { "cell_id": 368210, "row": 1089, "column": 416, "component": 0, "cell_area_m2": 250000.0, "centroid_x_m": 719306.50159944687, "centroid_y_m": 6739313.9484715285, "latitude": -29.456441458969458, "longitude": -60.738689662698448, "valid": 1, "invalid_reason": null, "climate_pixel_id": "605:1192", "solar_annual_kwh_m2": 1812.5330847834528, "climate_valid_years_1": 3, "climate_valid_years_4": 3, "climate_valid_years_7": 3, "climate_valid_years_10": 2 }, "geometry": { "type": "Polygon", "coordinates": [ [ [ 719556.501599446870387, 6739063.948471529409289 ], [ 719556.501599446870387, 6739563.948471529409289 ], [ 719056.501599446870387, 6739563.948471529409289 ], [ 719056.501599446870387, 6739063.948471529409289 ], [ 719556.501599446870387, 6739063.948471529409289 ] ] ] } },
{ "type": "Feature", "properties": { "cell_id": 368211, "row": 1089, "column": 417, "component": 0, "cell_area_m2": 250000.0, "centroid_x_m": 719806.50159944687, "centroid_y_m": 6739313.9484715285, "latitude": -29.456353797518908, "longitude": -60.733537415315077, "valid": 1, "invalid_reason": null, "climate_pixel_id": "605:1192", "solar_annual_kwh_m2": 1812.5330847834528, "climate_valid_years_1": 3, "climate_valid_years_4": 3, "climate_valid_years_7": 3, "climate_valid_years_10": 2 }, "geometry": { "type": "Polygon", "coordinates": [ [ [ 720056.501599446870387, 6739063.948471529409289 ], [ 720056.501599446870387, 6739563.948471529409289 ], [ 719556.501599446870387, 6739563.948471529409289 ], [ 719556.501599446870387, 6739063.948471529409289 ], [ 720056.501599446870387, 6739063.948471529409289 ] ] ] } },
{ "type": "Feature", "properties": { "cell_id": 368669, "row": 1090, "column": 414, "component": 0, "cell_area_m2": 250000.0, "centroid_x_m": 718306.50159944687, "centroid_y_m": 6739813.9484715285, "latitude": -29.452107002238282, "longitude": -60.749093809707226, "valid": 1, "invalid_reason": null, "climate_pixel_id": "605:1192", "solar_annual_kwh_m2": 1812.5330847834528, "climate_valid_years_1": 3, "climate_valid_years_4": 3, "climate_valid_years_7": 3, "climate_valid_years_10": 2 }, "geometry": { "type": "Polygon", "coordinates": [ [ [ 718556.501599446870387, 6739563.948471529409289 ], [ 718556.501599446870387, 6740063.948471529409289 ], [ 718056.501599446870387, 6740063.948471529409289 ], [ 718056.501599446870387, 6739563.948471529409289 ], [ 718556.501599446870387, 6739563.948471529409289 ] ] ] } },
{ "type": "Feature", "properties": { "cell_id": 368671, "row": 1090, "column": 416, "component": 0, "cell_area_m2": 250000.0, "centroid_x_m": 719306.50159944687, "centroid_y_m": 6739813.9484715285, "latitude": -29.451932308793534, "longitude": -60.738789701547184, "valid": 1, "invalid_reason": null, "climate_pixel_id": "605:1192", "solar_annual_kwh_m2": 1812.5330847834528, "climate_valid_years_1": 3, "climate_valid_years_4": 3, "climate_valid_years_7": 3, "climate_valid_years_10": 2 }, "geometry": { "type": "Polygon", "coordinates": [ [ [ 719556.501599446870387, 6739563.948471529409289 ], [ 719556.501599446870387, 6740063.948471529409289 ], [ 719056.501599446870387, 6740063.948471529409289 ], [ 719056.501599446870387, 6739563.948471529409289 ], [ 719556.501599446870387, 6739563.948471529409289 ] ] ] } },
{ "type": "Feature", "properties": { "cell_id": 368672, "row": 1090, "column": 417, "component": 0, "cell_area_m2": 250000.0, "centroid_x_m": 719806.50159944687, "centroid_y_m": 6739813.9484715285, "latitude": -29.451844663374793, "longitude": -60.733637681620607, "valid": 1, "invalid_reason": null, "climate_pixel_id": "605:1192", "solar_annual_kwh_m2": 1812.5330847834528, "climate_valid_years_1": 3, "climate_valid_years_4": 3, "climate_valid_years_7": 3, "climate_valid_years_10": 2 }, "geometry": { "type": "Polygon", "coordinates": [ [ [ 720056.501599446870387, 6739563.948471529409289 ], [ 720056.501599446870387, 6740063.948471529409289 ], [ 719556.501599446870387, 6740063.948471529409289 ], [ 719556.501599446870387, 6739563.948471529409289 ], [ 720056.501599446870387, 6739563.948471529409289 ] ] ] } },
{ "type": "Feature", "properties": { "cell_id": 369132, "row": 1091, "column": 417, "component": 0, "cell_area_m2": 250000.0, "centroid_x_m": 719806.50159944687, "centroid_y_m": 6740313.9484715285, "latitude": -29.447335525863352, "longitude": -60.733737925088164, "valid": 1, "invalid_reason": null, "climate_pixel_id": "606:1192", "solar_annual_kwh_m2": 1814.1623945315609, "climate_valid_years_1": 3, "climate_valid_years_4": 3, "climate_valid_years_7": 3, "climate_valid_years_10": 2 }, "geometry": { "type": "Polygon", "coordinates": [ [ [ 720056.501599446870387, 6740063.948471529409289 ], [ 720056.501599446870387, 6740563.948471529409289 ], [ 719556.501599446870387, 6740563.948471529409289 ], [ 719556.501599446870387, 6740063.948471529409289 ], [ 720056.501599446870387, 6740063.948471529409289 ] ] ] } },
{ "type": "Feature", "properties": { "cell_id": 369133, "row": 1091, "column": 418, "component": 0, "cell_area_m2": 250000.0, "centroid_x_m": 720306.50159944687, "centroid_y_m": 6740313.9484715285, "latitude": -29.447247697384768, "longitude": -60.728586155400357, "valid": 1, "invalid_reason": null, "climate_pixel_id": "606:1192", "solar_annual_kwh_m2": 1814.1623945315609, "climate_valid_years_1": 3, "climate_valid_years_4": 3, "climate_valid_years_7": 3, "climate_valid_years_10": 2 }, "geometry": { "type": "Polygon", "coordinates": [ [ [ 720556.501599446870387, 6740063.948471529409289 ], [ 720556.501599446870387, 6740563.948471529409289 ], [ 720056.501599446870387, 6740563.948471529409289 ], [ 720056.501599446870387, 6740063.948471529409289 ], [ 720556.501599446870387, 6740063.948471529409289 ] ] ] } },
{ "type": "Feature", "properties": { "cell_id": 369592, "row": 1092, "column": 417, "component": 0, "cell_area_m2": 250000.0, "centroid_x_m": 719806.50159944687, "centroid_y_m": 6740813.9484715285, "latitude": -29.442826384984961, "longitude": -60.733838145722011, "valid": 1, "invalid_reason": null, "climate_pixel_id": "606:1192", "solar_annual_kwh_m2": 1814.1623945315609, "climate_valid_years_1": 3, "climate_valid_years_4": 3, "climate_valid_years_7": 3, "climate_valid_years_10": 2 }, "geometry": { "type": "Polygon", "coordinates": [ [ [ 720056.501599446870387, 6740563.948471529409289 ], [ 720056.501599446870387, 6741063.948471529409289 ], [ 719556.501599446870387, 6741063.948471529409289 ], [ 719556.501599446870387, 6740563.948471529409289 ], [ 720056.501599446870387, 6740563.948471529409289 ] ] ] } },
{ "type": "Feature", "properties": { "cell_id": 374501, "row": 1103, "column": 278, "component": 0, "cell_area_m2": 250000.0, "centroid_x_m": 650306.50159944687, "centroid_y_m": 6746313.9484715285, "latitude": -29.403472771003564, "longitude": -61.450854861831452, "valid": 1, "invalid_reason": null, "climate_pixel_id": "606:1184", "solar_annual_kwh_m2": 1835.7416337000197, "climate_valid_years_1": 3, "climate_valid_years_4": 3, "climate_valid_years_7": 3, "climate_valid_years_10": 2 }, "geometry": { "type": "Polygon", "coordinates": [ [ [ 650556.501599446870387, 6746063.948471529409289 ], [ 650556.501599446870387, 6746563.948471529409289 ], [ 650056.501599446870387, 6746563.948471529409289 ], [ 650056.501599446870387, 6746063.948471529409289 ], [ 650556.501599446870387, 6746063.948471529409289 ] ] ] } },
{ "type": "Feature", "properties": { "cell_id": 374966, "row": 1104, "column": 276, "component": 0, "cell_area_m2": 250000.0, "centroid_x_m": 649306.50159944687, "centroid_y_m": 6746813.9484715285, "latitude": -29.399081085083203, "longitude": -61.461226280973683, "valid": 1, "invalid_reason": null, "climate_pixel_id": "606:1184", "solar_annual_kwh_m2": 1835.7416337000197, "climate_valid_years_1": 3, "climate_valid_years_4": 3, "climate_valid_years_7": 3, "climate_valid_years_10": 2 }, "geometry": { "type": "Polygon", "coordinates": [ [ [ 649556.501599446870387, 6746563.948471529409289 ], [ 649556.501599446870387, 6747063.948471529409289 ], [ 649056.501599446870387, 6747063.948471529409289 ], [ 649056.501599446870387, 6746563.948471529409289 ], [ 649556.501599446870387, 6746563.948471529409289 ] ] ] } },
{ "type": "Feature", "properties": { "cell_id": 374967, "row": 1104, "column": 277, "component": 0, "cell_area_m2": 250000.0, "centroid_x_m": 649806.50159944687, "centroid_y_m": 6746813.9484715285, "latitude": -29.399021498534264, "longitude": -61.456074761001389, "valid": 1, "invalid_reason": null, "climate_pixel_id": "606:1184", "solar_annual_kwh_m2": 1835.7416337000197, "climate_valid_years_1": 3, "climate_valid_years_4": 3, "climate_valid_years_7": 3, "climate_valid_years_10": 2 }, "geometry": { "type": "Polygon", "coordinates": [ [ [ 650056.501599446870387, 6746563.948471529409289 ], [ 650056.501599446870387, 6747063.948471529409289 ], [ 649556.501599446870387, 6747063.948471529409289 ], [ 649556.501599446870387, 6746563.948471529409289 ], [ 650056.501599446870387, 6746563.948471529409289 ] ] ] } },
{ "type": "Feature", "properties": { "cell_id": 374968, "row": 1104, "column": 278, "component": 0, "cell_area_m2": 250000.0, "centroid_x_m": 650306.50159944687, "centroid_y_m": 6746813.9484715285, "latitude": -29.398961712992332, "longitude": -61.450923256569972, "valid": 1, "invalid_reason": null, "climate_pixel_id": "606:1184", "solar_annual_kwh_m2": 1835.7416337000197, "climate_valid_years_1": 3, "climate_valid_years_4": 3, "climate_valid_years_7": 3, "climate_valid_years_10": 2 }, "geometry": { "type": "Polygon", "coordinates": [ [ [ 650556.501599446870387, 6746563.948471529409289 ], [ 650556.501599446870387, 6747063.948471529409289 ], [ 650056.501599446870387, 6747063.948471529409289 ], [ 650056.501599446870387, 6746563.948471529409289 ], [ 650556.501599446870387, 6746563.948471529409289 ] ] ] } },
{ "type": "Feature", "properties": { "cell_id": 375436, "row": 1105, "column": 277, "component": 0, "cell_area_m2": 250000.0, "centroid_x_m": 649806.50159944687, "centroid_y_m": 6747313.9484715285, "latitude": -29.394510426370701, "longitude": -61.456142912970762, "valid": 1, "invalid_reason": null, "climate_pixel_id": "606:1184", "solar_annual_kwh_m2": 1835.7416337000197, "climate_valid_years_1": 3, "climate_valid_years_4": 3, "climate_valid_years_7": 3, "climate_valid_years_10": 2 }, "geometry": { "type": "Polygon", "coordinates": [ [ [ 650056.501599446870387, 6747063.948471529409289 ], [ 650056.501599446870387, 6747563.948471529409289 ], [ 649556.501599446870387, 6747563.948471529409289 ], [ 649556.501599446870387, 6747063.948471529409289 ], [ 650056.501599446870387, 6747063.948471529409289 ] ] ] } },
{ "type": "Feature", "properties": { "cell_id": 375437, "row": 1105, "column": 278, "component": 0, "cell_area_m2": 250000.0, "centroid_x_m": 650306.50159944687, "centroid_y_m": 6747313.9484715285, "latitude": -29.394450651780591, "longitude": -61.450991635715845, "valid": 1, "invalid_reason": null, "climate_pixel_id": "606:1184", "solar_annual_kwh_m2": 1835.7416337000197, "climate_valid_years_1": 3, "climate_valid_years_4": 3, "climate_valid_years_7": 3, "climate_valid_years_10": 2 }, "geometry": { "type": "Polygon", "coordinates": [ [ [ 650556.501599446870387, 6747063.948471529409289 ], [ 650556.501599446870387, 6747563.948471529409289 ], [ 650056.501599446870387, 6747563.948471529409289 ], [ 650056.501599446870387, 6747063.948471529409289 ], [ 650556.501599446870387, 6747063.948471529409289 ] ] ] } },
{ "type": "Feature", "properties": { "cell_id": 375438, "row": 1105, "column": 279, "component": 0, "cell_area_m2": 250000.0, "centroid_x_m": 650806.50159944687, "centroid_y_m": 6747313.9484715285, "latitude": -29.394390678236114, "longitude": -61.445840374050668, "valid": 1, "invalid_reason": null, "climate_pixel_id": "606:1185", "solar_annual_kwh_m2": 1833.2848353238751, "climate_valid_years_1": 3, "climate_valid_years_4": 3, "climate_valid_years_7": 3, "climate_valid_years_10": 2 }, "geometry": { "type": "Polygon", "coordinates": [ [ [ 651056.501599446870387, 6747063.948471529409289 ], [ 651056.501599446870387, 6747563.948471529409289 ], [ 650556.501599446870387, 6747563.948471529409289 ], [ 650556.501599446870387, 6747063.948471529409289 ], [ 651056.501599446870387, 6747063.948471529409289 ] ] ] } },
{ "type": "Feature", "properties": { "cell_id": 375906, "row": 1106, "column": 278, "component": 0, "cell_area_m2": 250000.0, "centroid_x_m": 650306.50159944687, "centroid_y_m": 6747813.9484715285, "latitude": -29.389939587368673, "longitude": -61.451059999271955, "valid": 1, "invalid_reason": null, "climate_pixel_id": "606:1184", "solar_annual_kwh_m2": 1835.7416337000197, "climate_valid_years_1": 3, "climate_valid_years_4": 3, "climate_valid_years_7": 3, "climate_valid_years_10": 2 }, "geometry": { "type": "Polygon", "coordinates": [ [ [ 650556.501599446870387, 6747563.948471529409289 ], [ 650556.501599446870387, 6748063.948471529409289 ], [ 650056.501599446870387, 6748063.948471529409289 ], [ 650056.501599446870387, 6747563.948471529409289 ], [ 650556.501599446870387, 6747563.948471529409289 ] ] ] } },
{ "type": "Feature", "properties": { "cell_id": 375907, "row": 1106, "column": 279, "component": 0, "cell_area_m2": 250000.0, "centroid_x_m": 650806.50159944687, "centroid_y_m": 6747813.9484715285, "latitude": -29.389879624811517, "longitude": -61.445908964728616, "valid": 1, "invalid_reason": null, "climate_pixel_id": "606:1185", "solar_annual_kwh_m2": 1833.2848353238751, "climate_valid_years_1": 3, "climate_valid_years_4": 3, "climate_valid_years_7": 3, "climate_valid_years_10": 2 }, "geometry": { "type": "Polygon", "coordinates": [ [ [ 651056.501599446870387, 6747563.948471529409289 ], [ 651056.501599446870387, 6748063.948471529409289 ], [ 650556.501599446870387, 6748063.948471529409289 ], [ 650556.501599446870387, 6747563.948471529409289 ], [ 651056.501599446870387, 6747563.948471529409289 ] ] ] } },
{ "type": "Feature", "properties": { "cell_id": 375908, "row": 1106, "column": 280, "component": 0, "cell_area_m2": 250000.0, "centroid_x_m": 651306.50159944687, "centroid_y_m": 6747813.9484715285, "latitude": -29.389819463338601, "longitude": -61.440757945823897, "valid": 1, "invalid_reason": null, "climate_pixel_id": "606:1185", "solar_annual_kwh_m2": 1833.2848353238751, "climate_valid_years_1": 3, "climate_valid_years_4": 3, "climate_valid_years_7": 3, "climate_valid_years_10": 2 }, "geometry": { "type": "Polygon", "coordinates": [ [ [ 651556.501599446870387, 6747563.948471529409289 ], [ 651556.501599446870387, 6748063.948471529409289 ], [ 651056.501599446870387, 6748063.948471529409289 ], [ 651056.501599446870387, 6747563.948471529409289 ], [ 651556.501599446870387, 6747563.948471529409289 ] ] ] } },
{ "type": "Feature", "properties": { "cell_id": 377470, "row": 1109, "column": 429, "component": 0, "cell_area_m2": 250000.0, "centroid_x_m": 725806.50159944687, "centroid_y_m": 6749313.9484715285, "latitude": -29.365106905276431, "longitude": -60.673767700058789, "valid": 1, "invalid_reason": null, "climate_pixel_id": "606:1192", "solar_annual_kwh_m2": 1814.1623945315609, "climate_valid_years_1": 3, "climate_valid_years_4": 3, "climate_valid_years_7": 3, "climate_valid_years_10": 2 }, "geometry": { "type": "Polygon", "coordinates": [ [ [ 726056.501599446870387, 6749063.948471529409289 ], [ 726056.501599446870387, 6749563.948471529409289 ], [ 725556.501599446870387, 6749563.948471529409289 ], [ 725556.501599446870387, 6749063.948471529409289 ], [ 726056.501599446870387, 6749063.948471529409289 ] ] ] } },
{ "type": "Feature", "properties": { "cell_id": 377472, "row": 1109, "column": 431, "component": 0, "cell_area_m2": 250000.0, "centroid_x_m": 726806.50159944687, "centroid_y_m": 6749313.9484715285, "latitude": -29.364926865901658, "longitude": -60.663472907086899, "valid": 1, "invalid_reason": null, "climate_pixel_id": "606:1192", "solar_annual_kwh_m2": 1814.1623945315609, "climate_valid_years_1": 3, "climate_valid_years_4": 3, "climate_valid_years_7": 3, "climate_valid_years_10": 2 }, "geometry": { "type": "Polygon", "coordinates": [ [ [ 727056.501599446870387, 6749063.948471529409289 ], [ 727056.501599446870387, 6749563.948471529409289 ], [ 726556.501599446870387, 6749563.948471529409289 ], [ 726556.501599446870387, 6749063.948471529409289 ], [ 727056.501599446870387, 6749063.948471529409289 ] ] ] } },
{ "type": "Feature", "properties": { "cell_id": 377943, "row": 1110, "column": 429, "component": 0, "cell_area_m2": 250000.0, "centroid_x_m": 725806.50159944687, "centroid_y_m": 6749813.9484715285, "latitude": -29.360597898740782, "longitude": -60.673870227163107, "valid": 1, "invalid_reason": null, "climate_pixel_id": "606:1192", "solar_annual_kwh_m2": 1814.1623945315609, "climate_valid_years_1": 3, "climate_valid_years_4": 3, "climate_valid_years_7": 3, "climate_valid_years_10": 2 }, "geometry": { "type": "Polygon", "coordinates": [ [ [ 726056.501599446870387, 6749563.948471529409289 ], [ 726056.501599446870387, 6750063.948471529409289 ], [ 725556.501599446870387, 6750063.948471529409289 ], [ 725556.501599446870387, 6749563.948471529409289 ], [ 726056.501599446870387, 6749563.948471529409289 ] ] ] } },
{ "type": "Feature", "properties": { "cell_id": 377944, "row": 1110, "column": 430, "component": 0, "cell_area_m2": 250000.0, "centroid_x_m": 726306.50159944687, "centroid_y_m": 6749813.9484715285, "latitude": -29.360507994726738, "longitude": -60.668723045331383, "valid": 1, "invalid_reason": null, "climate_pixel_id": "606:1192", "solar_annual_kwh_m2": 1814.1623945315609, "climate_valid_years_1": 3, "climate_valid_years_4": 3, "climate_valid_years_7": 3, "climate_valid_years_10": 2 }, "geometry": { "type": "Polygon", "coordinates": [ [ [ 726556.501599446870387, 6749563.948471529409289 ], [ 726556.501599446870387, 6750063.948471529409289 ], [ 726056.501599446870387, 6750063.948471529409289 ], [ 726056.501599446870387, 6749563.948471529409289 ], [ 726556.501599446870387, 6749563.948471529409289 ] ] ] } },
{ "type": "Feature", "properties": { "cell_id": 377945, "row": 1110, "column": 431, "component": 0, "cell_area_m2": 250000.0, "centroid_x_m": 726806.50159944687, "centroid_y_m": 6749813.9484715285, "latitude": -29.360417892355308, "longitude": -60.66357588692297, "valid": 1, "invalid_reason": null, "climate_pixel_id": "606:1192", "solar_annual_kwh_m2": 1814.1623945315609, "climate_valid_years_1": 3, "climate_valid_years_4": 3, "climate_valid_years_7": 3, "climate_valid_years_10": 2 }, "geometry": { "type": "Polygon", "coordinates": [ [ [ 727056.501599446870387, 6749563.948471529409289 ], [ 727056.501599446870387, 6750063.948471529409289 ], [ 726556.501599446870387, 6750063.948471529409289 ], [ 726556.501599446870387, 6749563.948471529409289 ], [ 727056.501599446870387, 6749563.948471529409289 ] ] ] } },
{ "type": "Feature", "properties": { "cell_id": 378417, "row": 1111, "column": 430, "component": 0, "cell_area_m2": 250000.0, "centroid_x_m": 726306.50159944687, "centroid_y_m": 6750313.9484715285, "latitude": -29.355999001289518, "longitude": -60.668825775380419, "valid": 1, "invalid_reason": null, "climate_pixel_id": "606:1192", "solar_annual_kwh_m2": 1814.1623945315609, "climate_valid_years_1": 3, "climate_valid_years_4": 3, "climate_valid_years_7": 3, "climate_valid_years_10": 2 }, "geometry": { "type": "Polygon", "coordinates": [ [ [ 726556.501599446870387, 6750063.948471529409289 ], [ 726556.501599446870387, 6750563.948471529409289 ], [ 726056.501599446870387, 6750563.948471529409289 ], [ 726056.501599446870387, 6750063.948471529409289 ], [ 726556.501599446870387, 6750063.948471529409289 ] ] ] } },
{ "type": "Feature", "properties": { "cell_id": 378418, "row": 1111, "column": 431, "component": 0, "cell_area_m2": 250000.0, "centroid_x_m": 726806.50159944687, "centroid_y_m": 6750313.9484715285, "latitude": -29.355908915429485, "longitude": -60.663678843284181, "valid": 1, "invalid_reason": null, "climate_pixel_id": "606:1192", "solar_annual_kwh_m2": 1814.1623945315609, "climate_valid_years_1": 3, "climate_valid_years_4": 3, "climate_valid_years_7": 3, "climate_valid_years_10": 2 }, "geometry": { "type": "Polygon", "coordinates": [ [ [ 727056.501599446870387, 6750063.948471529409289 ], [ 727056.501599446870387, 6750563.948471529409289 ], [ 726556.501599446870387, 6750563.948471529409289 ], [ 726556.501599446870387, 6750063.948471529409289 ], [ 727056.501599446870387, 6750063.948471529409289 ] ] ] } },
{ "type": "Feature", "properties": { "cell_id": 378856, "row": 1112, "column": 397, "component": 0, "cell_area_m2": 250000.0, "centroid_x_m": 709806.50159944687, "centroid_y_m": 6750813.9484715285, "latitude": -29.354351036034981, "longitude": -60.83878260184639, "valid": 1, "invalid_reason": null, "climate_pixel_id": "606:1191", "solar_annual_kwh_m2": 1816.99662604082, "climate_valid_years_1": 3, "climate_valid_years_4": 3, "climate_valid_years_7": 3, "climate_valid_years_10": 2 }, "geometry": { "type": "Polygon", "coordinates": [ [ [ 710056.501599446870387, 6750563.948471529409289 ], [ 710056.501599446870387, 6751063.948471529409289 ], [ 709556.501599446870387, 6751063.948471529409289 ], [ 709556.501599446870387, 6750563.948471529409289 ], [ 710056.501599446870387, 6750563.948471529409289 ] ] ] } },
{ "type": "Feature", "properties": { "cell_id": 378889, "row": 1112, "column": 430, "component": 0, "cell_area_m2": 250000.0, "centroid_x_m": 726306.50159944687, "centroid_y_m": 6750813.9484715285, "latitude": -29.351490004474623, "longitude": -60.668928482010493, "valid": 1, "invalid_reason": null, "climate_pixel_id": "606:1192", "solar_annual_kwh_m2": 1814.1623945315609, "climate_valid_years_1": 3, "climate_valid_years_4": 3, "climate_valid_years_7": 3, "climate_valid_years_10": 2 }, "geometry": { "type": "Polygon", "coordinates": [ [ [ 726556.501599446870387, 6750563.948471529409289 ], [ 726556.501599446870387, 6751063.948471529409289 ], [ 726056.501599446870387, 6751063.948471529409289 ], [ 726056.501599446870387, 6750563.948471529409289 ], [ 726556.501599446870387, 6750563.948471529409289 ] ] ] } },
{ "type": "Feature", "properties": { "cell_id": 379329, "row": 1113, "column": 397, "component": 0, "cell_area_m2": 250000.0, "centroid_x_m": 709806.50159944687, "centroid_y_m": 6751313.9484715285, "latitude": -29.349841511437489, "longitude": -60.838877817781082, "valid": 1, "invalid_reason": null, "climate_pixel_id": "607:1191", "solar_annual_kwh_m2": 1818.7866390773595, "climate_valid_years_1": 3, "climate_valid_years_4": 3, "climate_valid_years_7": 3, "climate_valid_years_10": 2 }, "geometry": { "type": "Polygon", "coordinates": [ [ [ 710056.501599446870387, 6751063.948471529409289 ], [ 710056.501599446870387, 6751563.948471529409289 ], [ 709556.501599446870387, 6751563.948471529409289 ], [ 709556.501599446870387, 6751063.948471529409289 ], [ 710056.501599446870387, 6751063.948471529409289 ] ] ] } },
{ "type": "Feature", "properties": { "cell_id": 379362, "row": 1113, "column": 430, "component": 0, "cell_area_m2": 250000.0, "centroid_x_m": 726306.50159944687, "centroid_y_m": 6751313.9484715285, "latitude": -29.346981004282434, "longitude": -60.669031165225952, "valid": 1, "invalid_reason": null, "climate_pixel_id": "607:1192", "solar_annual_kwh_m2": 1815.9413135289726, "climate_valid_years_1": 3, "climate_valid_years_4": 3, "climate_valid_years_7": 3, "climate_valid_years_10": 2 }, "geometry": { "type": "Polygon", "coordinates": [ [ [ 726556.501599446870387, 6751063.948471529409289 ], [ 726556.501599446870387, 6751563.948471529409289 ], [ 726056.501599446870387, 6751563.948471529409289 ], [ 726056.501599446870387, 6751063.948471529409289 ], [ 726556.501599446870387, 6751063.948471529409289 ] ] ] } },
{ "type": "Feature", "properties": { "cell_id": 379801, "row": 1114, "column": 396, "component": 0, "cell_area_m2": 250000.0, "centroid_x_m": 709306.50159944687, "centroid_y_m": 6751813.9484715285, "latitude": -29.345415278838598, "longitude": -60.844120032378036, "valid": 1, "invalid_reason": null, "climate_pixel_id": "607:1191", "solar_annual_kwh_m2": 1818.7866390773595, "climate_valid_years_1": 3, "climate_valid_years_4": 3, "climate_valid_years_7": 3, "climate_valid_years_10": 2 }, "geometry": { "type": "Polygon", "coordinates": [ [ [ 709556.501599446870387, 6751563.948471529409289 ], [ 709556.501599446870387, 6752063.948471529409289 ], [ 709056.501599446870387, 6752063.948471529409289 ], [ 709056.501599446870387, 6751563.948471529409289 ], [ 709556.501599446870387, 6751563.948471529409289 ] ] ] } },
{ "type": "Feature", "properties": { "cell_id": 379802, "row": 1114, "column": 397, "component": 0, "cell_area_m2": 250000.0, "centroid_x_m": 709806.50159944687, "centroid_y_m": 6751813.9484715285, "latitude": -29.345331983508121, "longitude": -60.838973012005972, "valid": 1, "invalid_reason": null, "climate_pixel_id": "607:1191", "solar_annual_kwh_m2": 1818.7866390773595, "climate_valid_years_1": 3, "climate_valid_years_4": 3, "climate_valid_years_7": 3, "climate_valid_years_10": 2 }, "geometry": { "type": "Polygon", "coordinates": [ [ [ 710056.501599446870387, 6751563.948471529409289 ], [ 710056.501599446870387, 6752063.948471529409289 ], [ 709556.501599446870387, 6752063.948471529409289 ], [ 709556.501599446870387, 6751563.948471529409289 ], [ 710056.501599446870387, 6751563.948471529409289 ] ] ] } },
{ "type": "Feature", "properties": { "cell_id": 379803, "row": 1114, "column": 398, "component": 0, "cell_area_m2": 250000.0, "centroid_x_m": 710306.50159944687, "centroid_y_m": 6751813.9484715285, "latitude": -29.345248489861401, "longitude": -60.833826013339689, "valid": 1, "invalid_reason": null, "climate_pixel_id": "607:1191", "solar_annual_kwh_m2": 1818.7866390773595, "climate_valid_years_1": 3, "climate_valid_years_4": 3, "climate_valid_years_7": 3, "climate_valid_years_10": 2 }, "geometry": { "type": "Polygon", "coordinates": [ [ [ 710556.501599446870387, 6751563.948471529409289 ], [ 710556.501599446870387, 6752063.948471529409289 ], [ 710056.501599446870387, 6752063.948471529409289 ], [ 710056.501599446870387, 6751563.948471529409289 ], [ 710556.501599446870387, 6751563.948471529409289 ] ] ] } },
{ "type": "Feature", "properties": { "cell_id": 380276, "row": 1115, "column": 398, "component": 0, "cell_area_m2": 250000.0, "centroid_x_m": 710306.50159944687, "centroid_y_m": 6752313.9484715285, "latitude": -29.340738973907666, "longitude": -60.833921412103138, "valid": 1, "invalid_reason": null, "climate_pixel_id": "607:1191", "solar_annual_kwh_m2": 1818.7866390773595, "climate_valid_years_1": 3, "climate_valid_years_4": 3, "climate_valid_years_7": 3, "climate_valid_years_10": 2 }, "geometry": { "type": "Polygon", "coordinates": [ [ [ 710556.501599446870387, 6752063.948471529409289 ], [ 710556.501599446870387, 6752563.948471529409289 ], [ 710056.501599446870387, 6752563.948471529409289 ], [ 710056.501599446870387, 6752063.948471529409289 ], [ 710556.501599446870387, 6752063.948471529409289 ] ] ] } },
{ "type": "Feature", "properties": { "cell_id": 380277, "row": 1115, "column": 399, "component": 0, "cell_area_m2": 250000.0, "centroid_x_m": 710806.50159944687, "centroid_y_m": 6752313.9484715285, "latitude": -29.340655297291207, "longitude": -60.828774661434458, "valid": 1, "invalid_reason": null, "climate_pixel_id": "607:1191", "solar_annual_kwh_m2": 1818.7866390773595, "climate_valid_years_1": 3, "climate_valid_years_4": 3, "climate_valid_years_7": 3, "climate_valid_years_10": 2 }, "geometry": { "type": "Polygon", "coordinates": [ [ [ 711056.501599446870387, 6752063.948471529409289 ], [ 711056.501599446870387, 6752563.948471529409289 ], [ 710556.501599446870387, 6752563.948471529409289 ], [ 710556.501599446870387, 6752063.948471529409289 ], [ 711056.501599446870387, 6752063.948471529409289 ] ] ] } },
{ "type": "Feature", "properties": { "cell_id": 380278, "row": 1115, "column": 400, "component": 0, "cell_area_m2": 250000.0, "centroid_x_m": 711306.50159944687, "centroid_y_m": 6752313.9484715285, "latitude": -29.340571422400924, "longitude": -60.823627932570588, "valid": 1, "invalid_reason": null, "climate_pixel_id": "607:1191", "solar_annual_kwh_m2": 1818.7866390773595, "climate_valid_years_1": 3, "climate_valid_years_4": 3, "climate_valid_years_7": 3, "climate_valid_years_10": 2 }, "geometry": { "type": "Polygon", "coordinates": [ [ [ 711556.501599446870387, 6752063.948471529409289 ], [ 711556.501599446870387, 6752563.948471529409289 ], [ 711056.501599446870387, 6752563.948471529409289 ], [ 711056.501599446870387, 6752063.948471529409289 ], [ 711556.501599446870387, 6752063.948471529409289 ] ] ] } },
{ "type": "Feature", "properties": { "cell_id": 380279, "row": 1115, "column": 401, "component": 0, "cell_area_m2": 250000.0, "centroid_x_m": 711806.50159944687, "centroid_y_m": 6752313.9484715285, "latitude": -29.340487349239865, "longitude": -60.818481225563062, "valid": 1, "invalid_reason": null, "climate_pixel_id": "607:1191", "solar_annual_kwh_m2": 1818.7866390773595, "climate_valid_years_1": 3, "climate_valid_years_4": 3, "climate_valid_years_7": 3, "climate_valid_years_10": 2 }, "geometry": { "type": "Polygon", "coordinates": [ [ [ 712056.501599446870387, 6752063.948471529409289 ], [ 712056.501599446870387, 6752563.948471529409289 ], [ 711556.501599446870387, 6752563.948471529409289 ], [ 711556.501599446870387, 6752063.948471529409289 ], [ 712056.501599446870387, 6752063.948471529409289 ] ] ] } },
{ "type": "Feature", "properties": { "cell_id": 380750, "row": 1116, "column": 399, "component": 0, "cell_area_m2": 250000.0, "centroid_x_m": 710806.50159944687, "centroid_y_m": 6752813.9484715285, "latitude": -29.336145793347185, "longitude": -60.828870264633387, "valid": 1, "invalid_reason": null, "climate_pixel_id": "607:1191", "solar_annual_kwh_m2": 1818.7866390773595, "climate_valid_years_1": 3, "climate_valid_years_4": 3, "climate_valid_years_7": 3, "climate_valid_years_10": 2 }, "geometry": { "type": "Polygon", "coordinates": [ [ [ 711056.501599446870387, 6752563.948471529409289 ], [ 711056.501599446870387, 6753063.948471529409289 ], [ 710556.501599446870387, 6753063.948471529409289 ], [ 710556.501599446870387, 6752563.948471529409289 ], [ 711056.501599446870387, 6752563.948471529409289 ] ] ] } },
{ "type": "Feature", "properties": { "cell_id": 421252, "row": 1196, "column": 709, "component": 0, "cell_area_m2": 250000.0, "centroid_x_m": 865806.50159944687, "centroid_y_m": 6792813.9484715285, "latitude": -28.940420021531413, "longitude": -59.247870645062839, "valid": 1, "invalid_reason": null, "climate_pixel_id": "611:1207", "solar_annual_kwh_m2": 1831.0488025301174, "climate_valid_years_1": 3, "climate_valid_years_4": 3, "climate_valid_years_7": 3, "climate_valid_years_10": 2 }, "geometry": { "type": "Polygon", "coordinates": [ [ [ 866056.501599446870387, 6792563.948471529409289 ], [ 866056.501599446870387, 6793063.948471529409289 ], [ 865556.501599446870387, 6793063.948471529409289 ], [ 865556.501599446870387, 6792563.948471529409289 ], [ 866056.501599446870387, 6792563.948471529409289 ] ] ] } },
{ "type": "Feature", "properties": { "cell_id": 421253, "row": 1196, "column": 710, "component": 0, "cell_area_m2": 250000.0, "centroid_x_m": 866306.50159944687, "centroid_y_m": 6792813.9484715285, "latitude": -28.940277011534207, "longitude": -59.24275117002027, "valid": 1, "invalid_reason": null, "climate_pixel_id": "611:1207", "solar_annual_kwh_m2": 1831.0488025301174, "climate_valid_years_1": 3, "climate_valid_years_4": 3, "climate_valid_years_7": 3, "climate_valid_years_10": 2 }, "geometry": { "type": "Polygon", "coordinates": [ [ [ 866556.501599446870387, 6792563.948471529409289 ], [ 866556.501599446870387, 6793063.948471529409289 ], [ 866056.501599446870387, 6793063.948471529409289 ], [ 866056.501599446870387, 6792563.948471529409289 ], [ 866556.501599446870387, 6792563.948471529409289 ] ] ] } },
{ "type": "Feature", "properties": { "cell_id": 421255, "row": 1196, "column": 712, "component": 0, "cell_area_m2": 250000.0, "centroid_x_m": 867306.50159944687, "centroid_y_m": 6792813.9484715285, "latitude": -28.939990409330363, "longitude": -59.232512331564571, "valid": 1, "invalid_reason": null, "climate_pixel_id": "611:1207", "solar_annual_kwh_m2": 1831.0488025301174, "climate_valid_years_1": 3, "climate_valid_years_4": 3, "climate_valid_years_7": 3, "climate_valid_years_10": 2 }, "geometry": { "type": "Polygon", "coordinates": [ [ [ 867556.501599446870387, 6792563.948471529409289 ], [ 867556.501599446870387, 6793063.948471529409289 ], [ 867056.501599446870387, 6793063.948471529409289 ], [ 867056.501599446870387, 6792563.948471529409289 ], [ 867556.501599446870387, 6792563.948471529409289 ] ] ] } },
{ "type": "Feature", "properties": { "cell_id": 421777, "row": 1197, "column": 709, "component": 0, "cell_area_m2": 250000.0, "centroid_x_m": 865806.50159944687, "centroid_y_m": 6793313.9484715285, "latitude": -28.935916707121315, "longitude": -59.248033094006878, "valid": 1, "invalid_reason": null, "climate_pixel_id": "611:1207", "solar_annual_kwh_m2": 1831.0488025301174, "climate_valid_years_1": 3, "climate_valid_years_4": 3, "climate_valid_years_7": 3, "climate_valid_years_10": 2 }, "geometry": { "type": "Polygon", "coordinates": [ [ [ 866056.501599446870387, 6793063.948471529409289 ], [ 866056.501599446870387, 6793563.948471529409289 ], [ 865556.501599446870387, 6793563.948471529409289 ], [ 865556.501599446870387, 6793063.948471529409289 ], [ 866056.501599446870387, 6793063.948471529409289 ] ] ] } },
{ "type": "Feature", "properties": { "cell_id": 421778, "row": 1197, "column": 710, "component": 0, "cell_area_m2": 250000.0, "centroid_x_m": 866306.50159944687, "centroid_y_m": 6793313.9484715285, "latitude": -28.935773723538357, "longitude": -59.242913839341327, "valid": 1, "invalid_reason": null, "climate_pixel_id": "611:1207", "solar_annual_kwh_m2": 1831.0488025301174, "climate_valid_years_1": 3, "climate_valid_years_4": 3, "climate_valid_years_7": 3, "climate_valid_years_10": 2 }, "geometry": { "type": "Polygon", "coordinates": [ [ [ 866556.501599446870387, 6793063.948471529409289 ], [ 866556.501599446870387, 6793563.948471529409289 ], [ 866056.501599446870387, 6793563.948471529409289 ], [ 866056.501599446870387, 6793063.948471529409289 ], [ 866556.501599446870387, 6793063.948471529409289 ] ] ] } },
{ "type": "Feature", "properties": { "cell_id": 421779, "row": 1197, "column": 711, "component": 0, "cell_area_m2": 250000.0, "centroid_x_m": 866806.50159944687, "centroid_y_m": 6793313.9484715285, "latitude": -28.935630545919647, "longitude": -59.237794621862058, "valid": 1, "invalid_reason": null, "climate_pixel_id": "611:1207", "solar_annual_kwh_m2": 1831.0488025301174, "climate_valid_years_1": 3, "climate_valid_years_4": 3, "climate_valid_years_7": 3, "climate_valid_years_10": 2 }, "geometry": { "type": "Polygon", "coordinates": [ [ [ 867056.501599446870387, 6793063.948471529409289 ], [ 867056.501599446870387, 6793563.948471529409289 ], [ 866556.501599446870387, 6793563.948471529409289 ], [ 866556.501599446870387, 6793063.948471529409289 ], [ 867056.501599446870387, 6793063.948471529409289 ] ] ] } },
{ "type": "Feature", "properties": { "cell_id": 421780, "row": 1197, "column": 712, "component": 0, "cell_area_m2": 250000.0, "centroid_x_m": 867306.50159944687, "centroid_y_m": 6793313.9484715285, "latitude": -28.935487174270357, "longitude": -59.232675441619278, "valid": 1, "invalid_reason": null, "climate_pixel_id": "611:1207", "solar_annual_kwh_m2": 1831.0488025301174, "climate_valid_years_1": 3, "climate_valid_years_4": 3, "climate_valid_years_7": 3, "climate_valid_years_10": 2 }, "geometry": { "type": "Polygon", "coordinates": [ [ [ 867556.501599446870387, 6793063.948471529409289 ], [ 867556.501599446870387, 6793563.948471529409289 ], [ 867056.501599446870387, 6793563.948471529409289 ], [ 867056.501599446870387, 6793063.948471529409289 ], [ 867556.501599446870387, 6793063.948471529409289 ] ] ] } },
{ "type": "Feature", "properties": { "cell_id": 422303, "row": 1198, "column": 709, "component": 0, "cell_area_m2": 250000.0, "centroid_x_m": 865806.50159944687, "centroid_y_m": 6793813.9484715285, "latitude": -28.931413388862683, "longitude": -59.248195505814863, "valid": 1, "invalid_reason": null, "climate_pixel_id": "611:1207", "solar_annual_kwh_m2": 1831.0488025301174, "climate_valid_years_1": 3, "climate_valid_years_4": 3, "climate_valid_years_7": 3, "climate_valid_years_10": 2 }, "geometry": { "type": "Polygon", "coordinates": [ [ [ 866056.501599446870387, 6793563.948471529409289 ], [ 866056.501599446870387, 6794063.948471529409289 ], [ 865556.501599446870387, 6794063.948471529409289 ], [ 865556.501599446870387, 6793563.948471529409289 ], [ 866056.501599446870387, 6793563.948471529409289 ] ] ] } },
{ "type": "Feature", "properties": { "cell_id": 422304, "row": 1198, "column": 710, "component": 0, "cell_area_m2": 250000.0, "centroid_x_m": 866306.50159944687, "centroid_y_m": 6793813.9484715285, "latitude": -28.931270431691761, "longitude": -59.243076471476115, "valid": 1, "invalid_reason": null, "climate_pixel_id": "611:1207", "solar_annual_kwh_m2": 1831.0488025301174, "climate_valid_years_1": 3, "climate_valid_years_4": 3, "climate_valid_years_7": 3, "climate_valid_years_10": 2 }, "geometry": { "type": "Polygon", "coordinates": [ [ [ 866556.501599446870387, 6793563.948471529409289 ], [ 866556.501599446870387, 6794063.948471529409289 ], [ 866056.501599446870387, 6794063.948471529409289 ], [ 866056.501599446870387, 6793563.948471529409289 ], [ 866556.501599446870387, 6793563.948471529409289 ] ] ] } },
{ "type": "Feature", "properties": { "cell_id": 422830, "row": 1199, "column": 709, "component": 0, "cell_area_m2": 250000.0, "centroid_x_m": 865806.50159944687, "centroid_y_m": 6794313.9484715285, "latitude": -28.926910066756061, "longitude": -59.248357880493543, "valid": 1, "invalid_reason": null, "climate_pixel_id": "611:1207", "solar_annual_kwh_m2": 1831.0488025301174, "climate_valid_years_1": 3, "climate_valid_years_4": 3, "climate_valid_years_7": 3, "climate_valid_years_10": 2 }, "geometry": { "type": "Polygon", "coordinates": [ [ [ 866056.501599446870387, 6794063.948471529409289 ], [ 866056.501599446870387, 6794563.948471529409289 ], [ 865556.501599446870387, 6794563.948471529409289 ], [ 865556.501599446870387, 6794063.948471529409289 ], [ 866056.501599446870387, 6794063.948471529409289 ] ] ] } },
{ "type": "Feature", "properties": { "cell_id": 436295, "row": 1225, "column": 427, "component": 0, "cell_area_m2": 250000.0, "centroid_x_m": 724806.50159944687, "centroid_y_m": 6807313.9484715285, "latitude": -28.842215175503128, "longitude": -60.695749093674699, "valid": 1, "invalid_reason": null, "climate_pixel_id": "612:1192", "solar_annual_kwh_m2": 1818.4150208179508, "climate_valid_years_1": 3, "climate_valid_years_4": 3, "climate_valid_years_7": 3, "climate_valid_years_10": 2 }, "geometry": { "type": "Polygon", "coordinates": [ [ [ 725056.501599446870387, 6807063.948471529409289 ], [ 725056.501599446870387, 6807563.948471529409289 ], [ 724556.501599446870387, 6807563.948471529409289 ], [ 724556.501599446870387, 6807063.948471529409289 ], [ 725056.501599446870387, 6807063.948471529409289 ] ] ] } },
{ "type": "Feature", "properties": { "cell_id": 436296, "row": 1225, "column": 428, "component": 0, "cell_area_m2": 250000.0, "centroid_x_m": 725306.50159944687, "centroid_y_m": 6807313.9484715285, "latitude": -28.842127545348884, "longitude": -60.690627557101621, "valid": 1, "invalid_reason": null, "climate_pixel_id": "612:1192", "solar_annual_kwh_m2": 1818.4150208179508, "climate_valid_years_1": 3, "climate_valid_years_4": 3, "climate_valid_years_7": 3, "climate_valid_years_10": 2 }, "geometry": { "type": "Polygon", "coordinates": [ [ [ 725556.501599446870387, 6807063.948471529409289 ], [ 725556.501599446870387, 6807563.948471529409289 ], [ 725056.501599446870387, 6807563.948471529409289 ], [ 725056.501599446870387, 6807063.948471529409289 ], [ 725556.501599446870387, 6807063.948471529409289 ] ] ] } },
{ "type": "Feature", "properties": { "cell_id": 439604, "row": 1231, "column": 570, "component": 0, "cell_area_m2": 250000.0, "centroid_x_m": 796306.50159944687, "centroid_y_m": 6810313.9484715285, "latitude": -28.800673414904697, "longitude": -59.964410079036178, "valid": 1, "invalid_reason": null, "climate_pixel_id": "612:1199", "solar_annual_kwh_m2": 1819.7954058973019, "climate_valid_years_1": 3, "climate_valid_years_4": 3, "climate_valid_years_7": 3, "climate_valid_years_10": 2 }, "geometry": { "type": "Polygon", "coordinates": [ [ [ 796556.501599446870387, 6810063.948471529409289 ], [ 796556.501599446870387, 6810563.948471529409289 ], [ 796056.501599446870387, 6810563.948471529409289 ], [ 796056.501599446870387, 6810063.948471529409289 ], [ 796556.501599446870387, 6810063.948471529409289 ] ] ] } },
{ "type": "Feature", "properties": { "cell_id": 440133, "row": 1232, "column": 570, "component": 0, "cell_area_m2": 250000.0, "centroid_x_m": 796306.50159944687, "centroid_y_m": 6810813.9484715285, "latitude": -28.796166652905697, "longitude": -59.964540782127976, "valid": 1, "invalid_reason": null, "climate_pixel_id": "612:1199", "solar_annual_kwh_m2": 1819.7954058973019, "climate_valid_years_1": 3, "climate_valid_years_4": 3, "climate_valid_years_7": 3, "climate_valid_years_10": 2 }, "geometry": { "type": "Polygon", "coordinates": [ [ [ 796556.501599446870387, 6810563.948471529409289 ], [ 796556.501599446870387, 6811063.948471529409289 ], [ 796056.501599446870387, 6811063.948471529409289 ], [ 796056.501599446870387, 6810563.948471529409289 ], [ 796556.501599446870387, 6810563.948471529409289 ] ] ] } },
{ "type": "Feature", "properties": { "cell_id": 440660, "row": 1233, "column": 567, "component": 0, "cell_area_m2": 250000.0, "centroid_x_m": 794806.50159944687, "centroid_y_m": 6811313.9484715285, "latitude": -28.792004312529734, "longitude": -59.980019644328898, "valid": 1, "invalid_reason": null, "climate_pixel_id": "612:1199", "solar_annual_kwh_m2": 1819.7954058973019, "climate_valid_years_1": 3, "climate_valid_years_4": 3, "climate_valid_years_7": 3, "climate_valid_years_10": 2 }, "geometry": { "type": "Polygon", "coordinates": [ [ [ 795056.501599446870387, 6811063.948471529409289 ], [ 795056.501599446870387, 6811563.948471529409289 ], [ 794556.501599446870387, 6811563.948471529409289 ], [ 794556.501599446870387, 6811063.948471529409289 ], [ 795056.501599446870387, 6811063.948471529409289 ] ] ] } },
{ "type": "Feature", "properties": { "cell_id": 440663, "row": 1233, "column": 570, "component": 0, "cell_area_m2": 250000.0, "centroid_x_m": 796306.50159944687, "centroid_y_m": 6811313.9484715285, "latitude": -28.791659887353827, "longitude": -59.964671455275607, "valid": 1, "invalid_reason": null, "climate_pixel_id": "612:1199", "solar_annual_kwh_m2": 1819.7954058973019, "climate_valid_years_1": 3, "climate_valid_years_4": 3, "climate_valid_years_7": 3, "climate_valid_years_10": 2 }, "geometry": { "type": "Polygon", "coordinates": [ [ [ 796556.501599446870387, 6811063.948471529409289 ], [ 796556.501599446870387, 6811563.948471529409289 ], [ 796056.501599446870387, 6811563.948471529409289 ], [ 796056.501599446870387, 6811063.948471529409289 ], [ 796556.501599446870387, 6811063.948471529409289 ] ] ] } },
{ "type": "Feature", "properties": { "cell_id": 441191, "row": 1234, "column": 567, "component": 0, "cell_area_m2": 250000.0, "centroid_x_m": 794806.50159944687, "centroid_y_m": 6811813.9484715285, "latitude": -28.78749747954916, "longitude": -59.980149629393161, "valid": 1, "invalid_reason": null, "climate_pixel_id": "612:1199", "solar_annual_kwh_m2": 1819.7954058973019, "climate_valid_years_1": 3, "climate_valid_years_4": 3, "climate_valid_years_7": 3, "climate_valid_years_10": 2 }, "geometry": { "type": "Polygon", "coordinates": [ [ [ 795056.501599446870387, 6811563.948471529409289 ], [ 795056.501599446870387, 6812063.948471529409289 ], [ 794556.501599446870387, 6812063.948471529409289 ], [ 794556.501599446870387, 6811563.948471529409289 ], [ 795056.501599446870387, 6811563.948471529409289 ] ] ] } },
{ "type": "Feature", "properties": { "cell_id": 441192, "row": 1234, "column": 568, "component": 0, "cell_area_m2": 250000.0, "centroid_x_m": 795306.50159944687, "centroid_y_m": 6811813.9484715285, "latitude": -28.787382885819731, "longitude": -59.975033755907276, "valid": 1, "invalid_reason": null, "climate_pixel_id": "612:1199", "solar_annual_kwh_m2": 1819.7954058973019, "climate_valid_years_1": 3, "climate_valid_years_4": 3, "climate_valid_years_7": 3, "climate_valid_years_10": 2 }, "geometry": { "type": "Polygon", "coordinates": [ [ [ 795556.501599446870387, 6811563.948471529409289 ], [ 795556.501599446870387, 6812063.948471529409289 ], [ 795056.501599446870387, 6812063.948471529409289 ], [ 795056.501599446870387, 6811563.948471529409289 ], [ 795556.501599446870387, 6811563.948471529409289 ] ] ] } },
{ "type": "Feature", "properties": { "cell_id": 441193, "row": 1234, "column": 569, "component": 0, "cell_area_m2": 250000.0, "centroid_x_m": 795806.50159944687, "centroid_y_m": 6811813.9484715285, "latitude": -28.787268098718478, "longitude": -59.969917912254353, "valid": 1, "invalid_reason": null, "climate_pixel_id": "612:1199", "solar_annual_kwh_m2": 1819.7954058973019, "climate_valid_years_1": 3, "climate_valid_years_4": 3, "climate_valid_years_7": 3, "climate_valid_years_10": 2 }, "geometry": { "type": "Polygon", "coordinates": [ [ [ 796056.501599446870387, 6811563.948471529409289 ], [ 796056.501599446870387, 6812063.948471529409289 ], [ 795556.501599446870387, 6812063.948471529409289 ], [ 795556.501599446870387, 6811563.948471529409289 ], [ 796056.501599446870387, 6811563.948471529409289 ] ] ] } },
{ "type": "Feature", "properties": { "cell_id": 441194, "row": 1234, "column": 570, "component": 0, "cell_area_m2": 250000.0, "centroid_x_m": 796306.50159944687, "centroid_y_m": 6811813.9484715285, "latitude": -28.787153118249535, "longitude": -59.964802098484519, "valid": 1, "invalid_reason": null, "climate_pixel_id": "612:1199", "solar_annual_kwh_m2": 1819.7954058973019, "climate_valid_years_1": 3, "climate_valid_years_4": 3, "climate_valid_years_7": 3, "climate_valid_years_10": 2 }, "geometry": { "type": "Polygon", "coordinates": [ [ [ 796556.501599446870387, 6811563.948471529409289 ], [ 796556.501599446870387, 6812063.948471529409289 ], [ 796056.501599446870387, 6812063.948471529409289 ], [ 796056.501599446870387, 6811563.948471529409289 ], [ 796556.501599446870387, 6811563.948471529409289 ] ] ] } },
{ "type": "Feature", "properties": { "cell_id": 441726, "row": 1235, "column": 570, "component": 0, "cell_area_m2": 250000.0, "centroid_x_m": 796306.50159944687, "centroid_y_m": 6812313.9484715285, "latitude": -28.782646345593278, "longitude": -59.964932711760184, "valid": 1, "invalid_reason": null, "climate_pixel_id": "612:1199", "solar_annual_kwh_m2": 1819.7954058973019, "climate_valid_years_1": 3, "climate_valid_years_4": 3, "climate_valid_years_7": 3, "climate_valid_years_10": 2 }, "geometry": { "type": "Polygon", "coordinates": [ [ [ 796556.501599446870387, 6812063.948471529409289 ], [ 796556.501599446870387, 6812563.948471529409289 ], [ 796056.501599446870387, 6812563.948471529409289 ], [ 796056.501599446870387, 6812063.948471529409289 ], [ 796556.501599446870387, 6812063.948471529409289 ] ] ] } },
{ "type": "Feature", "properties": { "cell_id": 442258, "row": 1236, "column": 570, "component": 0, "cell_area_m2": 250000.0, "centroid_x_m": 796306.50159944687, "centroid_y_m": 6812813.9484715285, "latitude": -28.778139569385488, "longitude": -59.965063295108024, "valid": 1, "invalid_reason": null, "climate_pixel_id": "612:1199", "solar_annual_kwh_m2": 1819.7954058973019, "climate_valid_years_1": 3, "climate_valid_years_4": 3, "climate_valid_years_7": 3, "climate_valid_years_10": 2 }, "geometry": { "type": "Polygon", "coordinates": [ [ [ 796556.501599446870387, 6812563.948471529409289 ], [ 796556.501599446870387, 6813063.948471529409289 ], [ 796056.501599446870387, 6813063.948471529409289 ], [ 796056.501599446870387, 6812563.948471529409289 ], [ 796556.501599446870387, 6812563.948471529409289 ] ] ] } },
{ "type": "Feature", "properties": { "cell_id": 442375, "row": 1236, "column": 687, "component": 0, "cell_area_m2": 250000.0, "centroid_x_m": 854806.50159944687, "centroid_y_m": 6812813.9484715285, "latitude": -28.763358712922503, "longitude": -59.366784322944376, "valid": 1, "invalid_reason": null, "climate_pixel_id": "612:1205", "solar_annual_kwh_m2": 1834.2748831149443, "climate_valid_years_1": 3, "climate_valid_years_4": 3, "climate_valid_years_7": 3, "climate_valid_years_10": 2 }, "geometry": { "type": "Polygon", "coordinates": [ [ [ 855056.501599446870387, 6812563.948471529409289 ], [ 855056.501599446870387, 6813063.948471529409289 ], [ 854556.501599446870387, 6813063.948471529409289 ], [ 854556.501599446870387, 6812563.948471529409289 ], [ 855056.501599446870387, 6812563.948471529409289 ] ] ] } },
{ "type": "Feature", "properties": { "cell_id": 442906, "row": 1237, "column": 685, "component": 0, "cell_area_m2": 250000.0, "centroid_x_m": 853806.50159944687, "centroid_y_m": 6813313.9484715285, "latitude": -28.759129477038691, "longitude": -59.377163153442389, "valid": 1, "invalid_reason": null, "climate_pixel_id": "612:1205", "solar_annual_kwh_m2": 1834.2748831149443, "climate_valid_years_1": 3, "climate_valid_years_4": 3, "climate_valid_years_7": 3, "climate_valid_years_10": 2 }, "geometry": { "type": "Polygon", "coordinates": [ [ [ 854056.501599446870387, 6813063.948471529409289 ], [ 854056.501599446870387, 6813563.948471529409289 ], [ 853556.501599446870387, 6813563.948471529409289 ], [ 853556.501599446870387, 6813063.948471529409289 ], [ 854056.501599446870387, 6813063.948471529409289 ] ] ] } },
{ "type": "Feature", "properties": { "cell_id": 442907, "row": 1237, "column": 686, "component": 0, "cell_area_m2": 250000.0, "centroid_x_m": 854306.50159944687, "centroid_y_m": 6813313.9484715285, "latitude": -28.758992172300484, "longitude": -59.372051801749087, "valid": 1, "invalid_reason": null, "climate_pixel_id": "612:1205", "solar_annual_kwh_m2": 1834.2748831149443, "climate_valid_years_1": 3, "climate_valid_years_4": 3, "climate_valid_years_7": 3, "climate_valid_years_10": 2 }, "geometry": { "type": "Polygon", "coordinates": [ [ [ 854556.501599446870387, 6813063.948471529409289 ], [ 854556.501599446870387, 6813563.948471529409289 ], [ 854056.501599446870387, 6813563.948471529409289 ], [ 854056.501599446870387, 6813063.948471529409289 ], [ 854556.501599446870387, 6813063.948471529409289 ] ] ] } },
{ "type": "Feature", "properties": { "cell_id": 442908, "row": 1237, "column": 687, "component": 0, "cell_area_m2": 250000.0, "centroid_x_m": 854806.50159944687, "centroid_y_m": 6813313.9484715285, "latitude": -28.758854674834204, "longitude": -59.366940485775004, "valid": 1, "invalid_reason": null, "climate_pixel_id": "612:1205", "solar_annual_kwh_m2": 1834.2748831149443, "climate_valid_years_1": 3, "climate_valid_years_4": 3, "climate_valid_years_7": 3, "climate_valid_years_10": 2 }, "geometry": { "type": "Polygon", "coordinates": [ [ [ 855056.501599446870387, 6813063.948471529409289 ], [ 855056.501599446870387, 6813563.948471529409289 ], [ 854556.501599446870387, 6813563.948471529409289 ], [ 854556.501599446870387, 6813063.948471529409289 ], [ 855056.501599446870387, 6813063.948471529409289 ] ] ] } },
{ "type": "Feature", "properties": { "cell_id": 442909, "row": 1237, "column": 688, "component": 0, "cell_area_m2": 250000.0, "centroid_x_m": 855306.50159944687, "centroid_y_m": 6813313.9484715285, "latitude": -28.758716984644842, "longitude": -59.361829205570039, "valid": 1, "invalid_reason": null, "climate_pixel_id": "612:1205", "solar_annual_kwh_m2": 1834.2748831149443, "climate_valid_years_1": 3, "climate_valid_years_4": 3, "climate_valid_years_7": 3, "climate_valid_years_10": 2 }, "geometry": { "type": "Polygon", "coordinates": [ [ [ 855556.501599446870387, 6813063.948471529409289 ], [ 855556.501599446870387, 6813563.948471529409289 ], [ 855056.501599446870387, 6813563.948471529409289 ], [ 855056.501599446870387, 6813063.948471529409289 ], [ 855556.501599446870387, 6813063.948471529409289 ] ] ] } },
{ "type": "Feature", "properties": { "cell_id": 443439, "row": 1238, "column": 684, "component": 0, "cell_area_m2": 250000.0, "centroid_x_m": 853306.50159944687, "centroid_y_m": 6813813.9484715285, "latitude": -28.754762470772974, "longitude": -59.382430012414808, "valid": 1, "invalid_reason": null, "climate_pixel_id": "612:1205", "solar_annual_kwh_m2": 1834.2748831149443, "climate_valid_years_1": 3, "climate_valid_years_4": 3, "climate_valid_years_7": 3, "climate_valid_years_10": 2 }, "geometry": { "type": "Polygon", "coordinates": [ [ [ 853556.501599446870387, 6813563.948471529409289 ], [ 853556.501599446870387, 6814063.948471529409289 ], [ 853056.501599446870387, 6814063.948471529409289 ], [ 853056.501599446870387, 6813563.948471529409289 ], [ 853556.501599446870387, 6813563.948471529409289 ] ] ] } },
{ "type": "Feature", "properties": { "cell_id": 443440, "row": 1238, "column": 685, "component": 0, "cell_area_m2": 250000.0, "centroid_x_m": 853806.50159944687, "centroid_y_m": 6813813.9484715285, "latitude": -28.754625384199624, "longitude": -59.377318843542582, "valid": 1, "invalid_reason": null, "climate_pixel_id": "612:1205", "solar_annual_kwh_m2": 1834.2748831149443, "climate_valid_years_1": 3, "climate_valid_years_4": 3, "climate_valid_years_7": 3, "climate_valid_years_10": 2 }, "geometry": { "type": "Polygon", "coordinates": [ [ [ 854056.501599446870387, 6813563.948471529409289 ], [ 854056.501599446870387, 6814063.948471529409289 ], [ 853556.501599446870387, 6814063.948471529409289 ], [ 853556.501599446870387, 6813563.948471529409289 ], [ 854056.501599446870387, 6813563.948471529409289 ] ] ] } },
{ "type": "Feature", "properties": { "cell_id": 443442, "row": 1238, "column": 687, "component": 0, "cell_area_m2": 250000.0, "centroid_x_m": 854806.50159944687, "centroid_y_m": 6813813.9484715285, "latitude": -28.754350632965895, "longitude": -59.367096612836505, "valid": 1, "invalid_reason": null, "climate_pixel_id": "612:1205", "solar_annual_kwh_m2": 1834.2748831149443, "climate_valid_years_1": 3, "climate_valid_years_4": 3, "climate_valid_years_7": 3, "climate_valid_years_10": 2 }, "geometry": { "type": "Polygon", "coordinates": [ [ [ 855056.501599446870387, 6813563.948471529409289 ], [ 855056.501599446870387, 6814063.948471529409289 ], [ 854556.501599446870387, 6814063.948471529409289 ], [ 854556.501599446870387, 6813563.948471529409289 ], [ 855056.501599446870387, 6813563.948471529409289 ] ] ] } },
{ "type": "Feature", "properties": { "cell_id": 443443, "row": 1238, "column": 688, "component": 0, "cell_area_m2": 250000.0, "centroid_x_m": 855306.50159944687, "centroid_y_m": 6813813.9484715285, "latitude": -28.754212968315425, "longitude": -59.361985551102464, "valid": 1, "invalid_reason": null, "climate_pixel_id": "612:1205", "solar_annual_kwh_m2": 1834.2748831149443, "climate_valid_years_1": 3, "climate_valid_years_4": 3, "climate_valid_years_7": 3, "climate_valid_years_10": 2 }, "geometry": { "type": "Polygon", "coordinates": [ [ [ 855556.501599446870387, 6813563.948471529409289 ], [ 855556.501599446870387, 6814063.948471529409289 ], [ 855056.501599446870387, 6814063.948471529409289 ], [ 855056.501599446870387, 6813563.948471529409289 ], [ 855556.501599446870387, 6813563.948471529409289 ] ] ] } },
{ "type": "Feature", "properties": { "cell_id": 443975, "row": 1239, "column": 687, "component": 0, "cell_area_m2": 250000.0, "centroid_x_m": 854806.50159944687, "centroid_y_m": 6814313.9484715285, "latitude": -28.749846587318043, "longitude": -59.367252704135389, "valid": 1, "invalid_reason": null, "climate_pixel_id": "613:1205", "solar_annual_kwh_m2": 1835.4899530887596, "climate_valid_years_1": 3, "climate_valid_years_4": 3, "climate_valid_years_7": 3, "climate_valid_years_10": 2 }, "geometry": { "type": "Polygon", "coordinates": [ [ [ 855056.501599446870387, 6814063.948471529409289 ], [ 855056.501599446870387, 6814563.948471529409289 ], [ 854556.501599446870387, 6814563.948471529409289 ], [ 854556.501599446870387, 6814063.948471529409289 ], [ 855056.501599446870387, 6814063.948471529409289 ] ] ] } },
{ "type": "Feature", "properties": { "cell_id": 454189, "row": 1258, "column": 699, "component": 0, "cell_area_m2": 250000.0, "centroid_x_m": 860806.50159944687, "centroid_y_m": 6823813.9484715285, "latitude": -28.662610481840346, "longitude": -59.308933585172731, "valid": 1, "invalid_reason": null, "climate_pixel_id": "613:1206", "solar_annual_kwh_m2": 1835.2399693566806, "climate_valid_years_1": 3, "climate_valid_years_4": 3, "climate_valid_years_7": 3, "climate_valid_years_10": 2 }, "geometry": { "type": "Polygon", "coordinates": [ [ [ 861056.501599446870387, 6823563.948471529409289 ], [ 861056.501599446870387, 6824063.948471529409289 ], [ 860556.501599446870387, 6824063.948471529409289 ], [ 860556.501599446870387, 6823563.948471529409289 ], [ 861056.501599446870387, 6823563.948471529409289 ] ] ] } },
{ "type": "Feature", "properties": { "cell_id": 454191, "row": 1258, "column": 701, "component": 0, "cell_area_m2": 250000.0, "centroid_x_m": 861806.50159944687, "centroid_y_m": 6823813.9484715285, "latitude": -28.662331374678729, "longitude": -59.298721078838348, "valid": 1, "invalid_reason": null, "climate_pixel_id": "613:1206", "solar_annual_kwh_m2": 1835.2399693566806, "climate_valid_years_1": 3, "climate_valid_years_4": 3, "climate_valid_years_7": 3, "climate_valid_years_10": 2 }, "geometry": { "type": "Polygon", "coordinates": [ [ [ 862056.501599446870387, 6823563.948471529409289 ], [ 862056.501599446870387, 6824063.948471529409289 ], [ 861556.501599446870387, 6824063.948471529409289 ], [ 861556.501599446870387, 6823563.948471529409289 ], [ 862056.501599446870387, 6823563.948471529409289 ] ] ] } },
{ "type": "Feature", "properties": { "cell_id": 454728, "row": 1259, "column": 699, "component": 0, "cell_area_m2": 250000.0, "centroid_x_m": 860806.50159944687, "centroid_y_m": 6824313.9484715285, "latitude": -28.658106668989568, "longitude": -59.309091571253049, "valid": 1, "invalid_reason": null, "climate_pixel_id": "613:1206", "solar_annual_kwh_m2": 1835.2399693566806, "climate_valid_years_1": 3, "climate_valid_years_4": 3, "climate_valid_years_7": 3, "climate_valid_years_10": 2 }, "geometry": { "type": "Polygon", "coordinates": [ [ [ 861056.501599446870387, 6824063.948471529409289 ], [ 861056.501599446870387, 6824563.948471529409289 ], [ 860556.501599446870387, 6824563.948471529409289 ], [ 860556.501599446870387, 6824063.948471529409289 ], [ 861056.501599446870387, 6824063.948471529409289 ] ] ] } },
{ "type": "Feature", "properties": { "cell_id": 454729, "row": 1259, "column": 700, "component": 0, "cell_area_m2": 250000.0, "centroid_x_m": 861306.50159944687, "centroid_y_m": 6824313.9484715285, "latitude": -28.657967237285149, "longitude": -59.303985517293206, "valid": 1, "invalid_reason": null, "climate_pixel_id": "613:1206", "solar_annual_kwh_m2": 1835.2399693566806, "climate_valid_years_1": 3, "climate_valid_years_4": 3, "climate_valid_years_7": 3, "climate_valid_years_10": 2 }, "geometry": { "type": "Polygon", "coordinates": [ [ [ 861556.501599446870387, 6824063.948471529409289 ], [ 861556.501599446870387, 6824563.948471529409289 ], [ 861056.501599446870387, 6824563.948471529409289 ], [ 861056.501599446870387, 6824063.948471529409289 ], [ 861556.501599446870387, 6824063.948471529409289 ] ] ] } },
{ "type": "Feature", "properties": { "cell_id": 454730, "row": 1259, "column": 701, "component": 0, "cell_area_m2": 250000.0, "centroid_x_m": 861806.50159944687, "centroid_y_m": 6824313.9484715285, "latitude": -28.657827613706626, "longitude": -59.298879499605988, "valid": 1, "invalid_reason": null, "climate_pixel_id": "613:1206", "solar_annual_kwh_m2": 1835.2399693566806, "climate_valid_years_1": 3, "climate_valid_years_4": 3, "climate_valid_years_7": 3, "climate_valid_years_10": 2 }, "geometry": { "type": "Polygon", "coordinates": [ [ [ 862056.501599446870387, 6824063.948471529409289 ], [ 862056.501599446870387, 6824563.948471529409289 ], [ 861556.501599446870387, 6824563.948471529409289 ], [ 861556.501599446870387, 6824063.948471529409289 ], [ 862056.501599446870387, 6824063.948471529409289 ] ] ] } },
{ "type": "Feature", "properties": { "cell_id": 455267, "row": 1260, "column": 700, "component": 0, "cell_area_m2": 250000.0, "centroid_x_m": 861306.50159944687, "centroid_y_m": 6824813.9484715285, "latitude": -28.653463446559243, "longitude": -59.304143684447858, "valid": 1, "invalid_reason": null, "climate_pixel_id": "613:1206", "solar_annual_kwh_m2": 1835.2399693566806, "climate_valid_years_1": 3, "climate_valid_years_4": 3, "climate_valid_years_7": 3, "climate_valid_years_10": 2 }, "geometry": { "type": "Polygon", "coordinates": [ [ [ 861556.501599446870387, 6824563.948471529409289 ], [ 861556.501599446870387, 6825063.948471529409289 ], [ 861056.501599446870387, 6825063.948471529409289 ], [ 861056.501599446870387, 6824563.948471529409289 ], [ 861556.501599446870387, 6824563.948471529409289 ] ] ] } },
{ "type": "Feature", "properties": { "cell_id": 455268, "row": 1260, "column": 701, "component": 0, "cell_area_m2": 250000.0, "centroid_x_m": 861806.50159944687, "centroid_y_m": 6824813.9484715285, "latitude": -28.653323848935695, "longitude": -59.29903788405133, "valid": 1, "invalid_reason": null, "climate_pixel_id": "613:1206", "solar_annual_kwh_m2": 1835.2399693566806, "climate_valid_years_1": 3, "climate_valid_years_4": 3, "climate_valid_years_7": 3, "climate_valid_years_10": 2 }, "geometry": { "type": "Polygon", "coordinates": [ [ [ 862056.501599446870387, 6824563.948471529409289 ], [ 862056.501599446870387, 6825063.948471529409289 ], [ 861556.501599446870387, 6825063.948471529409289 ], [ 861556.501599446870387, 6824563.948471529409289 ], [ 862056.501599446870387, 6824563.948471529409289 ] ] ] } },
{ "type": "Feature", "properties": { "cell_id": 455269, "row": 1260, "column": 702, "component": 0, "cell_area_m2": 250000.0, "centroid_x_m": 862306.50159944687, "centroid_y_m": 6824813.9484715285, "latitude": -28.653184059478669, "longitude": -59.293932119970528, "valid": 1, "invalid_reason": null, "climate_pixel_id": "613:1206", "solar_annual_kwh_m2": 1835.2399693566806, "climate_valid_years_1": 3, "climate_valid_years_4": 3, "climate_valid_years_7": 3, "climate_valid_years_10": 2 }, "geometry": { "type": "Polygon", "coordinates": [ [ [ 862556.501599446870387, 6824563.948471529409289 ], [ 862556.501599446870387, 6825063.948471529409289 ], [ 862056.501599446870387, 6825063.948471529409289 ], [ 862056.501599446870387, 6824563.948471529409289 ], [ 862556.501599446870387, 6824563.948471529409289 ] ] ] } },
{ "type": "Feature", "properties": { "cell_id": 455804, "row": 1261, "column": 700, "component": 0, "cell_area_m2": 250000.0, "centroid_x_m": 861306.50159944687, "centroid_y_m": 6825313.9484715285, "latitude": -28.648959652037188, "longitude": -59.304301815336437, "valid": 1, "invalid_reason": null, "climate_pixel_id": "614:1206", "solar_annual_kwh_m2": 1835.3527381761749, "climate_valid_years_1": 3, "climate_valid_years_4": 3, "climate_valid_years_7": 3, "climate_valid_years_10": 2 }, "geometry": { "type": "Polygon", "coordinates": [ [ [ 861556.501599446870387, 6825063.948471529409289 ], [ 861556.501599446870387, 6825563.948471529409289 ], [ 861056.501599446870387, 6825563.948471529409289 ], [ 861056.501599446870387, 6825063.948471529409289 ], [ 861556.501599446870387, 6825063.948471529409289 ] ] ] } },
{ "type": "Feature", "properties": { "cell_id": 455806, "row": 1261, "column": 702, "component": 0, "cell_area_m2": 250000.0, "centroid_x_m": 862306.50159944687, "centroid_y_m": 6825313.9484715285, "latitude": -28.648680316897845, "longitude": -59.294090685334602, "valid": 1, "invalid_reason": null, "climate_pixel_id": "614:1206", "solar_annual_kwh_m2": 1835.3527381761749, "climate_valid_years_1": 3, "climate_valid_years_4": 3, "climate_valid_years_7": 3, "climate_valid_years_10": 2 }, "geometry": { "type": "Polygon", "coordinates": [ [ [ 862556.501599446870387, 6825063.948471529409289 ], [ 862556.501599446870387, 6825563.948471529409289 ], [ 862056.501599446870387, 6825563.948471529409289 ], [ 862056.501599446870387, 6825063.948471529409289 ], [ 862556.501599446870387, 6825063.948471529409289 ] ] ] } },
{ "type": "Feature", "properties": { "cell_id": 455807, "row": 1261, "column": 703, "component": 0, "cell_area_m2": 250000.0, "centroid_x_m": 862806.50159944687, "centroid_y_m": 6825313.9484715285, "latitude": -28.648540361636378, "longitude": -59.288985174847056, "valid": 1, "invalid_reason": null, "climate_pixel_id": "614:1206", "solar_annual_kwh_m2": 1835.3527381761749, "climate_valid_years_1": 3, "climate_valid_years_4": 3, "climate_valid_years_7": 3, "climate_valid_years_10": 2 }, "geometry": { "type": "Polygon", "coordinates": [ [ [ 863056.501599446870387, 6825063.948471529409289 ], [ 863056.501599446870387, 6825563.948471529409289 ], [ 862556.501599446870387, 6825563.948471529409289 ], [ 862556.501599446870387, 6825063.948471529409289 ], [ 863056.501599446870387, 6825063.948471529409289 ] ] ] } },
{ "type": "Feature", "properties": { "cell_id": 477054, "row": 1301, "column": 513, "component": 0, "cell_area_m2": 250000.0, "centroid_x_m": 767806.50159944687, "centroid_y_m": 6845313.9484715285, "latitude": -28.491359273616848, "longitude": -60.264303018938861, "valid": 1, "invalid_reason": null, "climate_pixel_id": "615:1196", "solar_annual_kwh_m2": 1816.5894196539725, "climate_valid_years_1": 3, "climate_valid_years_4": 3, "climate_valid_years_7": 3, "climate_valid_years_10": 2 }, "geometry": { "type": "Polygon", "coordinates": [ [ [ 768056.501599446870387, 6845063.948471529409289 ], [ 768056.501599446870387, 6845563.948471529409289 ], [ 767556.501599446870387, 6845563.948471529409289 ], [ 767556.501599446870387, 6845063.948471529409289 ], [ 768056.501599446870387, 6845063.948471529409289 ] ] ] } },
{ "type": "Feature", "properties": { "cell_id": 477055, "row": 1301, "column": 514, "component": 0, "cell_area_m2": 250000.0, "centroid_x_m": 768306.50159944687, "centroid_y_m": 6845313.9484715285, "latitude": -28.491256418724632, "longitude": -60.259200212662712, "valid": 1, "invalid_reason": null, "climate_pixel_id": "615:1196", "solar_annual_kwh_m2": 1816.5894196539725, "climate_valid_years_1": 3, "climate_valid_years_4": 3, "climate_valid_years_7": 3, "climate_valid_years_10": 2 }, "geometry": { "type": "Polygon", "coordinates": [ [ [ 768556.501599446870387, 6845063.948471529409289 ], [ 768556.501599446870387, 6845563.948471529409289 ], [ 768056.501599446870387, 6845563.948471529409289 ], [ 768056.501599446870387, 6845063.948471529409289 ], [ 768556.501599446870387, 6845063.948471529409289 ] ] ] } },
{ "type": "Feature", "properties": { "cell_id": 477592, "row": 1302, "column": 514, "component": 0, "cell_area_m2": 250000.0, "centroid_x_m": 768306.50159944687, "centroid_y_m": 6845813.9484715285, "latitude": -28.486748276365759, "longitude": -60.259316729573278, "valid": 1, "invalid_reason": null, "climate_pixel_id": "615:1196", "solar_annual_kwh_m2": 1816.5894196539725, "climate_valid_years_1": 3, "climate_valid_years_4": 3, "climate_valid_years_7": 3, "climate_valid_years_10": 2 }, "geometry": { "type": "Polygon", "coordinates": [ [ [ 768556.501599446870387, 6845563.948471529409289 ], [ 768556.501599446870387, 6846063.948471529409289 ], [ 768056.501599446870387, 6846063.948471529409289 ], [ 768056.501599446870387, 6845563.948471529409289 ], [ 768556.501599446870387, 6845563.948471529409289 ] ] ] } },
{ "type": "Feature", "properties": { "cell_id": 501151, "row": 1347, "column": 262, "component": 0, "cell_area_m2": 250000.0, "centroid_x_m": 642306.50159944687, "centroid_y_m": 6868313.9484715285, "latitude": -28.303572121389653, "longitude": -61.548654276416599, "valid": 1, "invalid_reason": null, "climate_pixel_id": "617:1184", "solar_annual_kwh_m2": 1858.5254897811628, "climate_valid_years_1": 3, "climate_valid_years_4": 3, "climate_valid_years_7": 3, "climate_valid_years_10": 2 }, "geometry": { "type": "Polygon", "coordinates": [ [ [ 642556.501599446870387, 6868063.948471529409289 ], [ 642556.501599446870387, 6868563.948471529409289 ], [ 642056.501599446870387, 6868563.948471529409289 ], [ 642056.501599446870387, 6868063.948471529409289 ], [ 642556.501599446870387, 6868063.948471529409289 ] ] ] } },
{ "type": "Feature", "properties": { "cell_id": 501152, "row": 1347, "column": 263, "component": 0, "cell_area_m2": 250000.0, "centroid_x_m": 642806.50159944687, "centroid_y_m": 6868313.9484715285, "latitude": -28.303517823636316, "longitude": -61.543556258294196, "valid": 1, "invalid_reason": null, "climate_pixel_id": "617:1184", "solar_annual_kwh_m2": 1858.5254897811628, "climate_valid_years_1": 3, "climate_valid_years_4": 3, "climate_valid_years_7": 3, "climate_valid_years_10": 2 }, "geometry": { "type": "Polygon", "coordinates": [ [ [ 643056.501599446870387, 6868063.948471529409289 ], [ 643056.501599446870387, 6868563.948471529409289 ], [ 642556.501599446870387, 6868563.948471529409289 ], [ 642556.501599446870387, 6868063.948471529409289 ], [ 643056.501599446870387, 6868063.948471529409289 ] ] ] } },
{ "type": "Feature", "properties": { "cell_id": 510102, "row": 1364, "column": 323, "component": 0, "cell_area_m2": 250000.0, "centroid_x_m": 672806.50159944687, "centroid_y_m": 6876813.9484715285, "latitude": -28.223219176535302, "longitude": -61.23896434362883, "valid": 1, "invalid_reason": null, "climate_pixel_id": "618:1187", "solar_annual_kwh_m2": 1844.7551010759159, "climate_valid_years_1": 3, "climate_valid_years_4": 3, "climate_valid_years_7": 3, "climate_valid_years_10": 2 }, "geometry": { "type": "Polygon", "coordinates": [ [ [ 673056.501599446870387, 6876563.948471529409289 ], [ 673056.501599446870387, 6877063.948471529409289 ], [ 672556.501599446870387, 6877063.948471529409289 ], [ 672556.501599446870387, 6876563.948471529409289 ], [ 673056.501599446870387, 6876563.948471529409289 ] ] ] } },
{ "type": "Feature", "properties": { "cell_id": 510103, "row": 1364, "column": 324, "component": 0, "cell_area_m2": 250000.0, "centroid_x_m": 673306.50159944687, "centroid_y_m": 6876813.9484715285, "latitude": -28.223153487167369, "longitude": -61.233870924525966, "valid": 1, "invalid_reason": null, "climate_pixel_id": "618:1187", "solar_annual_kwh_m2": 1844.7551010759159, "climate_valid_years_1": 3, "climate_valid_years_4": 3, "climate_valid_years_7": 3, "climate_valid_years_10": 2 }, "geometry": { "type": "Polygon", "coordinates": [ [ [ 673556.501599446870387, 6876563.948471529409289 ], [ 673556.501599446870387, 6877063.948471529409289 ], [ 673056.501599446870387, 6877063.948471529409289 ], [ 673056.501599446870387, 6876563.948471529409289 ], [ 673556.501599446870387, 6876563.948471529409289 ] ] ] } },
{ "type": "Feature", "properties": { "cell_id": 510627, "row": 1365, "column": 324, "component": 0, "cell_area_m2": 250000.0, "centroid_x_m": 673306.50159944687, "centroid_y_m": 6877313.9484715285, "latitude": -28.218642136568977, "longitude": -61.233945187657618, "valid": 1, "invalid_reason": null, "climate_pixel_id": "618:1187", "solar_annual_kwh_m2": 1844.7551010759159, "climate_valid_years_1": 3, "climate_valid_years_4": 3, "climate_valid_years_7": 3, "climate_valid_years_10": 2 }, "geometry": { "type": "Polygon", "coordinates": [ [ [ 673556.501599446870387, 6877063.948471529409289 ], [ 673556.501599446870387, 6877563.948471529409289 ], [ 673056.501599446870387, 6877563.948471529409289 ], [ 673056.501599446870387, 6877063.948471529409289 ], [ 673556.501599446870387, 6877063.948471529409289 ] ] ] } },
{ "type": "Feature", "properties": { "cell_id": 510628, "row": 1365, "column": 325, "component": 0, "cell_area_m2": 250000.0, "centroid_x_m": 673806.50159944687, "centroid_y_m": 6877313.9484715285, "latitude": -28.218576270073203, "longitude": -61.228851999592912, "valid": 1, "invalid_reason": null, "climate_pixel_id": "618:1187", "solar_annual_kwh_m2": 1844.7551010759159, "climate_valid_years_1": 3, "climate_valid_years_4": 3, "climate_valid_years_7": 3, "climate_valid_years_10": 2 }, "geometry": { "type": "Polygon", "coordinates": [ [ [ 674056.501599446870387, 6877063.948471529409289 ], [ 674056.501599446870387, 6877563.948471529409289 ], [ 673556.501599446870387, 6877563.948471529409289 ], [ 673556.501599446870387, 6877063.948471529409289 ], [ 674056.501599446870387, 6877063.948471529409289 ] ] ] } },
{ "type": "Feature", "properties": { "cell_id": 510629, "row": 1365, "column": 326, "component": 0, "cell_area_m2": 250000.0, "centroid_x_m": 674306.50159944687, "centroid_y_m": 6877313.9484715285, "latitude": -28.218510214097375, "longitude": -61.22375882871512, "valid": 1, "invalid_reason": null, "climate_pixel_id": "618:1187", "solar_annual_kwh_m2": 1844.7551010759159, "climate_valid_years_1": 3, "climate_valid_years_4": 3, "climate_valid_years_7": 3, "climate_valid_years_10": 2 }, "geometry": { "type": "Polygon", "coordinates": [ [ [ 674556.501599446870387, 6877063.948471529409289 ], [ 674556.501599446870387, 6877563.948471529409289 ], [ 674056.501599446870387, 6877563.948471529409289 ], [ 674056.501599446870387, 6877063.948471529409289 ], [ 674556.501599446870387, 6877063.948471529409289 ] ] ] } },
{ "type": "Feature", "properties": { "cell_id": 510630, "row": 1365, "column": 327, "component": 0, "cell_area_m2": 250000.0, "centroid_x_m": 674806.50159944687, "centroid_y_m": 6877313.9484715285, "latitude": -28.218443968643882, "longitude": -61.218665675073545, "valid": 1, "invalid_reason": null, "climate_pixel_id": "618:1187", "solar_annual_kwh_m2": 1844.7551010759159, "climate_valid_years_1": 3, "climate_valid_years_4": 3, "climate_valid_years_7": 3, "climate_valid_years_10": 2 }, "geometry": { "type": "Polygon", "coordinates": [ [ [ 675056.501599446870387, 6877063.948471529409289 ], [ 675056.501599446870387, 6877563.948471529409289 ], [ 674556.501599446870387, 6877563.948471529409289 ], [ 674556.501599446870387, 6877063.948471529409289 ], [ 675056.501599446870387, 6877063.948471529409289 ] ] ] } },
{ "type": "Feature", "properties": { "cell_id": 511154, "row": 1366, "column": 327, "component": 0, "cell_area_m2": 250000.0, "centroid_x_m": 674806.50159944687, "centroid_y_m": 6877813.9484715285, "latitude": -28.213932652163678, "longitude": -61.21874056260296, "valid": 1, "invalid_reason": null, "climate_pixel_id": "618:1187", "solar_annual_kwh_m2": 1844.7551010759159, "climate_valid_years_1": 3, "climate_valid_years_4": 3, "climate_valid_years_7": 3, "climate_valid_years_10": 2 }, "geometry": { "type": "Polygon", "coordinates": [ [ [ 675056.501599446870387, 6877563.948471529409289 ], [ 675056.501599446870387, 6878063.948471529409289 ], [ 674556.501599446870387, 6878063.948471529409289 ], [ 674556.501599446870387, 6877563.948471529409289 ], [ 675056.501599446870387, 6877563.948471529409289 ] ] ] } },
{ "type": "Feature", "properties": { "cell_id": 519983, "row": 1382, "column": 496, "component": 0, "cell_area_m2": 250000.0, "centroid_x_m": 759306.50159944687, "centroid_y_m": 6885813.9484715285, "latitude": -28.127880472834601, "longitude": -60.360093759278129, "valid": 1, "invalid_reason": null, "climate_pixel_id": "619:1195", "solar_annual_kwh_m2": 1825.2919982856433, "climate_valid_years_1": 3, "climate_valid_years_4": 3, "climate_valid_years_7": 3, "climate_valid_years_10": 2 }, "geometry": { "type": "Polygon", "coordinates": [ [ [ 759556.501599446870387, 6885563.948471529409289 ], [ 759556.501599446870387, 6886063.948471529409289 ], [ 759056.501599446870387, 6886063.948471529409289 ], [ 759056.501599446870387, 6885563.948471529409289 ], [ 759556.501599446870387, 6885563.948471529409289 ] ] ] } },
{ "type": "Feature", "properties": { "cell_id": 520540, "row": 1383, "column": 496, "component": 0, "cell_area_m2": 250000.0, "centroid_x_m": 759306.50159944687, "centroid_y_m": 6886313.9484715285, "latitude": -28.123371716100525, "longitude": -60.360204300037807, "valid": 1, "invalid_reason": null, "climate_pixel_id": "619:1195", "solar_annual_kwh_m2": 1825.2919982856433, "climate_valid_years_1": 3, "climate_valid_years_4": 3, "climate_valid_years_7": 3, "climate_valid_years_10": 2 }, "geometry": { "type": "Polygon", "coordinates": [ [ [ 759556.501599446870387, 6886063.948471529409289 ], [ 759556.501599446870387, 6886563.948471529409289 ], [ 759056.501599446870387, 6886563.948471529409289 ], [ 759056.501599446870387, 6886063.948471529409289 ], [ 759556.501599446870387, 6886063.948471529409289 ] ] ] } },
{ "type": "Feature", "properties": { "cell_id": 520541, "row": 1383, "column": 497, "component": 0, "cell_area_m2": 250000.0, "centroid_x_m": 759806.50159944687, "centroid_y_m": 6886313.9484715285, "latitude": -28.123273632474358, "longitude": -60.355118622474414, "valid": 1, "invalid_reason": null, "climate_pixel_id": "619:1195", "solar_annual_kwh_m2": 1825.2919982856433, "climate_valid_years_1": 3, "climate_valid_years_4": 3, "climate_valid_years_7": 3, "climate_valid_years_10": 2 }, "geometry": { "type": "Polygon", "coordinates": [ [ [ 760056.501599446870387, 6886063.948471529409289 ], [ 760056.501599446870387, 6886563.948471529409289 ], [ 759556.501599446870387, 6886563.948471529409289 ], [ 759556.501599446870387, 6886063.948471529409289 ], [ 760056.501599446870387, 6886063.948471529409289 ] ] ] } },
{ "type": "Feature", "properties": { "cell_id": 521097, "row": 1384, "column": 495, "component": 0, "cell_area_m2": 250000.0, "centroid_x_m": 758806.50159944687, "centroid_y_m": 6886813.9484715285, "latitude": -28.118960832845108, "longitude": -60.365400306048713, "valid": 1, "invalid_reason": null, "climate_pixel_id": "619:1195", "solar_annual_kwh_m2": 1825.2919982856433, "climate_valid_years_1": 3, "climate_valid_years_4": 3, "climate_valid_years_7": 3, "climate_valid_years_10": 2 }, "geometry": { "type": "Polygon", "coordinates": [ [ [ 759056.501599446870387, 6886563.948471529409289 ], [ 759056.501599446870387, 6887063.948471529409289 ], [ 758556.501599446870387, 6887063.948471529409289 ], [ 758556.501599446870387, 6886563.948471529409289 ], [ 759056.501599446870387, 6886563.948471529409289 ] ] ] } },
{ "type": "Feature", "properties": { "cell_id": 521098, "row": 1384, "column": 496, "component": 0, "cell_area_m2": 250000.0, "centroid_x_m": 759306.50159944687, "centroid_y_m": 6886813.9484715285, "latitude": -28.118862956000402, "longitude": -60.360314815275075, "valid": 1, "invalid_reason": null, "climate_pixel_id": "619:1195", "solar_annual_kwh_m2": 1825.2919982856433, "climate_valid_years_1": 3, "climate_valid_years_4": 3, "climate_valid_years_7": 3, "climate_valid_years_10": 2 }, "geometry": { "type": "Polygon", "coordinates": [ [ [ 759556.501599446870387, 6886563.948471529409289 ], [ 759556.501599446870387, 6887063.948471529409289 ], [ 759056.501599446870387, 6887063.948471529409289 ], [ 759056.501599446870387, 6886563.948471529409289 ], [ 759556.501599446870387, 6886563.948471529409289 ] ] ] } },
{ "type": "Feature", "properties": { "cell_id": 521099, "row": 1384, "column": 497, "component": 0, "cell_area_m2": 250000.0, "centroid_x_m": 759806.50159944687, "centroid_y_m": 6886813.9484715285, "latitude": -28.118764890853964, "longitude": -60.355229350019293, "valid": 1, "invalid_reason": null, "climate_pixel_id": "619:1195", "solar_annual_kwh_m2": 1825.2919982856433, "climate_valid_years_1": 3, "climate_valid_years_4": 3, "climate_valid_years_7": 3, "climate_valid_years_10": 2 }, "geometry": { "type": "Polygon", "coordinates": [ [ [ 760056.501599446870387, 6886563.948471529409289 ], [ 760056.501599446870387, 6887063.948471529409289 ], [ 759556.501599446870387, 6887063.948471529409289 ], [ 759556.501599446870387, 6886563.948471529409289 ], [ 760056.501599446870387, 6886563.948471529409289 ] ] ] } },
{ "type": "Feature", "properties": { "cell_id": 521657, "row": 1385, "column": 496, "component": 0, "cell_area_m2": 250000.0, "centroid_x_m": 759306.50159944687, "centroid_y_m": 6887313.9484715285, "latitude": -28.114354192534673, "longitude": -60.360425304994472, "valid": 1, "invalid_reason": null, "climate_pixel_id": "619:1195", "solar_annual_kwh_m2": 1825.2919982856433, "climate_valid_years_1": 3, "climate_valid_years_4": 3, "climate_valid_years_7": 3, "climate_valid_years_10": 2 }, "geometry": { "type": "Polygon", "coordinates": [ [ [ 759556.501599446870387, 6887063.948471529409289 ], [ 759556.501599446870387, 6887563.948471529409289 ], [ 759056.501599446870387, 6887563.948471529409289 ], [ 759056.501599446870387, 6887063.948471529409289 ], [ 759556.501599446870387, 6887063.948471529409289 ] ] ] } },
{ "type": "Feature", "properties": { "cell_id": 521658, "row": 1385, "column": 497, "component": 0, "cell_area_m2": 250000.0, "centroid_x_m": 759806.50159944687, "centroid_y_m": 6887313.9484715285, "latitude": -28.114256145866445, "longitude": -60.355340051997366, "valid": 1, "invalid_reason": null, "climate_pixel_id": "619:1195", "solar_annual_kwh_m2": 1825.2919982856433, "climate_valid_years_1": 3, "climate_valid_years_4": 3, "climate_valid_years_7": 3, "climate_valid_years_10": 2 }, "geometry": { "type": "Polygon", "coordinates": [ [ [ 760056.501599446870387, 6887063.948471529409289 ], [ 760056.501599446870387, 6887563.948471529409289 ], [ 759556.501599446870387, 6887563.948471529409289 ], [ 759556.501599446870387, 6887063.948471529409289 ], [ 760056.501599446870387, 6887063.948471529409289 ] ] ] } },
{ "type": "Feature", "properties": { "cell_id": 522218, "row": 1386, "column": 497, "component": 0, "cell_area_m2": 250000.0, "centroid_x_m": 759806.50159944687, "centroid_y_m": 6887813.9484715285, "latitude": -28.109747397512223, "longitude": -60.355450728413203, "valid": 1, "invalid_reason": null, "climate_pixel_id": "619:1195", "solar_annual_kwh_m2": 1825.2919982856433, "climate_valid_years_1": 3, "climate_valid_years_4": 3, "climate_valid_years_7": 3, "climate_valid_years_10": 2 }, "geometry": { "type": "Polygon", "coordinates": [ [ [ 760056.501599446870387, 6887563.948471529409289 ], [ 760056.501599446870387, 6888063.948471529409289 ], [ 759556.501599446870387, 6888063.948471529409289 ], [ 759556.501599446870387, 6887563.948471529409289 ], [ 760056.501599446870387, 6887563.948471529409289 ] ] ] } },
{ "type": "Feature", "properties": { "cell_id": 534548, "row": 1409, "column": 457, "component": 0, "cell_area_m2": 250000.0, "centroid_x_m": 739806.50159944687, "centroid_y_m": 6899313.9484715285, "latitude": -28.009803184172998, "longitude": -60.561215513283216, "valid": 1, "invalid_reason": null, "climate_pixel_id": "620:1193", "solar_annual_kwh_m2": 1833.1334081480488, "climate_valid_years_1": 3, "climate_valid_years_4": 3, "climate_valid_years_7": 3, "climate_valid_years_10": 2 }, "geometry": { "type": "Polygon", "coordinates": [ [ [ 740056.501599446870387, 6899063.948471529409289 ], [ 740056.501599446870387, 6899563.948471529409289 ], [ 739556.501599446870387, 6899563.948471529409289 ], [ 739556.501599446870387, 6899063.948471529409289 ], [ 740056.501599446870387, 6899063.948471529409289 ] ] ] } },
{ "type": "Feature", "properties": { "cell_id": 534899, "row": 1410, "column": 457, "component": 0, "cell_area_m2": 250000.0, "centroid_x_m": 739806.50159944687, "centroid_y_m": 6899813.9484715285, "latitude": -28.005293645117703, "longitude": -60.561317132621689, "valid": 1, "invalid_reason": null, "climate_pixel_id": "620:1193", "solar_annual_kwh_m2": 1833.1334081480488, "climate_valid_years_1": 3, "climate_valid_years_4": 3, "climate_valid_years_7": 3, "climate_valid_years_10": 2 }, "geometry": { "type": "Polygon", "coordinates": [ [ [ 740056.501599446870387, 6899563.948471529409289 ], [ 740056.501599446870387, 6900063.948471529409289 ], [ 739556.501599446870387, 6900063.948471529409289 ], [ 739556.501599446870387, 6899563.948471529409289 ], [ 740056.501599446870387, 6899563.948471529409289 ] ] ] } },
{ "type": "Feature", "properties": { "cell_id": 534901, "row": 1410, "column": 459, "component": 0, "cell_area_m2": 250000.0, "centroid_x_m": 740806.50159944687, "centroid_y_m": 6899813.9484715285, "latitude": -28.005112907968869, "longitude": -60.551155322367435, "valid": 1, "invalid_reason": null, "climate_pixel_id": "620:1193", "solar_annual_kwh_m2": 1833.1334081480488, "climate_valid_years_1": 3, "climate_valid_years_4": 3, "climate_valid_years_7": 3, "climate_valid_years_10": 2 }, "geometry": { "type": "Polygon", "coordinates": [ [ [ 741056.501599446870387, 6899563.948471529409289 ], [ 741056.501599446870387, 6900063.948471529409289 ], [ 740556.501599446870387, 6900063.948471529409289 ], [ 740556.501599446870387, 6899563.948471529409289 ], [ 741056.501599446870387, 6899563.948471529409289 ] ] ] } },
{ "type": "Feature", "properties": { "cell_id": 535209, "row": 1411, "column": 457, "component": 0, "cell_area_m2": 195278.88776175678, "centroid_x_m": 739805.37414691888, "centroid_y_m": 6900259.2392742634, "latitude": -28.001277733123953, "longitude": -60.561419069740147, "valid": 1, "invalid_reason": null, "climate_pixel_id": "620:1193", "solar_annual_kwh_m2": 1833.1334081480488, "climate_valid_years_1": 3, "climate_valid_years_4": 3, "climate_valid_years_7": 3, "climate_valid_years_10": 2 }, "geometry": { "type": "Polygon", "coordinates": [ [ [ 740056.501599446870387, 6900063.948471529409289 ], [ 739556.501599446870387, 6900063.948471529409289 ], [ 739556.501599446870387, 6900459.790271269157529 ], [ 740056.501599446870387, 6900449.222222836688161 ], [ 740056.501599446870387, 6900063.948471529409289 ] ] ] } },
{ "type": "Feature", "properties": { "cell_id": 535210, "row": 1411, "column": 458, "component": 0, "cell_area_m2": 189994.86354552209, "centroid_x_m": 740305.34279087931, "centroid_y_m": 6900253.9555814192, "latitude": -28.001235133492301, "longitude": -60.556337583732002, "valid": 1, "invalid_reason": null, "climate_pixel_id": "620:1193", "solar_annual_kwh_m2": 1833.1334081480488, "climate_valid_years_1": 3, "climate_valid_years_4": 3, "climate_valid_years_7": 3, "climate_valid_years_10": 2 }, "geometry": { "type": "Polygon", "coordinates": [ [ [ 740556.501599446870387, 6900063.948471529409289 ], [ 740056.501599446870387, 6900063.948471529409289 ], [ 740056.501599446870387, 6900449.222222836688161 ], [ 740556.501599446870387, 6900438.654174404218793 ], [ 740556.501599446870387, 6900063.948471529409289 ] ] ] } },
{ "type": "Feature", "properties": { "cell_id": 535211, "row": 1411, "column": 459, "component": 0, "cell_area_m2": 184710.83932928741, "centroid_x_m": 740805.30964083481, "centroid_y_m": 6900248.6719075348, "latitude": -28.001192346199169, "longitude": -60.551256135033555, "valid": 1, "invalid_reason": null, "climate_pixel_id": "620:1193", "solar_annual_kwh_m2": 1833.1334081480488, "climate_valid_years_1": 3, "climate_valid_years_4": 3, "climate_valid_years_7": 3, "climate_valid_years_10": 2 }, "geometry": { "type": "Polygon", "coordinates": [ [ [ 741056.501599446870387, 6900063.948471529409289 ], [ 740556.501599446870387, 6900063.948471529409289 ], [ 740556.501599446870387, 6900438.654174404218793 ], [ 741056.501599446870387, 6900428.086125971749425 ], [ 741056.501599446870387, 6900063.948471529409289 ] ] ] } },
{ "type": "Feature", "properties": { "cell_id": 535487, "row": 1413, "column": 252, "component": 0, "cell_area_m2": 250000.0, "centroid_x_m": 637306.50159944687, "centroid_y_m": 6901313.9484715285, "latitude": -28.006299643395128, "longitude": -61.603505807066973, "valid": 1, "invalid_reason": null, "climate_pixel_id": "620:1183", "solar_annual_kwh_m2": 1857.2930487485564, "climate_valid_years_1": 3, "climate_valid_years_4": 3, "climate_valid_years_7": 3, "climate_valid_years_10": 2 }, "geometry": { "type": "Polygon", "coordinates": [ [ [ 637556.501599446870387, 6901063.948471529409289 ], [ 637556.501599446870387, 6901563.948471529409289 ], [ 637056.501599446870387, 6901563.948471529409289 ], [ 637056.501599446870387, 6901063.948471529409289 ], [ 637556.501599446870387, 6901063.948471529409289 ] ] ] } },
{ "type": "Feature", "properties": { "cell_id": 535649, "row": 1414, "column": 251, "component": 0, "cell_area_m2": 250000.0, "centroid_x_m": 636806.50159944687, "centroid_y_m": 6901813.9484715285, "latitude": -28.001838893194954, "longitude": -61.608647878247801, "valid": 1, "invalid_reason": null, "climate_pixel_id": "620:1183", "solar_annual_kwh_m2": 1857.2930487485564, "climate_valid_years_1": 3, "climate_valid_years_4": 3, "climate_valid_years_7": 3, "climate_valid_years_10": 2 }, "geometry": { "type": "Polygon", "coordinates": [ [ [ 637056.501599446870387, 6901563.948471529409289 ], [ 637056.501599446870387, 6902063.948471529409289 ], [ 636556.501599446870387, 6902063.948471529409289 ], [ 636556.501599446870387, 6901563.948471529409289 ], [ 637056.501599446870387, 6901563.948471529409289 ] ] ] } },
{ "type": "Feature", "properties": { "cell_id": 535650, "row": 1414, "column": 252, "component": 0, "cell_area_m2": 250000.0, "centroid_x_m": 637306.50159944687, "centroid_y_m": 6901813.9484715285, "latitude": -28.001787343320547, "longitude": -61.603563999312627, "valid": 1, "invalid_reason": null, "climate_pixel_id": "620:1183", "solar_annual_kwh_m2": 1857.2930487485564, "climate_valid_years_1": 3, "climate_valid_years_4": 3, "climate_valid_years_7": 3, "climate_valid_years_10": 2 }, "geometry": { "type": "Polygon", "coordinates": [ [ [ 637556.501599446870387, 6901563.948471529409289 ], [ 637556.501599446870387, 6902063.948471529409289 ], [ 637056.501599446870387, 6902063.948471529409289 ], [ 637056.501599446870387, 6901563.948471529409289 ], [ 637556.501599446870387, 6901563.948471529409289 ] ] ] } },
{ "type": "Feature", "properties": { "cell_id": 535651, "row": 1414, "column": 253, "component": 0, "cell_area_m2": 249929.65513197798, "centroid_x_m": 637806.44162668323, "centroid_y_m": 6901813.8782260278, "latitude": -28.00173624570867, "longitude": -61.598480735424701, "valid": 1, "invalid_reason": null, "climate_pixel_id": "620:1183", "solar_annual_kwh_m2": 1857.2930487485564, "climate_valid_years_1": 3, "climate_valid_years_4": 3, "climate_valid_years_7": 3, "climate_valid_years_10": 2 }, "geometry": { "type": "Polygon", "coordinates": [ [ [ 638056.501599446870387, 6901563.948471529409289 ], [ 637556.501599446870387, 6901563.948471529409289 ], [ 637556.501599446870387, 6902063.948471529409289 ], [ 637945.736808035871945, 6902063.948471529409289 ], [ 638056.501599446870387, 6902062.678304951637983 ], [ 638056.501599446870387, 6901563.948471529409289 ] ] ] } },
{ "type": "Feature", "properties": { "cell_id": 535652, "row": 1414, "column": 254, "component": 0, "cell_area_m2": 247931.5115630161, "centroid_x_m": 638306.0198114391, "centroid_y_m": 6901811.8827454811, "latitude": -28.001702372302777, "longitude": -61.593400938419904, "valid": 1, "invalid_reason": null, "climate_pixel_id": "620:1183", "solar_annual_kwh_m2": 1857.2930487485564, "climate_valid_years_1": 3, "climate_valid_years_4": 3, "climate_valid_years_7": 3, "climate_valid_years_10": 2 }, "geometry": { "type": "Polygon", "coordinates": [ [ [ 638556.501599446870387, 6901563.948471529409289 ], [ 638056.501599446870387, 6901563.948471529409289 ], [ 638056.501599446870387, 6902062.678304951637983 ], [ 638556.501599446870387, 6902056.944684359245002 ], [ 638556.501599446870387, 6901563.948471529409289 ] ] ] } },
{ "type": "Feature", "properties": { "cell_id": 535750, "row": 1415, "column": 252, "component": 0, "cell_area_m2": 3665.1321551762521, "centroid_x_m": 637273.91057027481, "centroid_y_m": 6902067.80046828, "latitude": -27.999499794904416, "longitude": -61.603924908873786, "valid": 1, "invalid_reason": null, "climate_pixel_id": "620:1183", "solar_annual_kwh_m2": 1857.2930487485564, "climate_valid_years_1": 3, "climate_valid_years_4": 3, "climate_valid_years_7": 3, "climate_valid_years_10": 2 }, "geometry": { "type": "Polygon", "coordinates": [ [ [ 637556.501599446870387, 6902063.948471529409289 ], [ 637056.501599446870387, 6902063.948471529409289 ], [ 637056.501599446870387, 6902074.145546135492623 ], [ 637556.501599446870387, 6902068.411925544030964 ], [ 637556.501599446870387, 6902063.948471529409289 ] ] ] } }
]
}
