{
"type": "FeatureCollection",
"name": "region",
"crs": { "type": "name", "properties": { "name": "urn:ogc:def:crs:EPSG::32720" } },
"features": [
{ "type": "Feature", "properties": { }, "geometry": { "type": "Polygon", "coordinates": [ [ [ 754049.138625557883643, 6316142.615293268114328 ], [ 754000.111636340385303, 6316068.075960205867887 ], [ 753990.222449382999912, 6316053.040533404797316 ], [ 754004.587963882368058, 6315978.476707888767123 ], [ 754050.1748930135509, 6315885.091980474069715 ], [ 754108.307275051949546, 6315859.803919319063425 ], [ 754171.598017605254427, 6315862.110977507196367 ], [ 754251.650927886483259, 6315911.517136818729341 ], [ 754306.104212750680745, 6315957.630835083313286 ], [ 754361.499081217451021, 6315930.581717847846448 ], [ 754371.823789501097053, 6315925.540188981220126 ], [ 754383.089406457147561, 6315847.3360859984532 ], [ 754359.917121225735173, 6315809.647930803708732 ], [ 754285.02340612525586, 6315787.838115740567446 ], [ 754220.283773878356442, 6315730.108986708335578 ], [ 754203.296627719886601, 6315670.652026169002056 ], [ 754193.305775131564587, 6315635.682340666651726 ], [ 754186.113767637638375, 6315526.325550088658929 ], [ 754233.684413907118142, 6315436.608335536904633 ], [ 754280.832271778257564, 6315415.567625625059009 ], [ 754332.444700964959338, 6315437.986392078921199 ], [ 754366.314121404779144, 6315545.38102360535413 ], [ 754449.76360295934137, 6315555.08161760866642 ], [ 754554.450688573182561, 6315528.571827775798738 ], [ 754632.846516478108242, 6315472.378158701583743 ], [ 754697.580118637531996, 6315412.694783704355359 ], [ 754714.086796422139741, 6315313.109913781285286 ], [ 754672.938664214685559, 6315224.39400989189744 ], [ 754635.6049762906041, 6315162.794772874563932 ], [ 754645.267776142456569, 6315099.67126281093806 ], [ 754678.664065449498594, 6315019.566013626754284 ], [ 754656.566122350515798, 6314980.529962088912725 ], [ 754628.303862059838139, 6314917.886382572352886 ], [ 754644.379407605854794, 6314854.081036951392889 ], [ 754694.848811607225798, 6314832.950953150168061 ], [ 754705.391211786540225, 6314818.622992282733321 ], [ 754734.477393703884445, 6314779.092209879308939 ], [ 754731.84711678721942, 6314721.059019594453275 ], [ 754688.447438023518771, 6314673.337768975645304 ], [ 754625.924605663632974, 6314700.065698368474841 ], [ 754571.713371734600514, 6314747.70352747477591 ], [ 754494.365553908515722, 6314758.972807442769408 ], [ 754430.321647612028755, 6314727.637129677459598 ], [ 754414.617658612201922, 6314666.703659890219569 ], [ 754401.926228319760412, 6314617.45852667093277 ], [ 754420.360272297402844, 6314516.617896348237991 ], [ 754460.028630817891099, 6314379.56753109022975 ], [ 754540.804560108226724, 6314329.913864027708769 ], [ 754648.628342140233144, 6314338.973368122242391 ], [ 754732.638469708501361, 6314281.43694069981575 ], [ 754748.869427358731627, 6314270.320680856704712 ], [ 754753.340046202181838, 6314187.011651942506433 ], [ 754679.672431065700948, 6314084.622830787673593 ], [ 754564.442606849363074, 6314004.450802761130035 ], [ 754477.821561370277777, 6313957.861360769718885 ], [ 754444.090151412645355, 6313898.001684391871095 ], [ 754400.486836653784849, 6313849.741223072633147 ], [ 754386.980785012594424, 6313834.792556558735669 ], [ 754351.862878005485982, 6313806.660944327712059 ], [ 754313.212882548221387, 6313770.698765282519162 ], [ 754290.704254357377067, 6313715.826875102706254 ], [ 754244.020549554028548, 6313669.510680509731174 ], [ 754213.095091295195743, 6313632.025439443998039 ], [ 754192.213468267582357, 6313596.918361444957554 ], [ 754171.88791660964489, 6313540.668685173615813 ], [ 754129.293454557424411, 6313481.040062544867396 ], [ 754060.860212018946186, 6313451.138014651834965 ], [ 754014.140139346127398, 6313429.161381371319294 ], [ 753954.401312141912058, 6313409.024838456884027 ], [ 753897.293362608412281, 6313388.069217942655087 ], [ 753843.372447242029011, 6313361.747926780022681 ], [ 753782.492086794925854, 6313323.723805364221334 ], [ 753733.596046938560903, 6313277.463308832608163 ], [ 753691.315587884979323, 6313229.709361096844077 ], [ 753655.374842749559321, 6313169.905223930254579 ], [ 753639.623843954876065, 6313118.817232869565487 ], [ 753646.80109862529207, 6313053.925547514110804 ], [ 753649.304124546702951, 6312979.912460725754499 ], [ 753644.394223425653763, 6312919.297905584797263 ], [ 753634.012298970599659, 6312861.467284999787807 ], [ 753614.661454197950661, 6312799.909267161041498 ], [ 753596.005575912538916, 6312722.48720964603126 ], [ 753576.138316348078661, 6312641.135267668403685 ], [ 753562.328933852957562, 6312579.432605475187302 ], [ 753550.460505309514701, 6312507.115232003852725 ], [ 753528.790953762014396, 6312441.656271734274924 ], [ 753487.726202527526766, 6312397.831528026610613 ], [ 753441.017816282343119, 6312350.192336106672883 ], [ 753394.378661878174171, 6312305.192291185259819 ], [ 753314.530394604895264, 6312262.37880701944232 ], [ 753245.764228403917514, 6312219.275812558829784 ], [ 753227.944704732857645, 6312131.267511834390461 ], [ 753230.208961002877913, 6312048.01746834628284 ], [ 753253.038376273587346, 6311987.99982819519937 ], [ 753253.808958408189937, 6311932.519117610529065 ], [ 753238.962932804599404, 6311873.484146002680063 ], [ 753216.745880445465446, 6311786.911107940599322 ], [ 753200.757749234093353, 6311726.585432006046176 ], [ 753158.313922799192369, 6311672.231602180749178 ], [ 753109.050168414716609, 6311611.453034712001681 ], [ 753093.028479863074608, 6311549.807552671991289 ], [ 753072.884324365761131, 6311500.154092817567289 ], [ 753025.796241443953477, 6311480.253668242134154 ], [ 752957.999379094224423, 6311474.097583641298115 ], [ 752895.020492769777775, 6311470.185614791698754 ], [ 752874.329090338433161, 6311382.822259366512299 ], [ 752875.566603770013899, 6311380.316595070064068 ], [ 752899.298390654963441, 6311332.264145459979773 ], [ 752892.667230215505697, 6311310.957543949596584 ], [ 752870.993589917896315, 6311241.31724407337606 ], [ 752836.13770720094908, 6311180.16212628595531 ], [ 752834.35030699078925, 6311111.543200853280723 ], [ 752836.333724179072306, 6311059.992528036236763 ], [ 752846.182084571220912, 6311033.817213611677289 ], [ 752851.887872410821728, 6311018.65208715479821 ], [ 752878.59054989577271, 6310979.662172401323915 ], [ 752887.985623633954674, 6310914.713329971767962 ], [ 752896.024166138726287, 6310882.812127341516316 ], [ 752908.597751328721642, 6310854.754220249131322 ], [ 752923.318352473899722, 6310823.999311739578843 ], [ 752930.0423948392272, 6310784.2092360612005 ], [ 752936.731976336566731, 6310743.09969943203032 ], [ 752959.036058673867956, 6310705.544547499157488 ], [ 752968.147740468382835, 6310672.294808889739215 ], [ 752951.70773441682104, 6310637.070057775825262 ], [ 752891.886311744223349, 6310596.373344428837299 ], [ 752859.557496014167555, 6310547.037028882652521 ], [ 752807.389377948944457, 6310502.179079630412161 ], [ 752799.504251326667145, 6310454.846819977276027 ], [ 752799.168321231729351, 6310399.394930075854063 ], [ 752769.262549213366583, 6310357.918234487995505 ], [ 752727.101348823867738, 6310314.119747061282396 ], [ 752653.98797586071305, 6310273.767980134114623 ], [ 752651.331326946965419, 6310270.878474162891507 ], [ 752593.517346703447402, 6310207.997298998758197 ], [ 752539.10206290113274, 6310161.876081839203835 ], [ 752513.66393741266802, 6310121.603028773330152 ], [ 752503.94240768707823, 6310088.843772435560822 ], [ 752485.254867807263508, 6310052.356464190408587 ], [ 752443.302218362106942, 6310016.474356863647699 ], [ 752397.785985602997243, 6309971.441510596312582 ], [ 752380.525205621263012, 6309904.545617654919624 ], [ 752356.875123053789139, 6309812.17533150035888 ], [ 752355.099798476439901, 6309805.241431204602122 ], [ 752317.101141555001959, 6309750.351608011871576 ], [ 752301.181457626167685, 6309727.355083715170622 ], [ 752200.4869515694445, 6309608.185756175778806 ], [ 752090.556295020505786, 6309580.596114628016949 ], [ 751993.768665385199711, 6309522.216967292129993 ], [ 751910.627453986671753, 6309452.411109667271376 ], [ 751824.949973967857659, 6309374.366871999576688 ], [ 751744.635858369525522, 6309323.861578220501542 ], [ 751636.485322502092458, 6309274.034227274358273 ], [ 751572.256412476650439, 6309217.61825645994395 ], [ 751484.69206046347972, 6309156.227620648220181 ], [ 751374.554046193952672, 6309120.332173165865242 ], [ 751210.151562080020085, 6309052.626623566262424 ], [ 751129.19889915920794, 6308977.222361106425524 ], [ 751038.601819691364653, 6308888.227897913195193 ], [ 750933.287568542873487, 6308769.166833434253931 ], [ 750771.893174844910391, 6308637.715872971341014 ], [ 750687.981963065685704, 6308537.474264642223716 ], [ 750600.643958748085424, 6308484.374284254387021 ], [ 750465.298753271345049, 6308371.6207354683429 ], [ 750391.05563916801475, 6308327.548304196447134 ], [ 750356.210395223926753, 6308285.86616222653538 ], [ 750316.776910799788311, 6308198.312735522165895 ], [ 750240.053334104828537, 6308106.185976106673479 ], [ 750105.074260674300604, 6308007.257867459207773 ], [ 749990.280022983904928, 6307880.129260863177478 ], [ 749898.206158707849681, 6307733.039002440869808 ], [ 749811.887979515362531, 6307538.746240714564919 ], [ 749730.999788586515933, 6307374.759375451132655 ], [ 749616.502282833098434, 6307258.691041821613908 ], [ 749470.470924996538088, 6307105.848640196025372 ], [ 749400.590089865843765, 6306993.000156729482114 ], [ 749214.110682058846578, 6306787.440985726192594 ], [ 749093.159571344964206, 6306690.908255122601986 ], [ 749065.490138949360698, 6306665.184749379754066 ], [ 749026.526025456376374, 6306628.960511013865471 ], [ 749036.000500796595588, 6306545.681973973289132 ], [ 749115.47017584182322, 6306474.443511188961565 ], [ 749213.935976277338341, 6306419.322806208394468 ], [ 749245.039441860164516, 6306391.849777486175299 ], [ 749275.259763527428731, 6306365.156622558832169 ], [ 749256.16467466938775, 6306254.934102479368448 ], [ 749184.961306547746062, 6306195.87293435074389 ], [ 749105.728446043096483, 6306095.500033565796912 ], [ 749014.418018432916142, 6306067.400888927280903 ], [ 748949.84989448741544, 6306085.667043653316796 ], [ 748884.073651904589497, 6306056.910636493004858 ], [ 748834.523541180766188, 6305936.398669691756368 ], [ 748800.037904732860625, 6305859.784896247088909 ], [ 748753.52983130957, 6305826.098987806588411 ], [ 748732.213169308728538, 6305810.659050416201353 ], [ 748710.745927722775377, 6305729.221586709842086 ], [ 748762.995962197077461, 6305683.594809172675014 ], [ 748823.558699717046693, 6305690.342985238879919 ], [ 748891.93773321819026, 6305730.104095946997404 ], [ 748952.714146483689547, 6305745.14967845287174 ], [ 748953.379407975706272, 6305744.612383652478456 ], [ 748995.242743871058337, 6305710.805230544880033 ], [ 748993.830403541447595, 6305627.843757269904017 ], [ 748943.878309466177598, 6305582.07425887696445 ], [ 748897.100728773977607, 6305569.436984311789274 ], [ 748890.49804393411614, 6305540.512040798552334 ], [ 748881.397453090292402, 6305500.644492212682962 ], [ 748916.758278168039396, 6305430.540021566674113 ], [ 748918.202011348214, 6305305.950293531641364 ], [ 748924.533628525910899, 6305283.114644439890981 ], [ 748943.708777040941641, 6305213.956069551408291 ], [ 748902.474429793073796, 6305145.819716777652502 ], [ 748867.350738728768192, 6305044.312207891605794 ], [ 748852.334624579758383, 6304911.841809831559658 ], [ 748782.279671077849343, 6304897.034478265792131 ], [ 748702.312441225280054, 6304909.45577344764024 ], [ 748704.159623040934093, 6304902.904013704508543 ], [ 748731.195575489546172, 6304807.00783556047827 ], [ 748778.087775792693719, 6304733.839692702516913 ], [ 748908.229800189030357, 6304619.57165318261832 ], [ 748981.494320810306817, 6304515.488738314248621 ], [ 749001.226362335844897, 6304431.531634112820029 ], [ 749007.189981573261321, 6304406.157006362453103 ], [ 749007.198036201531067, 6304406.118952284567058 ], [ 749037.684397575911134, 6304262.17006922326982 ], [ 749101.030348161002621, 6304196.880179852247238 ], [ 749140.1295584756881, 6304142.617291452363133 ], [ 749166.055509573430754, 6304106.63602217938751 ], [ 749113.54773560364265, 6303961.29107135348022 ], [ 749063.006218370283023, 6303802.055995980277658 ], [ 749011.354887762572616, 6303689.902798546478152 ], [ 748931.385552500374615, 6303650.441591354086995 ], [ 748859.561778788571246, 6303566.484891514293849 ], [ 748804.100272353040054, 6303396.304077379405499 ], [ 748755.414038796210662, 6303308.984291144646704 ], [ 748748.347805278841406, 6303261.403792062774301 ], [ 748735.758383465465158, 6303176.632911932654679 ], [ 748778.569019816583022, 6303125.711477691307664 ], [ 748815.113532579503953, 6303124.772173091769218 ], [ 748838.902697516838089, 6303124.160645315423608 ], [ 748839.729933040449396, 6303066.014606676064432 ], [ 748811.573524097912014, 6302964.328113214112818 ], [ 748699.926979566691443, 6302776.216232676059008 ], [ 748597.495013123610988, 6302585.098751526325941 ], [ 748557.242891252972186, 6302464.347509896382689 ], [ 748503.637867297395132, 6302366.081854421645403 ], [ 748437.674147078534588, 6302329.025853548198938 ], [ 748432.726390464231372, 6302226.742791511118412 ], [ 748426.381430415669456, 6302160.477466240525246 ], [ 748391.222161430865526, 6302147.540851010940969 ], [ 748297.984862394630909, 6302133.326769154518843 ], [ 748280.445217964355834, 6302094.343379632569849 ], [ 748273.36263663857244, 6302078.601784938946366 ], [ 748292.683566067600623, 6302017.213612079620361 ], [ 748341.954284840263426, 6301946.753152070567012 ], [ 748354.739721584832296, 6301902.139552235603333 ], [ 748304.272890220512636, 6301794.050615626387298 ], [ 748263.205458842567168, 6301747.568007849156857 ], [ 748184.822240195004269, 6301628.096995558589697 ], [ 748152.069537439849228, 6301560.273389124311507 ], [ 748111.003755994257517, 6301513.790222343988717 ], [ 748049.154494620510377, 6301520.658142358064651 ], [ 748001.399395427550189, 6301558.855139646679163 ], [ 747930.559610585914925, 6301560.670833828859031 ], [ 747890.035967208095826, 6301535.300200174562633 ], [ 747911.226509423577227, 6301497.784553423523903 ], [ 747931.06410786928609, 6301407.485254935920238 ], [ 747898.584350492688827, 6301350.217570286244154 ], [ 747903.642518896143883, 6301286.19700241368264 ], [ 747905.274798086611554, 6301265.537099629640579 ], [ 747952.855673678219318, 6301047.76295901555568 ], [ 747944.958914719405584, 6301007.104233955033123 ], [ 747937.544378837454133, 6300968.928149634040892 ], [ 747912.026013191556558, 6300837.536647846922278 ], [ 747944.060423945891671, 6300704.669954910874367 ], [ 747951.426024458138272, 6300646.380985736846924 ], [ 747935.979694747831672, 6300562.267836518585682 ], [ 747977.678532058605924, 6300460.843910418450832 ], [ 747983.148621911765076, 6300328.657975682988763 ], [ 747941.682263783179224, 6300266.339256137609482 ], [ 747854.459538679686375, 6300147.093274919316173 ], [ 747790.049086720100604, 6300053.671206071972847 ], [ 747800.082962286658585, 6299926.65032344404608 ], [ 747784.232608690159395, 6299826.701881475746632 ], [ 747712.594123857095838, 6299796.846629654988647 ], [ 747583.409621516941115, 6299768.464535516686738 ], [ 747575.247683763271198, 6299757.198966685682535 ], [ 747565.408779777237214, 6299743.618510510772467 ], [ 747500.757084622513503, 6299654.380778591148555 ], [ 747461.831456250976771, 6299518.050144864246249 ], [ 747402.395316525595263, 6299445.626000441610813 ], [ 747323.258355760481209, 6299468.778023112565279 ], [ 747269.735227141878568, 6299454.30181197822094 ], [ 747248.606174996122718, 6299426.999252853915095 ], [ 747205.604557061917149, 6299371.433017251081765 ], [ 747104.174536340986378, 6299215.572329276241362 ], [ 747096.269873527693562, 6299197.528965617530048 ], [ 747019.508644135086797, 6299022.30968130286783 ], [ 746946.260423869243823, 6298929.109108876436949 ], [ 746894.066049036337063, 6298793.11582774668932 ], [ 746834.638295900658704, 6298720.688633367419243 ], [ 746770.785299054230563, 6298648.374131372198462 ], [ 746665.616515472647734, 6298519.014162909239531 ], [ 746602.439480056520551, 6298473.090394894592464 ], [ 746526.388920141733252, 6298443.340045597404242 ], [ 746445.778272963128984, 6298408.42356476560235 ], [ 746396.015625785919838, 6298367.438350694254041 ], [ 746328.54943634592928, 6298326.904083439148962 ], [ 746299.419615795603022, 6298306.647101571783423 ], [ 746269.935866108047776, 6298286.143792029470205 ], [ 746215.883097567595541, 6298250.548723119311035 ], [ 746126.692421069717966, 6298226.412004495039582 ], [ 746050.242290471913293, 6298180.823052827268839 ], [ 746000.079332611174323, 6298124.000910498201847 ], [ 745946.834698042366654, 6298120.074527597986162 ], [ 745875.752292169025168, 6298111.319916849024594 ], [ 745781.064082011580467, 6298045.066060554236174 ], [ 745703.543385384255089, 6297957.247965881600976 ], [ 745587.53403222351335, 6297923.22499471437186 ], [ 745498.482444236171432, 6297904.361043735407293 ], [ 745395.885911896475591, 6297875.276903445832431 ], [ 745344.924267445807345, 6297786.781618995591998 ], [ 745272.237338878796436, 6297714.682904089801013 ], [ 745169.107865288387984, 6297664.483198447152972 ], [ 745080.193540567648597, 6297650.893875781446695 ], [ 745025.747486281907186, 6297599.45769021846354 ], [ 744966.47484850906767, 6297532.298440739512444 ], [ 744870.996002265252173, 6297434.366431114263833 ], [ 744781.282040256657638, 6297389.104623060673475 ], [ 744660.189590993337333, 6297328.791646941564977 ], [ 744596.362070265924558, 6297256.46413529664278 ], [ 744514.165860243374482, 6297158.192763913422823 ], [ 744441.222611012053676, 6297075.531794821843505 ], [ 744360.765313727548346, 6297045.877261661924422 ], [ 744310.751749758608639, 6296994.325474422425032 ], [ 744229.094430940691382, 6296917.165203823707998 ], [ 744200.185900520649739, 6296908.7687170766294 ], [ 744113.931947646546178, 6296883.715452384203672 ], [ 744095.269424339057878, 6296878.294584674760699 ], [ 744013.614852617844008, 6296801.132637958042324 ], [ 743909.835751191596501, 6296724.528745191171765 ], [ 743784.732083624228835, 6296680.152252608910203 ], [ 743678.26237969356589, 6296672.275816068053246 ], [ 743588.561497764312662, 6296627.003628661856055 ], [ 743546.738899875897914, 6296548.833497880026698 ], [ 743491.908030154881999, 6296481.554484341293573 ], [ 743380.61682884581387, 6296457.95153861027211 ], [ 743247.201296494691633, 6296434.904646902345121 ], [ 743156.973233600961976, 6296368.51548339985311 ], [ 743105.109404944931157, 6296243.061835767701268 ], [ 743045.725497876876034, 6296170.613555910997093 ], [ 742947.31556753104087, 6296130.836946200579405 ], [ 742848.508266884833574, 6296075.22434723097831 ], [ 742696.869811328593642, 6296031.502169527113438 ], [ 742659.348895234754309, 6295947.939214609563351 ], [ 742602.935983663890511, 6295817.31612715870142 ], [ 742517.805796421947889, 6295777.201891392469406 ], [ 742387.237035492202267, 6295690.693145584315062 ], [ 742327.33187652239576, 6295597.127848759293556 ], [ 742321.317497242009267, 6295533.899402726441622 ], [ 742261.41381593933329, 6295440.333769323304296 ], [ 742234.458557399455458, 6295390.503187209367752 ], [ 742233.376706271315925, 6295389.951221793889999 ], [ 742204.730283591663465, 6295351.057912353426218 ], [ 742169.725965089630336, 6295279.313931377604604 ], [ 742064.276432151324116, 6295170.635409697890282 ], [ 741991.368865999975242, 6295087.957687104120851 ], [ 741964.49458493036218, 6295057.48172914236784 ], [ 741918.462424824247137, 6295005.27958963625133 ], [ 741898.663442995282821, 6294975.105932958424091 ], [ 741824.758540122304112, 6294862.473194789141417 ], [ 741734.351043889299035, 6294724.686080910265446 ], [ 741678.371330986148678, 6294672.566228978335857 ], [ 741660.038501911796629, 6294655.497295498847961 ], [ 741557.580165004823357, 6294560.101057446561754 ], [ 741510.835961317992769, 6294525.15187799744308 ], [ 741332.018978301435709, 6294391.451927369460464 ], [ 741174.539798745186999, 6294289.757218419574201 ], [ 741034.627901836298406, 6294182.339877658523619 ], [ 741000.108467289595865, 6294156.262840919196606 ], [ 740872.204628447652794, 6294059.638098560273647 ], [ 740750.258150151232257, 6293962.331839609891176 ], [ 740685.033151594107039, 6293831.920203119516373 ], [ 740659.491241315263323, 6293695.236851890571415 ], [ 740621.732264476129785, 6293601.110636217519641 ], [ 740534.919371990137734, 6293492.362769387662411 ], [ 740499.875134596833959, 6293329.508341596461833 ], [ 740510.513796374434605, 6293223.61210787948221 ], [ 740538.84570766845718, 6293117.27464447170496 ], [ 740558.048666529241018, 6293077.644038245081902 ], [ 740572.521804949035868, 6293047.774586589075625 ], [ 740574.51795926631894, 6293039.873697996139526 ], [ 740600.720663358108141, 6292936.158485076390207 ], [ 740603.037452791701071, 6292851.595792625099421 ], [ 740569.441294403281063, 6292746.802529166452587 ], [ 740538.444605233846232, 6292701.25294598005712 ], [ 740536.148557097651064, 6292676.331876050680876 ], [ 740405.362865821458399, 6292534.349920433014631 ], [ 740341.091586822876707, 6292397.3110575042665 ], [ 740330.162363176117651, 6292313.245336135849357 ], [ 740313.714812888065353, 6292186.731172231025994 ], [ 740315.13279171672184, 6292021.647284074686468 ], [ 740257.873657800839283, 6291943.850871434435248 ], [ 740134.272853891714476, 6291867.706625536084175 ], [ 740076.194537019822747, 6291756.920006815344095 ], [ 740023.317491082008928, 6291632.799786325544119 ], [ 739975.313028256990947, 6291482.150368826463819 ], [ 739976.89962626225315, 6291323.664477436803281 ], [ 739984.83534136437811, 6291198.030193150043488 ], [ 739982.70004291459918, 6291112.258183132857084 ], [ 739919.26337403873913, 6291008.206382185220718 ], [ 739905.251455983612686, 6290889.720278644002974 ], [ 739947.434496198548004, 6290755.70813596714288 ], [ 739948.492921780562028, 6290746.451852849684656 ], [ 739925.888623856473714, 6290727.208702437579632 ], [ 739929.445633368799463, 6290647.896951783448458 ], [ 739973.175519194221124, 6290627.002386352047324 ], [ 739990.948292166576721, 6290593.23492006957531 ], [ 740004.863792236079462, 6290566.795949310064316 ], [ 739989.205601953202859, 6290484.912026676349342 ], [ 739937.484683748334646, 6290406.976562739349902 ], [ 739824.796215891372412, 6290323.956298494711518 ], [ 739750.638715988141485, 6290233.374472051858902 ], [ 739781.177554212510586, 6290126.983646599575877 ], [ 739784.570819499203935, 6290041.074146071448922 ], [ 739749.600159380584955, 6289969.322987660765648 ], [ 739669.754230892052874, 6289872.280318684875965 ], [ 739546.183431116049178, 6289796.130088792182505 ], [ 739549.250176910194568, 6289697.024944582954049 ], [ 739529.059725962462835, 6289552.284484410658479 ], [ 739520.251856370014139, 6289420.464972380548716 ], [ 739495.190991162671708, 6289302.253249117173254 ], [ 739488.191598479519598, 6289153.25014297105372 ], [ 739482.830999858095311, 6289147.164759764447808 ], [ 739481.42162765620742, 6289090.473162911832333 ], [ 739480.370615017367527, 6289048.196974936872721 ], [ 739512.05558934668079, 6288987.99179432913661 ], [ 739527.48780131933745, 6288941.394609618000686 ], [ 739531.702033702051267, 6288888.474254860542715 ], [ 739480.75592797040008, 6288721.642274178564548 ], [ 739433.589856102364138, 6288603.98016270250082 ], [ 739459.712870545801707, 6288556.236947953701019 ], [ 739481.197020338848233, 6288516.971371443942189 ], [ 739522.703010864090174, 6288455.211381486617029 ], [ 739526.399352394975722, 6288452.878390807658434 ], [ 739559.23051837051753, 6288438.857928841374815 ], [ 739602.235368494177237, 6288269.688970692455769 ], [ 739560.595733282505535, 6288151.889945261180401 ], [ 739497.179863601690158, 6288047.836190384812653 ], [ 739417.84269641735591, 6287970.585839545354247 ], [ 739421.400328551419079, 6287891.274153731763363 ], [ 739485.08971038996242, 6287784.059183052740991 ], [ 739508.617466748692095, 6287618.425335815176368 ], [ 739532.964969875873066, 6287485.780715891160071 ], [ 739480.604919271660037, 6287381.452038895338774 ], [ 739339.995750289177522, 6287285.919641000218689 ], [ 739233.036296823760495, 6287209.354875292629004 ], [ 739252.024064349825494, 6287083.446175909601152 ], [ 739271.41231488971971, 6287063.171293603256345 ], [ 739316.693128684186377, 6287015.819293590262532 ], [ 739412.874345251359046, 6286881.388725571334362 ], [ 739465.832946224254556, 6286787.643969274125993 ], [ 739467.7211416461505, 6286750.736538726836443 ], [ 739473.272751005599275, 6286642.215928841382265 ], [ 739447.723599289078265, 6286504.210516076534986 ], [ 739465.721209724666551, 6286338.713697409257293 ], [ 739548.83408848522231, 6286247.431126663461328 ], [ 739594.880190955707803, 6286196.85776942037046 ], [ 739598.167049111099914, 6286190.848579194396734 ], [ 739642.471768203191459, 6286109.847246048040688 ], [ 739639.678564871894196, 6285997.683280198834836 ], [ 739659.97162986244075, 6285924.556161910295486 ], [ 739705.651936360984109, 6285880.25505181029439 ], [ 739781.523535894695669, 6285818.946846773847938 ], [ 739823.915112695191056, 6285745.268632832914591 ], [ 739849.895570798311383, 6285678.601095732301474 ], [ 739842.890426684170961, 6285619.357910521328449 ], [ 739918.26543617900461, 6285538.254719105549157 ], [ 739983.576872212579474, 6285497.013926888816059 ], [ 740019.946695786900818, 6285403.678727697581053 ], [ 740035.368838093825616, 6285357.079924924299121 ], [ 740074.340186003013514, 6285338.987589605152607 ], [ 740095.483108742162585, 6285329.1718944683671 ], [ 740079.004599075764418, 6285214.298439325764775 ], [ 740037.368253470398486, 6285096.501389314420521 ], [ 739957.554295029840432, 6284999.462569454684854 ], [ 739862.484490609494969, 6284955.619579298421741 ], [ 739799.575964703573845, 6284871.36208145134151 ], [ 739770.144324755296111, 6284799.473920786753297 ], [ 739766.591572517761961, 6284776.205109920352697 ], [ 739795.633360443986021, 6284707.253888617269695 ], [ 739803.124454697826877, 6284689.468438049778342 ], [ 739834.2967146076262, 6284609.467171652242541 ], [ 739849.224541696486995, 6284543.074964972212911 ], [ 739831.006266788346693, 6284477.509298888966441 ], [ 739801.739686640910804, 6284412.219090707600117 ], [ 739779.313684365595691, 6284399.574233960360289 ], [ 739756.887743431609124, 6284386.929328084923327 ], [ 739701.316485965740867, 6284375.11052518337965 ], [ 739678.890715697663836, 6284362.465446196496487 ], [ 739687.965920633636415, 6284283.015280881896615 ], [ 739713.613347970764153, 6284203.152128338813782 ], [ 739706.937970182276331, 6284157.104510257951915 ], [ 739705.293378042406403, 6284091.125566883943975 ], [ 739680.89485397352837, 6283999.305795133113861 ], [ 739664.093027562950738, 6283871.236035922542214 ], [ 739600.205960998078808, 6283747.390243714675307 ], [ 739458.330049358424731, 6283599.07878524530679 ], [ 739327.834276972338557, 6283463.686245676130056 ], [ 739231.140490890247747, 6283353.859061292372644 ], [ 739178.30904967430979, 6283229.735982471145689 ], [ 739014.845180548378266, 6283101.761948060244322 ], [ 738815.180516353808343, 6283073.714276399463415 ], [ 738649.640688654384576, 6283084.427250610664487 ], [ 738511.881737355608493, 6283101.050013756379485 ], [ 738391.347356154583395, 6283143.651376515626907 ], [ 738275.081486942130141, 6283130.854277971200645 ], [ 738097.6225055528339, 6283111.319100011140108 ], [ 737947.672770030447282, 6283082.022213258780539 ], [ 737801.615340328891762, 6282986.607895548455417 ], [ 737605.03570084227249, 6282859.43091176263988 ], [ 737474.902940618805587, 6282737.210848744958639 ], [ 737371.248515704413876, 6282568.122173815965652 ], [ 737274.097882742295042, 6282438.483442207798362 ], [ 737183.286906798137352, 6282341.69676960259676 ], [ 737085.489839351852424, 6282185.664842711761594 ], [ 737060.794195321737789, 6282080.644157089293003 ], [ 737041.467713433783501, 6282017.442794745787978 ], [ 737036.749960692599416, 6282002.01484040543437 ], [ 736940.747805630555376, 6281918.558116400614381 ], [ 736866.350103117758408, 6281814.762388955801725 ], [ 736796.338390132412314, 6281664.645154673606157 ], [ 736739.974593580467626, 6281619.821101998910308 ], [ 736617.178681297460571, 6281570.031072733923793 ], [ 736455.726702027837746, 6281521.190875923261046 ], [ 736434.833088508108631, 6281512.601541105657816 ], [ 736428.23472863715142, 6281509.888962326571345 ], [ 736349.663368380628526, 6281477.5877281203866 ], [ 736237.916362174320966, 6281427.521242788992822 ], [ 736137.215471551287919, 6281377.182173758745193 ], [ 736052.272173123667017, 6281293.445818535983562 ], [ 736016.706806211033836, 6281195.29234255105257 ], [ 735998.194940997520462, 6281116.525150996632874 ], [ 735961.172022229409777, 6280958.990905186161399 ], [ 735947.534768538549542, 6280853.696632230654359 ], [ 735906.773655747994781, 6280768.874049184843898 ], [ 735865.041190928081051, 6280644.464279066771269 ], [ 735887.649909776868299, 6280561.135968711227179 ], [ 735886.19156519160606, 6280501.755447299219668 ], [ 735912.828648613183759, 6280461.490165957249701 ], [ 735950.347081869374961, 6280414.355816559866071 ], [ 735976.983540655463003, 6280374.090437347069383 ], [ 735998.260149375069886, 6280340.558444740250707 ], [ 736022.161490971338935, 6280310.530238742008805 ], [ 736031.528721422539093, 6280224.459066201932728 ], [ 736002.460917573771439, 6280165.756991595029831 ], [ 735939.615019456716254, 6280081.477355631999671 ], [ 735943.51556535041891, 6280015.363225605338812 ], [ 735941.732383287395351, 6279942.786846311762929 ], [ 735939.949170413659886, 6279870.210460836999118 ], [ 735979.929992911871523, 6279819.46399001032114 ], [ 735976.717327240621671, 6279747.226568983867764 ], [ 735959.960682310396805, 6279681.316144149750471 ], [ 735960.260668580071069, 6279572.628665869124234 ], [ 735969.519702737336047, 6279499.780970510095358 ], [ 735984.462011672207154, 6279433.395232703536749 ], [ 736016.29209697607439, 6279379.798111990094185 ], [ 736025.225965226767585, 6279293.754488240927458 ], [ 736034.321807429427281, 6279214.308748349547386 ], [ 736040.198965637129731, 6279124.789058701135218 ], [ 736044.908971368917264, 6279091.663968200795352 ], [ 736038.576732382411137, 6279058.810377705842257 ], [ 736025.912445181631483, 6278993.103295521810651 ], [ 736003.017361841863021, 6278960.657012877054513 ], [ 735991.002176129026338, 6278921.341214586049318 ], [ 735989.21797019126825, 6278848.764835704118013 ], [ 735960.640163046773523, 6278809.856175348162651 ], [ 735948.30092332593631, 6278757.344731265679002 ], [ 735925.568757447297685, 6278731.496100932359695 ], [ 735891.79501865117345, 6278705.918779782950878 ], [ 735863.055867979070172, 6278660.412066088058054 ], [ 735834.641285633435473, 6278628.101100360974669 ], [ 735791.747914518113248, 6278560.085770716890693 ], [ 735786.719335585134104, 6278538.683868719264865 ], [ 735760.902850096579641, 6278428.806721234694123 ], [ 735682.479101006407291, 6278384.519895989447832 ], [ 735608.767021050560288, 6278307.107725796289742 ], [ 735612.019915224285796, 6278214.602232702076435 ], [ 735630.394718483323231, 6278175.645034512504935 ], [ 735690.77733000239823, 6278047.622426554560661 ], [ 735718.057902736472897, 6277988.577545804902911 ], [ 735743.22655365371611, 6277934.102786563336849 ], [ 735735.761222996166907, 6277855.063962049782276 ], [ 735766.775934334960766, 6277768.477968480437994 ], [ 735774.523599029285833, 6277755.077588468790054 ], [ 735867.444943927112035, 6277594.355864823795855 ], [ 735874.268181403400376, 6277422.539821360260248 ], [ 735860.957218925701454, 6277330.441084330901504 ], [ 735857.817705127527006, 6277320.166314506903291 ], [ 735873.326291281264275, 6277280.372792163863778 ], [ 735855.30637672287412, 6277221.399040263146162 ], [ 735831.442363107693382, 6277149.365215642377734 ], [ 735807.903008147492073, 6277090.527192603796721 ], [ 735789.559405605890788, 6277018.357606856152415 ], [ 735780.845432719448581, 6276985.495420567691326 ], [ 735777.384544087341055, 6276972.44380509108305 ], [ 735765.534088644199073, 6276939.725840345956385 ], [ 735763.750375616597012, 6276867.14922322332859 ], [ 735796.220357208629139, 6276839.943720441311598 ], [ 735839.405332193477079, 6276799.270945028401911 ], [ 735861.484320492250845, 6276798.72809386625886 ], [ 735870.784257824532688, 6276790.383949435316026 ], [ 735883.860634010052308, 6276689.497322114184499 ], [ 735821.521968469605781, 6276625.011496764607728 ], [ 735753.664470341173001, 6276560.660863847471774 ], [ 735773.472414040472358, 6276467.74795982055366 ], [ 735826.559024621499702, 6276380.618585114367306 ], [ 735824.287818982731551, 6276288.248331850394607 ], [ 735815.523727794992737, 6276156.42641494423151 ], [ 735706.114982066908851, 6275974.263895589858294 ], [ 735641.34988392109517, 6275810.808988801203668 ], [ 735585.50970379204955, 6275785.773463793098927 ], [ 735497.36526788608171, 6275794.54046870674938 ], [ 735430.163455715402961, 6275756.579511344432831 ], [ 735405.819167834008113, 6275664.751193065196276 ], [ 735359.885101682739332, 6275593.25850871950388 ], [ 735302.913689238368534, 6275522.036407681182027 ], [ 735256.247468384448439, 6275487.95984135940671 ], [ 735224.191015642369166, 6275464.551353929564357 ], [ 735123.555314093595371, 6275414.205008191987872 ], [ 734951.8218765235506, 6275392.00752021279186 ], [ 734874.557171805528924, 6275393.900574616156518 ], [ 734828.466651684604585, 6275315.807695455849171 ], [ 734829.6221718454035, 6275137.530044226907194 ], [ 734713.40517414198257, 6275127.172362744808197 ], [ 734620.716683235019445, 6275175.653873199597001 ], [ 734537.773644226952456, 6275171.081453483551741 ], [ 734453.862635268946178, 6275126.921295858919621 ], [ 734343.326585206435993, 6275123.021992892026901 ], [ 734205.68058559554629, 6275139.589166496880352 ], [ 734062.837637492571957, 6275169.48477288801223 ], [ 733962.694967459421605, 6275138.920327662490308 ], [ 733851.032861900981516, 6275088.830520245246589 ], [ 733643.946619072346948, 6274975.047911964356899 ], [ 733531.484543305123225, 6274891.965333975851536 ], [ 733435.419392276904546, 6274801.880608893930912 ], [ 733312.363839614437893, 6274759.599401904270053 ], [ 733273.937265528482385, 6274746.395899903029203 ], [ 733129.975263731088489, 6274730.093049224466085 ], [ 733062.630714467610233, 6274685.51849929895252 ], [ 732900.992816016310826, 6274623.429960211738944 ], [ 732833.810329078231007, 6274585.451779978349805 ], [ 732744.7152859212365, 6274554.60693347081542 ], [ 732554.677940527093597, 6274582.075246626511216 ], [ 732499.654329056735151, 6274590.011818861588836 ], [ 732438.792240770533681, 6274584.8861441956833 ], [ 732435.316315385978669, 6274583.326182447373867 ], [ 732382.96878050302621, 6274559.832903802394867 ], [ 732315.46921946585644, 6274508.655596418306231 ], [ 732270.523272524354979, 6274476.736362434923649 ], [ 732220.219254006049596, 6274451.548500851728022 ], [ 732142.164258687873371, 6274420.430939237587154 ], [ 732081.143848606967367, 6274408.705307712778449 ], [ 731998.370146276196465, 6274410.709223924204707 ], [ 731910.397360080387443, 6274426.041566064581275 ], [ 731701.842800360405818, 6274355.416493007913232 ], [ 731601.877341995481402, 6274331.4259939417243 ], [ 731502.390460639726371, 6274327.227829463779926 ], [ 731375.312898191506974, 6274323.694859873503447 ], [ 731236.880846688873135, 6274307.230786305852234 ], [ 731043.90411537932232, 6274318.486419022083282 ], [ 730939.376886873156764, 6274334.208875357173383 ], [ 730808.052894073189236, 6274383.583633178845048 ], [ 730783.682773746317253, 6274390.691011045128107 ], [ 730664.848917930386961, 6274425.34719677362591 ], [ 730645.925095130689442, 6274423.545117344707251 ], [ 730618.492824950022623, 6274430.806869717314839 ], [ 730541.713789205183275, 6274452.458697263151407 ], [ 730469.818148645223118, 6274447.586200062185526 ], [ 730386.410506704822183, 6274423.185068719089031 ], [ 730330.911251968238503, 6274411.31566658988595 ], [ 730281.564570035785437, 6274425.704688522964716 ], [ 730253.973505685920827, 6274426.367556232959032 ], [ 730193.907059648539871, 6274454.216675140894949 ], [ 730133.365040509146638, 6274462.272028513252735 ], [ 730077.232575165457092, 6274424.010194563306868 ], [ 730028.043890828033909, 6274444.995601104572415 ], [ 729988.783124897279777, 6274419.531381145119667 ], [ 729954.724204207770526, 6274380.739191368222237 ], [ 729888.347856118576601, 6274375.729985962621868 ], [ 729837.418697468587197, 6274324.138933192938566 ], [ 729843.932240606169216, 6274241.713269790634513 ], [ 729781.176835276186466, 6274157.397855969145894 ], [ 729764.879925469402224, 6274138.834810472093523 ], [ 729701.710442163399421, 6274066.880937465466559 ], [ 729668.286335987271741, 6274054.478900869376957 ], [ 729558.439029245171696, 6274101.339105885475874 ], [ 729537.119170315563679, 6274110.433835491538048 ], [ 729437.321246108971536, 6274093.019019374623895 ], [ 729333.245441369945183, 6274058.103318335488439 ], [ 729253.649402787676081, 6274031.399199453182518 ], [ 729122.480686162016355, 6274087.348349932581186 ], [ 728995.882503816159442, 6274103.577270047739148 ], [ 728829.555511383339763, 6274074.542567521333694 ], [ 728649.194400727748871, 6274151.464017353951931 ], [ 728538.047845475957729, 6274121.107610842213035 ], [ 728514.29324141307734, 6274142.146653251722455 ], [ 728510.440808856161311, 6274145.558649414218962 ], [ 728425.894642027444206, 6274173.042502595111728 ], [ 728348.799846718320623, 6274181.481156211346388 ], [ 728255.779450664180331, 6274216.704512761905789 ], [ 728178.527083592722192, 6274218.54409621283412 ], [ 728101.274828026420437, 6274220.383053680881858 ], [ 728050.827646039193496, 6274188.576203584671021 ], [ 727968.057737679104321, 6274190.545400783419609 ], [ 727858.638917360221967, 6274232.756357569247484 ], [ 727803.615572695969604, 6274240.665785134769976 ], [ 727748.905734050204046, 6274261.770451100543141 ], [ 727693.725341069395654, 6274263.081569943577051 ], [ 727627.508993405848742, 6274264.654489822685719 ], [ 727577.846695291693322, 6274265.83388009108603 ], [ 727517.148444483522326, 6274267.27500456571579 ], [ 727467.799344606464729, 6274281.64925823174417 ], [ 727407.100938298623078, 6274283.089682261459529 ], [ 727340.728054597275332, 6274278.06284262239933 ], [ 727263.475589706096798, 6274279.895020384341478 ], [ 727219.487805938813835, 6274287.53946621902287 ], [ 727120.319649256649427, 6274296.49139906745404 ], [ 727060.559113485738635, 6274337.515873031690717 ], [ 727000.016758034704253, 6274345.551461257040501 ], [ 726916.464845021255314, 6274314.522921273484826 ], [ 726855.610344630898908, 6274309.362188834697008 ], [ 726805.94802951219026, 6274310.53756514005363 ], [ 726745.405755020678043, 6274318.571433449164033 ], [ 726656.805191210703924, 6274307.464388489723206 ], [ 726568.82868076080922, 6274322.747336010448635 ], [ 726524.996327861677855, 6274336.986198745667934 ], [ 726471.063170144800097, 6274391.07192949950695 ], [ 726394.433641070267186, 6274419.287823815830052 ], [ 726328.060802604304627, 6274414.253958279266953 ], [ 726256.793137265369296, 6274435.740778306499124 ], [ 726196.716990527696908, 6274463.564240116626024 ], [ 726115.03500592825003, 6274511.70105842128396 ], [ 726088.844983161659911, 6274571.731158828362823 ], [ 726018.353588491096161, 6274626.204479495063424 ], [ 725947.861312688793987, 6274680.67734856531024 ], [ 725894.233898816164583, 6274747.954788036644459 ], [ 725823.740116031840444, 6274802.426537712104619 ], [ 725747.727091502165422, 6274857.027684211730957 ], [ 725698.994382012053393, 6274897.783225877210498 ], [ 725566.104940314427949, 6274990.279321419075131 ], [ 725435.680742918979377, 6275079.164525028318167 ], [ 725368.210564524284564, 6275157.704183831810951 ], [ 725360.438868417753838, 6275166.750737065449357 ], [ 725330.274288796936162, 6275292.884744454175234 ], [ 725318.343496230896562, 6275348.564036046154797 ], [ 725310.370768657419831, 6275385.770843902602792 ], [ 725223.158034385414794, 6275434.029148737899959 ], [ 725145.587299351929687, 6275422.648432232439518 ], [ 725034.750372466631234, 6275405.446613280102611 ], [ 724912.56711380800698, 6275375.307148572057486 ], [ 724802.504837766522542, 6275391.091016829945147 ], [ 724649.684738839743659, 6275467.287074917927384 ], [ 724546.530408891267143, 6275542.317495593801141 ], [ 724475.251058210153133, 6275563.790393533185124 ], [ 724367.654443042818457, 6275575.960493359714746 ], [ 724358.160868988139555, 6275642.195204066112638 ], [ 724285.492474919767119, 6275713.458646005950868 ], [ 724203.945168824633583, 6275768.175730556249619 ], [ 724120.85488044610247, 6275756.915694318711758 ], [ 724053.087884064763784, 6275692.487005671486259 ], [ 723982.731250392156653, 6275753.541927432641387 ], [ 723905.77654618350789, 6275768.541661558672786 ], [ 723844.225790631840937, 6275751.700382220558822 ], [ 723839.089052360970527, 6275750.294899583794177 ], [ 723837.309617263032123, 6275756.056729150004685 ], [ 723818.553970621782355, 6275816.786508768796921 ], [ 723814.891301752300933, 6275840.377806009724736 ], [ 723804.153387057827786, 6275909.539879218675196 ], [ 723833.749637608299963, 6275994.665063442662358 ], [ 723874.92636666004546, 6276082.570191173814237 ], [ 723891.86547190148849, 6276118.731741581112146 ], [ 723798.658623820636421, 6276147.312234248034656 ], [ 723709.431185135152191, 6276109.786788537167013 ], [ 723669.567385106813163, 6276057.906803654506803 ], [ 723601.955484793754295, 6276000.072685998864472 ], [ 723499.872431279625744, 6276012.104046516120434 ], [ 723472.585436278372072, 6276025.942385153844953 ], [ 723439.933121797628701, 6276046.506802089512348 ], [ 723407.126971279969439, 6276060.473534679971635 ], [ 723368.648071977659129, 6276067.971137578599155 ], [ 723347.186964575899765, 6276094.875788408331573 ], [ 723298.591729142819531, 6276142.215871287509799 ], [ 723197.70260954182595, 6276187.722441169433296 ], [ 723114.45708993379958, 6276169.855901243165135 ], [ 723011.283937714761123, 6276244.868715148419142 ], [ 722854.007778430706821, 6276258.176246155053377 ], [ 722794.064750104211271, 6276292.574867080897093 ], [ 722734.274532155250199, 6276333.570639034733176 ], [ 722680.462508486001752, 6276394.230731922201812 ], [ 722526.826094230869785, 6276546.572768818587065 ], [ 722449.098351322929375, 6276528.572428989224136 ], [ 722392.988733010366559, 6276490.266641950234771 ], [ 722369.535428624600172, 6276431.400202983990312 ], [ 722312.814961784868501, 6276366.703607320785522 ], [ 722195.538649818045087, 6276310.011202459223568 ], [ 722090.524075776804239, 6276305.842453360557556 ], [ 722003.772428470780142, 6276264.69347916264087 ], [ 721943.52135021914728, 6276285.891449096612632 ], [ 721899.827160996501334, 6276306.705838231369853 ], [ 721850.613709435565397, 6276327.647799360565841 ], [ 721812.896018304978497, 6276368.126913643442094 ], [ 721725.65863956254907, 6276416.35197240114212 ], [ 721670.355371832614765, 6276508.748511807993054 ], [ 721659.399744066293351, 6276527.052010785788298 ], [ 721653.614197034039535, 6276545.768439380452037 ], [ 721638.847737101837993, 6276593.538003755733371 ], [ 721574.14161391207017, 6276661.044022349640727 ], [ 721470.038025732967071, 6276696.453862207941711 ], [ 721441.613311571534723, 6276692.875158875249326 ], [ 721381.42563753540162, 6276685.297307019121945 ], [ 721325.62428194785025, 6276660.180723618716002 ], [ 721276.864616245147772, 6276700.912231422960758 ], [ 721245.727424528449774, 6276787.444622271694243 ], [ 721185.167462247423828, 6276795.442306716926396 ], [ 721092.099866799893789, 6276830.593345235101879 ], [ 720998.119621507823467, 6276826.158048277720809 ], [ 720963.635968518210575, 6276767.542816322296858 ], [ 720934.215993843390606, 6276689.007708737626672 ], [ 720962.609973073704168, 6276612.191095980815589 ], [ 720964.139454047195613, 6276549.695796312764287 ], [ 720924.441635285969824, 6276504.402859997004271 ], [ 720907.196252822526731, 6276497.987232491374016 ], [ 720840.895415057544596, 6276473.321555953472853 ], [ 720772.528187823598273, 6276510.951157499104738 ], [ 720757.793043899931945, 6276590.503144319169223 ], [ 720764.071429102332331, 6276623.363874266855419 ], [ 720764.418048936408013, 6276638.423373777419329 ], [ 720764.678844551439397, 6276649.754126696847379 ], [ 720748.88052215334028, 6276683.123078383505344 ], [ 720721.739883896778338, 6276703.550783956423402 ], [ 720720.180981427198276, 6276746.743829013779759 ], [ 720654.860560193192214, 6276787.853014360181987 ], [ 720560.729547335649841, 6276776.815855532884598 ], [ 720428.418960254872218, 6276786.458321353420615 ], [ 720351.603907225304283, 6276808.026422112248838 ], [ 720264.053079770994373, 6276843.042475271970034 ], [ 720156.089969078428112, 6276951.137401897460222 ], [ 720017.478318558190949, 6277056.383195843547583 ], [ 720017.932274077204056, 6277076.17588528431952 ], [ 720040.463933398714289, 6277095.462077865377069 ], [ 720057.476200424251147, 6277114.874947240576148 ], [ 720054.893234773539007, 6277123.225403076969087 ], [ 720047.193997495342046, 6277148.115943663753569 ], [ 720014.682495623943396, 6277175.265691731125116 ], [ 719995.50131849385798, 6277169.202273461967707 ], [ 719975.743576252367347, 6277162.956627456471324 ], [ 719957.823764168773778, 6277103.958360705524683 ], [ 719936.048565035918728, 6277117.659640224650502 ], [ 719908.753815069561824, 6277131.48739537037909 ], [ 719882.063962509855628, 6277171.705231222324073 ], [ 719849.400662521482445, 6277192.256908237934113 ], [ 719817.039661231101491, 6277226.003432054072618 ], [ 719801.085860577295534, 6277252.772982970811427 ], [ 719747.250750323291868, 6277313.415321047417819 ], [ 719726.079195570782758, 6277353.506225099787116 ], [ 719710.124906369484961, 6277380.275596000254154 ], [ 719716.702095822198316, 6277426.331997785717249 ], [ 719711.93797590804752, 6277459.446134176105261 ], [ 719679.424472568789497, 6277486.59463151358068 ], [ 719607.820105760591105, 6277494.834823255427182 ], [ 719569.182552030542865, 6277495.719138771295547 ], [ 719508.768322633579373, 6277510.303523750975728 ], [ 719492.964086073916405, 6277543.670068610459566 ], [ 719450.16484902088996, 6277604.057978082448244 ], [ 719429.293111333739944, 6277657.343169623054564 ], [ 719367.541472367942333, 6277724.552791483700275 ], [ 719308.253343967720866, 6277789.079743286594748 ], [ 719237.40030202222988, 6277830.30470066331327 ], [ 719161.629620627849363, 6277898.045258637517691 ], [ 719096.144381719408557, 6277932.545558799058199 ], [ 719035.816033254610375, 6277895.638587854802608 ], [ 719023.331845631473698, 6277888.001053384505212 ], [ 718968.584888903191313, 6277909.05343912448734 ], [ 718871.183643847354688, 6277997.087974979542196 ], [ 718813.172459015971981, 6278117.227939080446959 ], [ 718754.257364225108176, 6278197.782508797012269 ], [ 718645.209740714752115, 6278259.67597827501595 ], [ 718613.592299792566337, 6278326.405687281861901 ], [ 718631.655512586003169, 6278392.003503009676933 ], [ 718556.026347777573392, 6278466.336339107714593 ], [ 718496.506001238245517, 6278520.498950861394405 ], [ 718393.873996534850448, 6278621.848692731931806 ], [ 718351.513023013947532, 6278702.023446843028069 ], [ 718254.397884274832904, 6278803.245911838486791 ], [ 718201.143927534809336, 6278890.268468508496881 ], [ 718097.305511262034997, 6278938.83460193220526 ], [ 718019.719800991239026, 6278927.395325098186731 ], [ 717897.222102054627612, 6278883.970677694305778 ], [ 717825.906201194855385, 6278905.391919186338782 ], [ 717778.318065942730755, 6278998.884155340492725 ], [ 717775.868546451441944, 6279001.05493014678359 ], [ 717648.370032899314538, 6279114.046226507984102 ], [ 717534.980673369136639, 6279228.831193448975682 ], [ 717453.965235492447391, 6279309.877115024253726 ], [ 717439.345966035732999, 6279396.019468797370791 ], [ 717441.288481286377646, 6279481.78657278418541 ], [ 717410.106326171779074, 6279568.303929279558361 ], [ 717401.156213239999488, 6279660.918666301295161 ], [ 717351.916799445869401, 6279681.835962364450097 ], [ 717263.732641625916585, 6279690.432740692049265 ], [ 717209.867526430403814, 6279751.059005584567785 ], [ 717189.425613165716641, 6279824.130740514956415 ], [ 717158.687463720445521, 6279930.439513178542256 ], [ 717127.948525598156266, 6280036.748025953769684 ], [ 717087.956341183977202, 6280222.475658424198627 ], [ 716984.694431459531188, 6280297.418474214151502 ], [ 716908.887979025021195, 6280365.139323966577649 ], [ 716805.772116050939076, 6280446.67755935434252 ], [ 716741.601467473199591, 6280540.537350555881858 ], [ 716720.197938845958561, 6280570.707655042409897 ], [ 716698.770690545672551, 6280600.91116987913847 ], [ 716600.130339834606275, 6280636.140315292403102 ], [ 716468.658530756365508, 6280685.309890277683735 ], [ 716292.716970386449248, 6280722.277637487277389 ], [ 716211.381018150481395, 6280790.116748716682196 ], [ 716102.288159724790603, 6280851.978892052546144 ], [ 716036.623962053330615, 6280879.859107910655439 ], [ 715949.021829298115335, 6280914.832908062264323 ], [ 715898.503964603180066, 6281011.42935361340642 ], [ 715843.584889374906197, 6281025.865089001134038 ], [ 715712.104460112634115, 6281075.023820646107197 ], [ 715542.119406724581495, 6281131.645618662238121 ], [ 715487.939218241372146, 6281179.066303326748312 ], [ 715399.592962656053714, 6281181.047697737812996 ], [ 715237.583407127298415, 6281214.632648034952581 ], [ 715143.862999546108767, 6281223.332857916131616 ], [ 715045.654589114012197, 6281278.337580439634621 ], [ 714969.236788941780105, 6281319.652202725410461 ], [ 714935.050878944341093, 6281405.976206780411303 ], [ 714880.4973657829687, 6281436.899732053279877 ], [ 714786.922205177485012, 6281452.193681541830301 ], [ 714726.477518832078204, 6281466.746264198794961 ], [ 714611.109519367455505, 6281495.726912217214704 ], [ 714584.090004875091836, 6281522.733219385147095 ], [ 714534.393646496231668, 6281523.843086950480938 ], [ 714423.810085663571954, 6281519.711195416748524 ], [ 714352.615443863091059, 6281547.702638892456889 ], [ 714243.208796911523677, 6281596.347683513537049 ], [ 714164.873508093878627, 6281551.889569325372577 ], [ 714070.414566320599988, 6281527.592095172032714 ], [ 714031.614939073333517, 6281521.85583433136344 ], [ 713954.015951933572069, 6281510.382958610542119 ], [ 713849.101961844949983, 6281512.718832848593593 ], [ 713798.671752457972616, 6281480.837916706688702 ], [ 713732.1170204175869, 6281469.117508240044117 ], [ 713712.333900064928457, 6281470.331004338338971 ], [ 713641.294906733324751, 6281474.688252096995711 ], [ 713552.946794427465647, 6281476.65251920837909 ], [ 713420.424576322780922, 6281479.59739628341049 ], [ 713359.978368266951293, 6281494.141272007487714 ], [ 713311.844627084559761, 6281479.630551256239414 ], [ 713237.620952362543903, 6281457.254111476242542 ], [ 713128.928538367617875, 6281423.112381491810083 ], [ 713067.458044458646327, 6281391.472763139754534 ], [ 712961.522088100668043, 6281347.617369098588824 ], [ 712861.401217304635793, 6281316.833354564383626 ], [ 712778.284261235850863, 6281305.473487306386232 ], [ 712695.313622043351643, 6281300.710221596062183 ], [ 712612.343119167140685, 6281295.946354797109962 ], [ 712520.501103314920329, 6281255.324976345524192 ], [ 712480.97439501225017, 6281216.595801507122815 ], [ 712479.223241282394156, 6281137.427336410619318 ], [ 712438.746068460517563, 6281123.554218026809394 ], [ 712406.859784115105867, 6281112.625359601341188 ], [ 712358.00807445764076, 6281152.149994165636599 ], [ 712343.950927375815809, 6281150.069124564528465 ], [ 712294.257083411328495, 6281151.16749694570899 ], [ 712255.752088050125167, 6281158.619022990576923 ], [ 712239.041761295520701, 6281152.387607604265213 ], [ 712145.612789204576984, 6281174.25319236703217 ], [ 712130.35930513124913, 6281233.995260113850236 ], [ 712086.914978900342248, 6281267.957318897359073 ], [ 712042.450981999281794, 6281255.737744594924152 ], [ 712003.654242058633827, 6281249.99352415278554 ], [ 711942.916901865741238, 6281251.333757880143821 ], [ 711866.05120455333963, 6281272.830952626653016 ], [ 711832.776185708586127, 6281266.964264547452331 ], [ 711772.475012815091759, 6281288.095403982326388 ], [ 711700.258149329805747, 6281269.885547386482358 ], [ 711660.589474033331499, 6281224.555762933567166 ], [ 711560.184302519308403, 6281180.563778868876398 ], [ 711452.945842669229023, 6281193.076007320545614 ], [ 711365.327049123006873, 6281228.00692493468523 ], [ 711239.346887746010907, 6281276.981793656945229 ], [ 711157.24840022996068, 6281311.789424479007721 ], [ 711063.671197301708162, 6281327.046900542452931 ], [ 710982.950650869170204, 6281333.651070641353726 ], [ 710953.384027601219714, 6281336.069829760119319 ], [ 710907.970311310724355, 6281317.512601733207703 ], [ 710830.750518777873367, 6281285.95793277118355 ], [ 710765.215342974988744, 6281320.398585042916238 ], [ 710680.740691449609585, 6281340.154420039616525 ], [ 710671.782386228325777, 6281342.249481248669326 ], [ 710628.049315502285026, 6281343.208447332493961 ], [ 710555.828847220051102, 6281344.791640572249889 ], [ 710462.106252502184361, 6281353.445930980145931 ], [ 710351.674345345702022, 6281355.864648280665278 ], [ 710253.847833910840563, 6281388.993454678915441 ], [ 710247.485951666953042, 6281391.147901432588696 ], [ 710234.584660320193507, 6281383.818665132857859 ], [ 710180.360570465447381, 6281353.013775762170553 ], [ 710092.015082128578797, 6281354.946261547505856 ], [ 710025.756050356198102, 6281356.395090414211154 ], [ 709920.269243186339736, 6281332.298883993178606 ], [ 709918.651795423473231, 6281332.030205074697733 ], [ 709814.927135136909783, 6281314.798911774531007 ], [ 709750.999775439151563, 6281306.043910749256611 ], [ 709706.827296267263591, 6281307.008292085491121 ], [ 709645.802366905263625, 6281295.139364912174642 ], [ 709565.593555131112225, 6281280.638707611709833 ], [ 709461.259879002696835, 6281309.315982969477773 ], [ 709429.777021451387554, 6281331.217468440532684 ], [ 709412.285122156026773, 6281343.385854475200176 ], [ 709367.824980074656196, 6281331.154064781032503 ], [ 709346.776547421002761, 6281262.057918509468436 ], [ 709258.288657978060655, 6281257.385529637336731 ], [ 709218.840095138759352, 6281245.043920582160354 ], [ 709111.104953877162188, 6281211.337585920467973 ], [ 709039.899984560906887, 6281239.289039883762598 ], [ 708996.445732869324274, 6281273.236698344349861 ], [ 708906.346916314330883, 6281331.049768446013331 ], [ 708818.002304312889464, 6281332.97054164391011 ], [ 708757.265350212808698, 6281334.290602263063192 ], [ 708615.891543034464121, 6281301.309833209961653 ], [ 708553.827853735536337, 6281378.311701664701104 ], [ 708475.810222652275115, 6281347.00308483093977 ], [ 708425.830082347849384, 6281334.886819974519312 ], [ 708397.936162170371972, 6281322.291199985891581 ], [ 708337.199406836065464, 6281323.608607104048133 ], [ 708276.176683806697838, 6281311.731064014136791 ], [ 708263.658872117754072, 6281361.755665339529514 ], [ 708281.367815924459137, 6281414.174790451303124 ], [ 708243.717838683514856, 6281461.193714527413249 ], [ 708174.841986231505871, 6281478.937054277397692 ], [ 708062.791123728267848, 6281524.517155151814222 ], [ 708022.951180764473975, 6281607.634263458661735 ], [ 707962.355544431018643, 6281615.546538831666112 ], [ 707934.88999837776646, 6281622.741330064833164 ], [ 707841.021419927827083, 6281624.772489536553621 ], [ 707797.133384010754526, 6281638.922551264986396 ], [ 707747.152866784017533, 6281626.802730559371412 ], [ 707698.028228862676769, 6281654.266265448182821 ], [ 707644.094576979754493, 6281714.835261670872569 ], [ 707600.918646830366924, 6281761.970771165564656 ], [ 707551.935432467842475, 6281796.030708100646734 ], [ 707453.683191680931486, 6281850.955473762005568 ], [ 707372.137684139423072, 6281912.118759082630277 ], [ 707333.911910630296916, 6281932.744740974158049 ], [ 707251.938074189936742, 6281974.115217048674822 ], [ 707182.914682519156486, 6281965.953578010201454 ], [ 707116.936841633636504, 6281980.57663694024086 ], [ 707046.147700933041051, 6282028.304540165700018 ], [ 706986.117469674325548, 6282062.599380114115775 ], [ 706898.193156115128659, 6282084.293961986899376 ], [ 706843.826088813366368, 6282125.0662712873891 ], [ 706794.554547914420255, 6282145.92772950232029 ], [ 706709.815417365985923, 6282197.002956729382277 ], [ 706655.021310559706762, 6282217.982338045723736 ], [ 706638.739042876637541, 6282231.533074479550123 ], [ 706583.80278155382257, 6282245.914956828579307 ], [ 706490.212287825765088, 6282261.127093609422445 ], [ 706385.719226906192489, 6282283.17268942669034 ], [ 706347.348497318918817, 6282297.197269143536687 ], [ 706325.685354878893122, 6282317.463310604915023 ], [ 706259.845675105927512, 6282338.677481178194284 ], [ 706210.430468031903729, 6282352.938534123823047 ], [ 706165.829366743098944, 6282334.094748966395855 ], [ 706159.882772897020914, 6282314.421459972858429 ], [ 706121.653064093901776, 6282335.042406124994159 ], [ 706105.369988701422699, 6282348.592188993468881 ], [ 706106.36044876545202, 6282394.772869756445289 ], [ 706057.086138714570552, 6282415.630285264924169 ], [ 706034.573481626342982, 6282396.312243822962046 ], [ 706000.5925279421499, 6282357.439050546847284 ], [ 705870.68429444055073, 6282343.972669867798686 ], [ 705838.682565434835851, 6282397.460229873657227 ], [ 705845.900327743031085, 6282476.508670566603541 ], [ 705791.668125635944307, 6282523.871963288635015 ], [ 705721.151296330150217, 6282584.784005176275969 ], [ 705650.351235820795409, 6282632.500927698798478 ], [ 705603.044609023723751, 6282679.690856602042913 ], [ 705596.258329886477441, 6282686.460293374955654 ], [ 705519.652567622833885, 6282721.099874794483185 ], [ 705443.32823566487059, 6282768.933363514021039 ], [ 705400.418995687155984, 6282829.252594784833491 ], [ 705324.516120701213367, 6282896.876641992479563 ], [ 705281.464628169313073, 6282950.59800127800554 ], [ 705249.598220195388421, 6283010.680566395632923 ], [ 705234.862279081833549, 6283096.79811105132103 ], [ 705197.754248375073075, 6283170.192668809555471 ], [ 705132.32907359325327, 6283211.190473415888846 ], [ 705049.63206346554216, 6283219.555035782977939 ], [ 704962.25648888410069, 6283267.619964736513793 ], [ 704859.015288205933757, 6283349.023090885020792 ], [ 704773.183359672082588, 6283469.655304843559861 ], [ 704702.231707269558683, 6283510.767616836354136 ], [ 704631.139133488642983, 6283545.2820108179003 ], [ 704560.186358587117866, 6283586.393103666603565 ], [ 704556.488403733819723, 6283672.274174659512937 ], [ 704508.46749349613674, 6283752.498017420992255 ], [ 704436.671055547660217, 6283754.024957375600934 ], [ 704371.238712079357356, 6283795.017094517126679 ], [ 704346.008263956522569, 6283907.756273260340095 ], [ 704314.553173931664787, 6283987.626720909029245 ], [ 704238.072773633757606, 6284028.852547904476523 ], [ 704184.104037659941241, 6284089.400228792801499 ], [ 704092.733615135774016, 6284210.142795103602111 ], [ 704037.643022120464593, 6284217.91213003359735 ], [ 703982.972202655277215, 6284245.472620248794556 ], [ 704001.780690892599523, 6284350.675947107374668 ], [ 703975.984205172630027, 6284437.025090511888266 ], [ 703922.151201586122625, 6284504.168196910992265 ], [ 703861.395711270160973, 6284505.456324068829417 ], [ 703806.862563417409547, 6284539.612925350666046 ], [ 703741.841584044625051, 6284600.39190917275846 ], [ 703715.482875319197774, 6284660.351399443112314 ], [ 703649.901691230596043, 6284694.741021979600191 ], [ 703585.018307181191631, 6284762.115943556651473 ], [ 703519.994309554458596, 6284822.893271842971444 ], [ 703460.493054069695063, 6284883.55327070876956 ], [ 703405.95628469879739, 6284917.707301801070571 ], [ 703340.51177995139733, 6284958.691879582591355 ], [ 703297.579008879489265, 6285019.000326732173562 ], [ 703238.353823942830786, 6285092.85312191862613 ], [ 703283.239290986210108, 6285124.905172410421073 ], [ 703338.475003517698497, 6285123.737655758857727 ], [ 703366.371733642648906, 6285136.348095864057541 ], [ 703427.689151095924899, 6285161.451924458146095 ], [ 703490.508748500491492, 6285136.772428402677178 ], [ 703562.315265450743027, 6285135.253052806481719 ], [ 703578.501547100022435, 6285237.462624902836978 ], [ 703558.361486695008352, 6285330.290447507984936 ], [ 703515.149003116763197, 6285377.405614932999015 ], [ 703461.725803275592625, 6285464.337170917540789 ], [ 703397.532841461827047, 6285564.696269627660513 ], [ 703360.539623478311114, 6285644.679557187482715 ], [ 703350.886344806756824, 6285710.88460978679359 ], [ 703313.891989988624118, 6285790.867768917232752 ], [ 703271.233642269042321, 6285864.370140053331852 ], [ 703189.209762377897277, 6285905.703406018204987 ], [ 703128.167075861245394, 6285893.792180897668004 ], [ 703102.775217070360668, 6285999.929602563381195 ], [ 703099.061512027750723, 6286085.809148151427507 ], [ 703022.280800806940533, 6286113.82985420525074 ], [ 702917.878951229038648, 6286142.43245405703783 ], [ 702886.959668630966917, 6286248.685620867647231 ], [ 702826.749796456890181, 6286276.355336904525757 ], [ 702743.608602284453809, 6286264.907219879329205 ], [ 702688.227537978673354, 6286259.473924082703888 ], [ 702617.107600787421688, 6286293.972092919051647 ], [ 702562.420863162027672, 6286321.523674244061112 ], [ 702564.226202944060788, 6286407.286340171471238 ], [ 702598.483111692825332, 6286459.365728594362736 ], [ 702588.684350256342441, 6286518.972465679980814 ], [ 702578.885530136642046, 6286578.579290932975709 ], [ 702563.839910254697315, 6286651.496636429801583 ], [ 702542.019924545893446, 6286665.155990837141871 ], [ 702475.726729618501849, 6286666.550971786491573 ], [ 702389.399444515584037, 6286645.016349860467017 ], [ 702349.480101321591064, 6286586.455342069268227 ], [ 702309.977294615819119, 6286547.685621432028711 ], [ 702247.822889424627647, 6286482.991687095724046 ], [ 702158.602347876527347, 6286445.26607899274677 ], [ 702102.52814069238957, 6286406.843711392953992 ], [ 702057.502872702432796, 6286368.189048368483782 ], [ 702006.953701654216275, 6286329.650161783210933 ], [ 701895.777172539616004, 6286298.983255635946989 ], [ 701798.970996086718515, 6286284.76419223472476 ], [ 701738.758142732665874, 6286312.426945328712463 ], [ 701700.088691325276159, 6286313.237578635104001 ], [ 701662.387126014917158, 6286360.227812059223652 ], [ 701620.128443868365139, 6286453.51359268091619 ], [ 701582.098595973337069, 6286464.463429044932127 ], [ 701570.686266430420801, 6286467.749385475181043 ], [ 701525.801197085529566, 6286435.68938453681767 ], [ 701491.550515758921392, 6286383.606568222865462 ], [ 701437.821338806883432, 6286334.981100736185908 ], [ 701365.454409689642489, 6286310.095628752373159 ], [ 701326.785039391601458, 6286310.904761831276119 ], [ 701277.067389839095995, 6286311.944844925776124 ], [ 701226.797816596343182, 6286286.59623852185905 ], [ 701176.942299809539691, 6286281.038760444149375 ], [ 701117.141691307537258, 6286328.488690853118896 ], [ 701050.851286434801295, 6286329.873963873833418 ], [ 701006.382137727807276, 6286317.603015217930079 ], [ 700950.726995094562881, 6286298.965551553294063 ], [ 700911.644516504835337, 6286279.981655409559608 ], [ 700839.141925523988903, 6286248.495375597849488 ], [ 700759.048519653617404, 6286240.517081189900637 ], [ 700715.130681173875928, 6286254.633219508454204 ], [ 700679.767377271782607, 6286291.420358877629042 ], [ 700618.176315425429493, 6286253.104871023446321 ], [ 700579.23237452050671, 6286240.716814570128918 ], [ 700506.456382452510297, 6286196.033792009577155 ], [ 700461.988701523980126, 6286183.760388989001513 ], [ 700433.681084335315973, 6286151.35024852398783 ], [ 700297.249744427157566, 6286091.742089324630797 ], [ 700253.881180758355185, 6286132.244495937600732 ], [ 700192.979346938780509, 6286126.911803183145821 ], [ 700115.642532201483846, 6286128.520557037554681 ], [ 700060.402026723721065, 6286129.669284479692578 ], [ 699988.863572080386803, 6286144.356331314891577 ], [ 699928.921361333806999, 6286185.201626209542155 ], [ 699864.713720708736219, 6286223.061950877308846 ], [ 699836.108072557603009, 6286239.929208933375776 ], [ 699737.648310117307119, 6286165.823948211967945 ], [ 699682.407693335320801, 6286166.970494675450027 ], [ 699599.546737562515773, 6286168.689719912596047 ], [ 699544.442954874364659, 6286176.432607065886259 ], [ 699488.518363955663517, 6286144.592596367001534 ], [ 699400.133684617001563, 6286146.424638316035271 ], [ 699317.273020905675367, 6286148.141440288163722 ], [ 699256.235302215325646, 6286136.205826153978705 ], [ 699184.422939648386091, 6286137.692689960822463 ], [ 699118.271004145266488, 6286145.661833265796304 ], [ 699074.078737271483988, 6286146.576254565268755 ], [ 698985.694219678989612, 6286148.404487460851669 ], [ 698919.269459881586954, 6286143.178005097433925 ], [ 698797.195589337265119, 6286119.301399644464254 ], [ 698763.642691492685117, 6286100.194880313239992 ], [ 698713.926666689454578, 6286101.22176906093955 ], [ 698652.754043623921461, 6286082.685369927436113 ], [ 698564.370295691303909, 6286084.509759031236172 ], [ 698486.490168016753159, 6286059.717188811860979 ], [ 698442.298340004170313, 6286060.628727973438799 ], [ 698380.582614113111049, 6286015.702287971973419 ], [ 698335.167082450003363, 6285957.239763714373112 ], [ 698262.812604058068246, 6285932.331581613980234 ], [ 698168.634712851955555, 6285921.072117939591408 ], [ 698101.397229278925806, 6285876.257870439440012 ], [ 698034.160475017153658, 6285831.443066960200667 ], [ 697961.400516742840409, 6285786.741483503952622 ], [ 697915.717278370866552, 6285715.083023054525256 ], [ 697848.482536029419862, 6285670.267116409726441 ], [ 697775.453435017145239, 6285612.37011228967458 ], [ 697741.904482690850273, 6285593.260306879878044 ], [ 697641.122816088376567, 6285529.332897486165166 ], [ 697530.108190700411797, 6285505.213740550912917 ], [ 697479.853828075458296, 6285479.846205787733197 ], [ 697390.528543982538395, 6285435.48069466650486 ], [ 697307.268882114207372, 6285417.389390837401152 ], [ 697245.697976222028956, 6285379.053175894543529 ], [ 697217.404036647174507, 6285346.634160600602627 ], [ 697138.722595155821182, 6285282.24884957075119 ], [ 697105.311327738687396, 6285269.733916345983744 ], [ 696999.284364207764156, 6285219.10748596675694 ], [ 696937.851083740941249, 6285187.366391718387604 ], [ 696892.718402947415598, 6285142.091663321480155 ], [ 696814.71590508625377, 6285110.689109399914742 ], [ 696752.474274318199605, 6285039.364660180173814 ], [ 696690.908098601736128, 6285001.025090927258134 ], [ 696628.803039817372337, 6284936.296996645629406 ], [ 696560.905775765655562, 6284858.487234874628484 ], [ 696471.321273009059951, 6284800.919660532847047 ], [ 696425.923103354522027, 6284742.448834346607327 ], [ 696369.748635007417761, 6284697.397442994639277 ], [ 696345.184001004789025, 6284679.828786017373204 ], [ 696316.699587996467017, 6284656.862246170639992 ], [ 696243.604404453886673, 6284597.926000330597162 ], [ 696202.265923217870295, 6284568.820208333432674 ], [ 696097.852288670954295, 6284495.302773390896618 ], [ 696055.411484144628048, 6284489.847995841875672 ], [ 696009.215203858213499, 6284483.910305146127939 ], [ 695930.145887220045552, 6284399.724593936465681 ], [ 695910.343006110982969, 6284371.749275540933013 ], [ 695833.434363758307882, 6284263.099504221230745 ], [ 695810.218148257350549, 6284249.867413165047765 ], [ 695743.994184522540309, 6284212.122539740987122 ], [ 695676.37758615706116, 6284147.501078270375729 ], [ 695536.563655909732915, 6284064.54861026443541 ], [ 695435.008799202158116, 6283961.017242357134819 ], [ 695305.976980628212914, 6283864.642941437661648 ], [ 695243.754420561366715, 6283793.309498507529497 ], [ 695081.323942805174738, 6283684.411300430074334 ], [ 695023.689794156467542, 6283566.785285776481032 ], [ 694923.402784027275629, 6283486.826549923047423 ], [ 694894.533652412937954, 6283463.80888301692903 ], [ 694742.489124797168188, 6283321.69617089536041 ], [ 694641.61842962144874, 6283251.142207246273756 ], [ 694562.97151100076735, 6283186.737234454602003 ], [ 694456.581369894323871, 6283116.293220960535109 ], [ 694393.435942752286792, 6282998.775670652277768 ], [ 694281.126966734300368, 6282908.650555045343935 ], [ 694235.350729785510339, 6282830.379167663864791 ], [ 694172.476152880350128, 6282726.054355930536985 ], [ 694104.880500892992131, 6282661.422787511721253 ], [ 693997.833651644992642, 6282557.988960089161992 ], [ 693863.532360639190301, 6282345.958697473630309 ], [ 693806.851663033477962, 6282274.505456292070448 ], [ 693761.348057590075769, 6282209.426077196374536 ], [ 693682.449552637874149, 6282131.820448821410537 ], [ 693614.196482915314846, 6282034.200621547177434 ], [ 693569.226862494368106, 6281995.508568193763494 ], [ 693455.741725665982813, 6281846.001455506309867 ], [ 693427.204906713799573, 6281800.37818706035614 ], [ 693409.312640368938446, 6281734.741573967039585 ], [ 693397.473143325885758, 6281695.381821479648352 ], [ 693374.458340271725319, 6281649.647268829867244 ], [ 693345.922519649844617, 6281604.023899586871266 ], [ 693277.809029377182014, 6281512.998889798298478 ], [ 693249.141324244905263, 6281460.778200480155647 ], [ 693214.687332599540241, 6281395.474471892230213 ], [ 693191.541346969665028, 6281343.1425816770643 ], [ 693162.078503422788344, 6281251.339507304131985 ], [ 693138.933091447688639, 6281199.007508561015129 ], [ 693102.623879183549434, 6281041.345311485230923 ], [ 693100.767057161778212, 6280948.987063750624657 ], [ 693048.946864010067657, 6280696.191339572891593 ], [ 693002.792269658646546, 6280598.123911425471306 ], [ 692978.721042661345564, 6280499.612453931942582 ], [ 692960.038186302175745, 6280394.392949614673853 ], [ 692930.314730762154795, 6280289.395358353853226 ], [ 692900.326678772922605, 6280171.203553238883615 ], [ 692880.98241193278227, 6280032.998900160193443 ], [ 692867.821445803507231, 6279927.66844860650599 ], [ 692843.752709812601097, 6279829.156698662787676 ], [ 692874.886175518273376, 6279729.536072416231036 ], [ 692873.706631081760861, 6279670.822381807491183 ], [ 692872.368036083877087, 6279604.19268680177629 ], [ 692854.349983201129362, 6279531.958230565302074 ], [ 692791.870702776592225, 6279318.473228497430682 ], [ 692790.545760185690597, 6279252.503035821020603 ], [ 692792.415886098984629, 6279200.056332804262638 ], [ 692794.078198596136644, 6279153.436814667657018 ], [ 692820.484778121812269, 6279093.509303659200668 ], [ 692773.808789726579562, 6278969.052815672010183 ], [ 692756.322215089807287, 6278923.206174133345485 ], [ 692745.400555934524164, 6278892.627062547020614 ], [ 692732.918639622279443, 6278857.679336911067367 ], [ 692720.952022924437188, 6278811.721800372004509 ], [ 692696.621713664615527, 6278700.015676685608923 ], [ 692706.203768130857497, 6278627.22671375144273 ], [ 692704.74663415143732, 6278554.659507043659687 ], [ 692686.333675690577365, 6278462.633537476882339 ], [ 692684.611683690571226, 6278376.872157331556082 ], [ 692693.265986889600754, 6278257.904033709317446 ], [ 692719.140253890887834, 6278171.588419371284544 ], [ 692749.340483898995444, 6278025.788628218695521 ], [ 692753.136771778343245, 6277939.916311580687761 ], [ 692767.573582106735557, 6277834.031062537804246 ], [ 692815.389295553322881, 6277740.674496849067509 ], [ 692817.593598323059268, 6277575.637675932608545 ], [ 692847.789700296940282, 6277429.837188266217709 ], [ 692846.596137078711763, 6277370.463913663290441 ], [ 692837.761910846689716, 6277205.648861843161285 ], [ 692835.374704110203311, 6277086.902054321020842 ], [ 692833.650568912853487, 6277001.140484634786844 ], [ 692825.214151953347027, 6276856.116540858522058 ], [ 692823.755232117837295, 6276783.549030700698495 ], [ 692827.549502114066854, 6276697.676479222252965 ], [ 692836.198740279767662, 6276578.707794862799346 ], [ 692835.535496698925272, 6276545.722520510666072 ], [ 692822.50915785622783, 6276446.988715183921158 ], [ 692843.786354233394377, 6276406.962601629085839 ], [ 692842.99038457183633, 6276367.380329011008143 ], [ 692852.700164339970797, 6276301.187925439327955 ], [ 692845.987889059702866, 6276241.925426416099072 ], [ 692799.852896953001618, 6276143.857359549030662 ], [ 692770.936124994419515, 6276078.441599349491298 ], [ 692714.429388415650465, 6276013.580323974601924 ], [ 692669.35717145644594, 6275968.288073858246207 ], [ 692634.791180828586221, 6275896.385730057954788 ], [ 692578.551483270013705, 6275844.717815799638629 ], [ 692500.638033494004048, 6275813.283955960534513 ], [ 692399.991707242792472, 6275749.307042241096497 ], [ 692332.718465939629823, 6275697.859227523207664 ], [ 692242.316338927368633, 6275594.077231302857399 ], [ 692185.287043111980893, 6275502.824809588491917 ], [ 692073.214209859259427, 6275419.274952284060419 ], [ 692066.374754763091914, 6275353.414983452297747 ], [ 692010.14126401708927, 6275301.7439796179533 ], [ 691987.145966708776541, 6275256.006683507934213 ], [ 691928.403759484412149, 6275078.991428467445076 ], [ 691910.926714481436647, 6275033.14361048489809 ], [ 691881.490515176788904, 6274941.3372194878757 ], [ 691900.918457171530463, 6274808.954539167694747 ], [ 691927.051962657133117, 6274735.834629244171083 ], [ 691926.391429449897259, 6274702.849353201687336 ], [ 691890.514046202180907, 6274564.974215712398291 ], [ 691883.808048997190781, 6274505.71133260987699 ], [ 691753.796368028502911, 6274408.148877492174506 ], [ 691651.477627667132765, 6274298.859719386324286 ], [ 691044.411712227854878, 6273650.366645401343703 ], [ 687518.119525899994187, 6269881.024898465722799 ], [ 682155.223395805805922, 6264140.586104601621628 ], [ 676732.918740125722252, 6258326.811390882357955 ], [ 673450.022626485908404, 6254802.117414355278015 ], [ 673414.996643906924874, 6254764.492142762988806 ], [ 673290.139998716535047, 6254630.366371952928603 ], [ 656843.343912031850778, 6236916.506581142544746 ], [ 653967.083437841152772, 6233809.197491398081183 ], [ 637776.997587994788773, 6216265.375795623287559 ], [ 631107.258305639144965, 6209000.706972516141832 ], [ 629470.117738724919036, 6207215.146751401945949 ], [ 624318.300513431197032, 6201590.102799452841282 ], [ 617895.321662895497866, 6194563.948471529409289 ], [ 608874.740233142045327, 6194674.736737426370382 ], [ 608756.614739184617065, 6194676.129680205136538 ], [ 608393.398936709389091, 6194680.403158402070403 ], [ 585972.220490896841511, 6194916.812220916152 ], [ 572398.057302091270685, 6195033.73881009221077 ], [ 567389.392738305148669, 6195071.892491990700364 ], [ 567276.145446577807888, 6195072.724047092720866 ], [ 550292.132200486026704, 6195181.868039247579873 ], [ 542980.252428250852972, 6195219.332081066444516 ], [ 511056.501599446870387, 6195315.751252088695765 ], [ 527107.385581071022898, 6220478.879780178889632 ], [ 536189.608166728401557, 6234645.741152113303542 ], [ 538854.170702762901783, 6238794.33059055916965 ], [ 541488.97712352371309, 6242892.310491601005197 ], [ 542215.941839865874499, 6244022.229901526123285 ], [ 544920.006925707799383, 6248222.323975916951895 ], [ 546898.831688873353414, 6251323.048909967765212 ], [ 556132.873223930364475, 6265760.606720593757927 ], [ 567497.647322361241095, 6283403.718475393950939 ], [ 580124.93874896178022, 6303169.750670339912176 ], [ 580135.108543574577197, 6303185.63138547167182 ], [ 581505.924318603472784, 6305325.677884519100189 ], [ 588044.687943138298579, 6315402.735402927733958 ], [ 590840.532117644906975, 6319703.93665068782866 ], [ 595950.875161809031852, 6327554.224532814696431 ], [ 596035.918588778702542, 6327684.738142914138734 ], [ 600724.359625030541793, 6334873.582681134343147 ], [ 600891.399047656566836, 6334924.629048597067595 ], [ 601124.902726721134968, 6334961.793756295926869 ], [ 601302.772600237396546, 6334986.33727565780282 ], [ 601580.953063584514894, 6335049.412535367533565 ], [ 601802.951119472738355, 6335047.104696767404675 ], [ 601992.199654958443716, 6335097.901406994089484 ], [ 602237.088258363073692, 6335161.305207656696439 ], [ 602572.99398905702401, 6335434.82183326408267 ], [ 602942.081907367450185, 6335694.786370733752847 ], [ 603167.433171292534098, 6336009.022317146882415 ], [ 603223.634038390475325, 6336074.389910628087819 ], [ 603234.136756619438529, 6336087.821340745314956 ], [ 603309.781599156092852, 6336184.559415952302516 ], [ 603336.177379769389518, 6336218.314865009859204 ], [ 603392.073465876863338, 6336265.595350217074156 ], [ 603472.511418505804613, 6336333.633475603535771 ], [ 603478.031341746798716, 6336338.302490217611194 ], [ 603481.219041105825454, 6336340.998830431140959 ], [ 603483.464451414532959, 6336342.898017469793558 ], [ 603489.272524876752868, 6336347.810804300941527 ], [ 603489.275537776062265, 6336347.813322743400931 ], [ 603489.277609369251877, 6336347.815074963495135 ], [ 603489.284859927371144, 6336347.821207726374269 ], [ 603582.639302997617051, 6336426.782439546659589 ], [ 603591.191186002339236, 6336433.410426374524832 ], [ 603595.668163279537112, 6336436.880241734907031 ], [ 603599.140127769089304, 6336439.571097005158663 ], [ 603599.625933893606998, 6336439.947613250464201 ], [ 603672.711909168865532, 6336496.591164921410382 ], [ 603716.975796193582937, 6336530.896277553401887 ], [ 603895.681476890924387, 6336727.198355810716748 ], [ 603919.186254496104084, 6336753.016742341220379 ], [ 603964.196999542764388, 6336814.541728405281901 ], [ 603975.323843838064931, 6336829.75077754072845 ], [ 604110.724528454593383, 6337014.823041801340878 ], [ 604174.328115247189999, 6337067.646298373118043 ], [ 604267.56040063907858, 6337145.074578080326319 ], [ 604357.644740999327041, 6337262.843553112819791 ], [ 604447.590481398510747, 6337367.421034628525376 ], [ 604492.986516523873433, 6337459.281240195967257 ], [ 604606.409490688354708, 6337682.335694426670671 ], [ 604765.52058345428668, 6338023.629057422280312 ], [ 604924.076910177478567, 6338312.157740790396929 ], [ 605061.566257700091228, 6338706.446721641346812 ], [ 605289.17872538859956, 6339218.49463827162981 ], [ 605390.398450211505406, 6339336.135084167122841 ], [ 605469.694672097684816, 6339480.394902284257114 ], [ 605684.105168232461438, 6339794.694957228377461 ], [ 605830.042463900754228, 6339938.233058016747236 ], [ 606111.395418462576345, 6340278.185395972803235 ], [ 606302.629005267517641, 6340500.379013487137854 ], [ 606470.798559375456534, 6340643.666866801679134 ], [ 606594.116487958468497, 6340747.863482034765184 ], [ 606829.365860960679129, 6340929.992243674583733 ], [ 607054.093302318709902, 6341164.999119748361409 ], [ 607210.889482858590782, 6341282.014858606271446 ], [ 607289.794336895109154, 6341386.6889214720577 ], [ 607425.104782857582904, 6341569.897415892221034 ], [ 607559.986166323185898, 6341713.532307887449861 ], [ 607784.748784991563298, 6341948.523088283836842 ], [ 608042.846602154197171, 6342183.141810142435133 ], [ 608300.374073273735121, 6342364.99158575758338 ], [ 608523.563649483607151, 6342454.869720807299018 ], [ 608702.907857757410966, 6342597.997663535177708 ], [ 608726.366406697430648, 6342613.224128538742661 ], [ 608982.676473864819854, 6342779.583870511502028 ], [ 609229.422090602223761, 6342987.91466361284256 ], [ 609409.669158045900986, 6343210.173703884705901 ], [ 609473.692968409974128, 6343346.516791235655546 ], [ 609692.565583478426561, 6343668.742544194683433 ], [ 609791.06595214898698, 6344086.720621041953564 ], [ 609941.505771444062702, 6344515.548985274508595 ], [ 610451.032825759146363, 6344913.497714189812541 ], [ 611011.59726548101753, 6345349.114768222905695 ], [ 611101.462347574182786, 6345433.847906489856541 ], [ 611234.653995764208958, 6345416.980163903906941 ], [ 611347.194629806792364, 6345541.031012509018183 ], [ 611497.409149854443967, 6345652.985053156502545 ], [ 611582.572110396693461, 6345716.454496352002025 ], [ 611800.838700823253021, 6345852.490597140043974 ], [ 611857.152243533404544, 6345917.810673307627439 ], [ 611919.323563517886214, 6346009.448378827422857 ], [ 611964.751677207881585, 6346094.680335734039545 ], [ 612055.158726395107806, 6346225.57214124687016 ], [ 612228.538872310309671, 6346322.534492118284106 ], [ 612373.53605968831107, 6346367.049376269802451 ], [ 612452.233585529611446, 6346445.302516439929605 ], [ 612563.96973944210913, 6346496.791701395995915 ], [ 612631.027083178283647, 6346529.003730161115527 ], [ 612610.086195266572759, 6346641.378503129817545 ], [ 612634.430664616287686, 6346825.791861847043037 ], [ 612649.275254824198782, 6346850.31458490435034 ], [ 612674.084772496018559, 6346891.298615420237184 ], [ 612814.444591533741914, 6347015.014581369236112 ], [ 612826.770455436198972, 6347120.41166593041271 ], [ 612825.247464159852825, 6347154.515973228961229 ], [ 612822.349694553529844, 6347219.40486809425056 ], [ 612900.98171070846729, 6347291.059144254773855 ], [ 613057.110463032498956, 6347335.43672086019069 ], [ 613151.732772822841071, 6347347.539620261639357 ], [ 613246.507408640929498, 6347372.832195967435837 ], [ 613252.900910761673003, 6347445.31638222374022 ], [ 613231.812572896829806, 6347544.502006588503718 ], [ 613216.96497857698705, 6347702.98116565681994 ], [ 613207.902170463465154, 6347881.182024227455258 ], [ 613209.421940946718678, 6348013.087722697295249 ], [ 613145.238420430454426, 6348231.500350078567863 ], [ 613092.091243548551574, 6348443.189060164615512 ], [ 613083.024815837154165, 6348621.389645089395344 ], [ 613106.925840960582718, 6348766.229915989562869 ], [ 613186.407263997243717, 6348910.430353423580527 ], [ 613237.872683601919562, 6349035.164491923525929 ], [ 613231.991347814793698, 6349042.30869285389781 ], [ 613183.05158834788017, 6349101.757381847128272 ], [ 613072.041753388708457, 6349116.227264182642102 ], [ 612955.549289136077277, 6349137.355081866495311 ], [ 612923.475202131201513, 6349197.816215723752975 ], [ 612895.697865968570113, 6349250.176988149061799 ], [ 612874.75261615915224, 6349362.551922494545579 ], [ 612954.992608487140387, 6349572.706828566268086 ], [ 613023.588278901414014, 6349736.82199190557003 ], [ 613103.303083808743395, 6349900.808826331980526 ], [ 613104.972119980724528, 6350045.904769400134683 ], [ 613090.495916252024472, 6350237.35926796682179 ], [ 613097.875117792980745, 6350395.581732918508351 ], [ 613093.681474213255569, 6350514.360351533629 ], [ 613049.866443598992191, 6350601.881834610365331 ], [ 613033.898321464424953, 6350633.778114306740463 ], [ 612997.023961448459886, 6350667.356525364331901 ], [ 612967.872717355843633, 6350693.901831420138478 ], [ 612924.385330031393096, 6350780.15093157440424 ], [ 612936.414687949349172, 6350861.333545606583357 ], [ 613048.505829022615217, 6350939.199356008321047 ], [ 613199.813851212034933, 6351040.830090423114598 ], [ 613272.766727175447159, 6351099.35548085346818 ], [ 613329.422618821030483, 6351191.048737009055912 ], [ 613352.951638907776214, 6351302.911924373358488 ], [ 613277.703140322118998, 6351528.047191782854497 ], [ 613296.659956145333126, 6351725.712802374735475 ], [ 613337.248360148398206, 6351870.360088109970093 ], [ 613399.924752120510675, 6352001.560543368570507 ], [ 613395.885090966010466, 6352133.529595036059618 ], [ 613280.344137861626223, 6352240.398459168151021 ], [ 613142.561016695108265, 6352347.521496348083019 ], [ 613060.980794113362208, 6352506.765936879441142 ], [ 613018.167033797129989, 6352652.372130436822772 ], [ 613047.785514930379577, 6352810.338689057156444 ], [ 613121.204825573717244, 6352908.436821872368455 ], [ 613200.944398376625031, 6353072.422865041531622 ], [ 613224.247773313196376, 6353164.500375365838408 ], [ 613281.900773379718885, 6353341.932190088555217 ], [ 613317.161558106658049, 6353506.429146144539118 ], [ 613397.820263851317577, 6353749.556489002890885 ], [ 613489.984550974331796, 6354025.531224828213453 ], [ 613594.264619290595874, 6354387.114884118549526 ], [ 613606.852304653846659, 6354418.680975273251534 ], [ 613685.906609321013093, 6354616.921191400848329 ], [ 613721.253832594491541, 6354788.011993282474577 ], [ 613772.219807687215507, 6354866.576668459922075 ], [ 613840.099382995511405, 6354964.734008882194757 ], [ 613919.408305765362456, 6355089.143175123259425 ], [ 613987.977775049046613, 6355246.656641786918044 ], [ 614034.455309249344282, 6355417.617656296119094 ], [ 614109.998727960512042, 6355562.724526774138212 ], [ 614153.924999857321382, 6355647.097891147248447 ], [ 614223.34267763257958, 6355877.157207248732448 ], [ 614303.198877616086975, 6356047.730071380734444 ], [ 614388.390195978921838, 6356198.452036648057401 ], [ 614456.744288527872413, 6356336.176691807806492 ], [ 614486.700552380410954, 6356520.519906023517251 ], [ 614521.837014413205907, 6356671.822229782119393 ], [ 614584.863477400387637, 6356829.396278189495206 ], [ 614620.002317183068953, 6356980.698257384821773 ], [ 614677.085847230628133, 6357105.360400567762554 ], [ 614706.510632432764396, 6357243.536472275853157 ], [ 614747.292109709931538, 6357401.368428310379386 ], [ 614754.006445880630054, 6357500.231936029158533 ], [ 614800.275727906962857, 6357651.403754187747836 ], [ 614791.069602987612598, 6357816.413646962493658 ], [ 614787.426101765711792, 6357981.358719988726079 ], [ 614772.88621239119675, 6358166.218942955136299 ], [ 614781.136372421169654, 6358396.986463151872158 ], [ 614777.952546654967591, 6358601.502717066556215 ], [ 614796.024837085045874, 6358720.022104494273663 ], [ 614819.43070691335015, 6358818.691132739186287 ], [ 614847.789092772523873, 6358866.700569601729512 ], [ 614887.195428492268547, 6358905.818313412368298 ], [ 614948.856737428694032, 6358944.676453938707709 ], [ 614943.831040618708357, 6358990.907651530578732 ], [ 614900.012965186848305, 6359050.783118467777967 ], [ 614828.605844624922611, 6359130.767807910218835 ], [ 614707.123285545501858, 6359211.334486415609717 ], [ 614641.353979860665277, 6359297.848164094612002 ], [ 614586.481394253205508, 6359364.446690909564495 ], [ 614503.864986384403892, 6359437.962865406647325 ], [ 614470.940546785248443, 6359477.921569855883718 ], [ 614470.657061193836853, 6359478.208167104050517 ], [ 614437.939327728818171, 6359511.284797180444002 ], [ 614405.167336504673585, 6359564.433533473871648 ], [ 614389.316459964727983, 6359637.174240479245782 ], [ 614373.694791726768017, 6359729.700417559593916 ], [ 614358.149139642133377, 6359828.821793631650507 ], [ 614370.041973245679401, 6359894.644782644696534 ], [ 614387.499219187768176, 6359960.403136669658124 ], [ 614404.574223979143426, 6359993.185473902150989 ], [ 614443.983001763001084, 6360032.30500090867281 ], [ 614450.082823541015387, 6360078.406708596274257 ], [ 614389.41071707487572, 6360125.282839115709066 ], [ 614339.408187717897817, 6360132.458409206941724 ], [ 614283.917701730504632, 6360146.293522775173187 ], [ 614172.628328981925733, 6360145.414885594509542 ], [ 614061.341622519423254, 6360146.70195740275085 ], [ 613999.612741630291566, 6360132.054443997330964 ], [ 613955.314640082651749, 6360121.542790500447154 ], [ 613850.277505108737387, 6360182.119883738458157 ], [ 613784.113757902057841, 6360235.651511250063777 ], [ 613673.965788790374063, 6360335.861867520958185 ], [ 613618.549294715747237, 6360356.288186802528799 ], [ 613569.683719699736685, 6360462.387572905048728 ], [ 613546.476852713385597, 6360528.199715880677104 ], [ 613499.620806082384661, 6360661.074973051436245 ], [ 613390.450151177938096, 6360847.019125118851662 ], [ 613325.415270746569149, 6360999.4749755281955 ], [ 613255.116039614076726, 6361178.374816499650478 ], [ 613189.925412283977494, 6361317.639263406395912 ], [ 613152.255701059941202, 6361430.203656235709786 ], [ 613119.923502551508136, 6361522.918674778193235 ], [ 613026.676068457541987, 6361642.715136812999845 ], [ 613005.094870843458921, 6361702.326433252543211 ], [ 612995.776081543182954, 6361860.737661233171821 ], [ 612997.059248746256344, 6361972.855219010263681 ], [ 612959.535393519792706, 6362098.608945304527879 ], [ 612977.439062572666444, 6362203.940451670438051 ], [ 613052.055376970791258, 6362400.966994106769562 ], [ 613103.656438968726434, 6362532.296400697901845 ], [ 613155.636629125336185, 6362696.601347921416163 ], [ 613168.237069059046917, 6362750.417620187625289 ], [ 613184.901538520702161, 6362821.590315990149975 ], [ 613248.621078703436069, 6363038.528496480546892 ], [ 613263.05239068355877, 6363063.503523298539221 ], [ 613305.415489714359865, 6363136.817287964746356 ], [ 613334.380553290480748, 6363235.425242315977812 ], [ 613319.119947918574326, 6363360.924619127064943 ], [ 613370.274750967044383, 6363452.681937005370855 ], [ 613477.168680319213308, 6363550.394740245305002 ], [ 613556.309094767901115, 6363655.021693614311516 ], [ 613563.239953688811511, 6363773.670287208631635 ], [ 613609.287669405923225, 6363905.061270697042346 ], [ 613638.333609107066877, 6364010.263455955311656 ], [ 613678.66499362362083, 6364128.527866926044226 ], [ 613775.195209992816672, 6364292.31723939999938 ], [ 613794.581109290360473, 6364349.159266183152795 ], [ 613815.529137825826183, 6364410.581011215224862 ], [ 613828.257928738021292, 6364548.950744823552668 ], [ 613835.648042575921863, 6364707.170035858638585 ], [ 613853.488355746143498, 6364805.904757251031697 ], [ 613938.817453466937877, 6364963.2256965264678 ], [ 613951.168119470472448, 6365068.619611205533147 ], [ 613982.121781185618602, 6365338.699203226715326 ], [ 614023.070518521824852, 6365509.723304303362966 ], [ 614136.930319805280305, 6365726.077749403193593 ], [ 614172.696204885724001, 6365930.141232509166002 ], [ 614203.428916937671602, 6366180.434714091010392 ], [ 614244.993828588048927, 6366404.218792079947889 ], [ 614325.307496204390191, 6366607.766959852539003 ], [ 614377.173675783327781, 6366758.875426354818046 ], [ 614378.622874252614565, 6366884.182824635878205 ], [ 614346.129076483426616, 6366963.710604041814804 ], [ 614280.987333722994663, 6367109.57564490288496 ], [ 614266.26351252628956, 6367281.241725428029895 ], [ 614279.381234432803467, 6367452.586225980892777 ], [ 614214.311081524356268, 6367605.045667822472751 ], [ 614182.73788767051883, 6367713.396403737366199 ], [ 614166.097035959013738, 6367770.502044623717666 ], [ 614072.951188777224161, 6367903.496365163475275 ], [ 614068.979212402016856, 6368042.057923469692469 ], [ 614009.850494232610799, 6368227.426966411992908 ], [ 613950.947146537946537, 6368432.581024946644902 ], [ 613857.108869592892006, 6368506.2168586011976 ], [ 613758.913087711436674, 6368685.437598558142781 ], [ 613699.622644146555103, 6368857.61415739171207 ], [ 613713.034311060910113, 6369055.339192025363445 ], [ 613715.383170366287231, 6369259.78718158043921 ], [ 613700.568624887149781, 6369424.856497366912663 ], [ 613724.968298398656771, 6369609.263248322531581 ], [ 613771.041413446655497, 6369740.653191374614835 ], [ 613733.038300088606775, 6369826.837276300415397 ], [ 613650.702916755108163, 6369933.318218846805394 ], [ 613629.861699168919586, 6370058.880634659901261 ], [ 613598.333908337983303, 6370224.141286676749587 ], [ 613599.041800447390415, 6370234.288467947393656 ], [ 613611.668340762145817, 6370415.270930394530296 ], [ 613646.678460818016902, 6370553.384195107966661 ], [ 613671.078836170490831, 6370737.790830632671714 ], [ 613610.864815528853796, 6370830.825045013800263 ], [ 613488.921924648457207, 6370884.99072945676744 ], [ 613293.657103326288052, 6370860.842632014304399 ], [ 613176.679656717693433, 6370862.180113552138209 ], [ 613060.756267860298976, 6370955.847324753180146 ], [ 613018.676482952665538, 6371173.993297150358558 ], [ 612998.576257070759311, 6371365.504537235014141 ], [ 612894.312640541465953, 6371505.207814417779446 ], [ 612795.766952352365479, 6371658.03658145852387 ], [ 612775.15132714738138, 6371706.101539018563926 ], [ 612736.064333544345573, 6371797.230447831563652 ], [ 612765.495038312044926, 6371935.409743323922157 ], [ 612828.878449527197517, 6372119.37381243146956 ], [ 612801.999218595214188, 6372205.42678046412766 ], [ 612691.402283056639135, 6372279.240318760275841 ], [ 612636.890374408918433, 6372385.394641447812319 ], [ 612615.879665430635214, 6372497.763885604217649 ], [ 612623.02499752456788, 6372636.196705896407366 ], [ 612652.755979360896163, 6372800.756394926458597 ], [ 612681.812867501052096, 6372905.960600370541215 ], [ 612750.171437815995887, 6373037.101197910495102 ], [ 612790.223090445855632, 6373128.98812073096633 ], [ 612741.356085999403149, 6373243.841179633513093 ], [ 612631.196292672655545, 6373357.223870301619172 ], [ 612515.91135207505431, 6373510.238746508955956 ], [ 612438.953002983238548, 6373603.454422568902373 ], [ 612323.587404855643399, 6373749.871757248416543 ], [ 612229.610609061433934, 6373816.895025199279189 ], [ 612108.219792702235281, 6373923.802537014707923 ], [ 611948.78965999907814, 6374116.884420096874237 ], [ 611822.563717012410052, 6374289.801495590247214 ], [ 611707.180806187796406, 6374436.21104951761663 ], [ 611575.151429181685671, 6374589.402435664087534 ], [ 611509.691283736843616, 6374715.459929487667978 ], [ 611454.485202441108413, 6374762.251561503857374 ], [ 611354.325962020782754, 6374774.401828769594431 ], [ 611265.387575727887452, 6374795.18768054060638 ], [ 611154.010737179778516, 6374803.032442934811115 ], [ 611003.99513749522157, 6374844.287767858244479 ], [ 610848.258317604195327, 6374872.413163492456079 ], [ 610670.083271138835698, 6374887.594724512659013 ], [ 610475.557236180640757, 6374935.934293454512954 ], [ 610347.53414393577259, 6374950.551210815086961 ], [ 610202.939414302585647, 6374978.542252840474248 ], [ 610093.236312298220582, 6375027.197418943047523 ], [ 610092.001217726035975, 6375028.111689803190529 ], [ 609976.218779871822335, 6375141.525090707466006 ], [ 609882.724765816004947, 6375254.690126335248351 ], [ 609805.507398683577776, 6375325.932606283575296 ], [ 609745.300957663799636, 6375425.536026247777045 ], [ 609701.957949030445889, 6375538.144139871932566 ], [ 609631.259093031520024, 6375697.224893580190837 ], [ 609588.132027432438917, 6375829.617423515766859 ], [ 609595.235007761977613, 6375968.050683747045696 ], [ 609591.191695024492219, 6376106.60704361833632 ], [ 609631.588924907147884, 6376231.480848272331059 ], [ 609593.741258257068694, 6376337.431609136983752 ], [ 609539.536309303133748, 6376476.541754897683859 ], [ 609501.613836102187634, 6376575.897150156088173 ], [ 609469.336826994316652, 6376681.785809608176351 ], [ 609436.913531095255166, 6376774.484483163803816 ], [ 609365.620879207039252, 6376882.969450844451785 ], [ 609315.966331123723648, 6376929.68690731562674 ], [ 609260.882656335481443, 6376989.655526985414326 ], [ 609189.438388670794666, 6377080.616170014254749 ], [ 609123.713113879552111, 6377186.87135373800993 ], [ 609064.067510876338929, 6377339.229652745649219 ], [ 608905.245304389158264, 6377598.208370042033494 ], [ 608718.543642060831189, 6377857.489379700273275 ], [ 608583.58794892183505, 6378261.307151326909661 ], [ 608478.150762063451111, 6378816.502057194709778 ], [ 608408.486525692045689, 6379074.496591745875776 ], [ 608288.499270179774612, 6379319.847603650763631 ], [ 608146.01762820314616, 6379567.557769902050495 ], [ 607960.161284741247073, 6379890.653829611837864 ], [ 607796.478568089660257, 6380222.216786807402968 ], [ 607649.297345025581308, 6380533.810571189969778 ], [ 607646.378626970108598, 6380539.194568632170558 ], [ 607512.616117634112015, 6380785.926910106092691 ], [ 607447.845115052768961, 6380984.49830889608711 ], [ 607427.465999829350039, 6381162.802289159037173 ], [ 607318.223522825632244, 6381375.044498579576612 ], [ 607224.993720580125228, 6381521.155756928026676 ], [ 607154.208606709144078, 6381680.215335461311042 ], [ 607100.150451396242715, 6381839.09420839138329 ], [ 607085.055071311304346, 6381990.95735685992986 ], [ 607013.058298406074755, 6382040.068650724366307 ], [ 607002.078571061370894, 6382037.757741199806333 ], [ 606923.620920288260095, 6382021.243992427363992 ], [ 606858.520603297045454, 6382012.898830620571971 ], [ 606842.628780134720728, 6382010.861631679348648 ], [ 606828.678212658734992, 6382009.073311092332006 ], [ 606821.635741633130237, 6382006.659579858183861 ], [ 606772.700460571330041, 6381989.887610322795808 ], [ 606710.79263912641909, 6381937.786994093097746 ], [ 606621.568938744137995, 6381938.744307362474501 ], [ 606543.356937470263802, 6381926.391494391486049 ], [ 606482.086394779733382, 6381933.643658626824617 ], [ 606415.168756767525338, 6381934.360179055482149 ], [ 606348.251125693204813, 6381935.076248883269727 ], [ 606275.756986306165345, 6381935.85148320812732 ], [ 606197.756788188125938, 6381943.280603036284447 ], [ 606108.603641982190311, 6381950.828262101858854 ], [ 606025.167485092999414, 6381971.505330390296876 ], [ 605975.049472042475827, 6381978.635401915758848 ], [ 605875.79958246240858, 6381996.550845542922616 ], [ 605797.494059356162325, 6382010.684958633966744 ], [ 605756.244548418559134, 6382012.297020748257637 ], [ 605467.166208136943169, 6382023.589818125590682 ], [ 605357.060318188276142, 6382042.952026877552271 ], [ 605346.165559978922829, 6382045.173899743705988 ], [ 605346.085385632934049, 6382045.190271938219666 ], [ 605345.613225305918604, 6382045.28652604110539 ], [ 605345.423500841599889, 6382045.325236365199089 ], [ 605345.25566788285505, 6382045.359501438215375 ], [ 605344.84693691029679, 6382045.442887026816607 ], [ 605344.421178552205674, 6382045.529668439179659 ], [ 605344.136217448860407, 6382045.587793298065662 ], [ 605343.870808947249316, 6382045.641941184177995 ], [ 605343.371892941533588, 6382045.743689859285951 ], [ 605343.109945922158659, 6382045.797135791741312 ], [ 605343.026777630439028, 6382045.81409406568855 ], [ 605341.841466248384677, 6382046.055834271013737 ], [ 605198.78361192997545, 6382075.229077899828553 ], [ 605144.722876122454181, 6382099.59616843611002 ], [ 605082.676993837114424, 6382127.562013141810894 ], [ 605039.871939950971864, 6382146.855049097910523 ], [ 604978.877905286266468, 6382180.477419033646584 ], [ 604889.722004142124206, 6382188.013958782888949 ], [ 604728.626078888541088, 6382249.07275328785181 ], [ 604656.546462519443594, 6382289.405397234484553 ], [ 604561.951552406768315, 6382310.187530476599932 ], [ 604535.237185330712236, 6382313.983969004824758 ], [ 604497.937041950644925, 6382319.284527566283941 ], [ 604461.710372672765516, 6382324.432411069050431 ], [ 604361.330499904230237, 6382325.486520661972463 ], [ 604277.40390845562797, 6382299.984668107703328 ], [ 604148.933826627093367, 6382281.544357081875205 ], [ 604087.521796542219818, 6382275.591914164833724 ], [ 603998.295672663720325, 6382276.52560443431139 ], [ 603954.027418303769082, 6382309.966457296162844 ], [ 603903.837665402796119, 6382310.491077238693833 ], [ 603814.3358351837378, 6382285.043625444173813 ], [ 603752.786421081982553, 6382265.899378740228713 ], [ 603685.729471298400313, 6382253.407728368416429 ], [ 603596.228870167164132, 6382227.958337626419961 ], [ 603529.240985584910959, 6382222.06045715790242 ], [ 603389.894801291404292, 6382230.10610859002918 ], [ 603272.512330723344348, 6382204.943629825487733 ], [ 603155.130501783802174, 6382179.779890384525061 ], [ 603076.921918041072786, 6382167.399878697469831 ], [ 603021.019727056147531, 6382154.788145244121552 ], [ 602974.093048787093721, 6382146.054468833841383 ], [ 602909.283766845241189, 6382133.992279857397079 ], [ 602875.142174862558022, 6382068.389913955703378 ], [ 602857.457507168524899, 6381976.234795397147536 ], [ 602817.336872243206017, 6381953.928180884569883 ], [ 602756.468150524306111, 6381920.085349393077195 ], [ 602694.718854845268652, 6381881.150005239062011 ], [ 602588.835534995188937, 6381888.838853009045124 ], [ 602533.071647281874903, 6381889.414150677621365 ], [ 602415.967451304197311, 6381890.621257757768035 ], [ 602321.440333244740032, 6381917.976870676502585 ], [ 602307.222378232516348, 6381931.181265676394105 ], [ 602256.266745752072893, 6381978.503578108735383 ], [ 602249.625357783981599, 6381984.671334381215274 ], [ 602149.791571192676201, 6382038.462057303637266 ], [ 602049.889034048188478, 6382085.656946200877428 ], [ 601917.067206608597189, 6382185.952683802694082 ], [ 601856.130525428219698, 6382226.150421913713217 ], [ 601750.513151929830201, 6382260.209635075181723 ], [ 601684.066249624476768, 6382307.058148510754108 ], [ 601600.888772689853795, 6382354.077278781682253 ], [ 601495.134603995364159, 6382374.943912606686354 ], [ 601424.636772969388403, 6382362.523333569988608 ], [ 601394.060779449413531, 6382357.136236826889217 ], [ 601388.976540189236403, 6382356.240438957698643 ], [ 601260.579587865620852, 6382344.357833132147789 ], [ 601193.592960323439911, 6382338.444234265945852 ], [ 601048.734765427652746, 6382353.108533376827836 ], [ 600970.862893699784763, 6382373.68626138009131 ], [ 600876.39454132958781, 6382407.622802347876132 ], [ 600797.368303086841479, 6382446.414292888715863 ], [ 600760.086944803013466, 6382485.781952016055584 ], [ 600710.346103967865929, 6382515.877079593017697 ], [ 600693.567177950870246, 6382526.028897400945425 ], [ 600615.159444181830622, 6382493.84508178755641 ], [ 600442.748014254495502, 6382541.756704958155751 ], [ 600353.719994687475264, 6382562.442186856642365 ], [ 600276.111236135824583, 6382609.393728066235781 ], [ 600198.96682407381013, 6382702.508417697623372 ], [ 600138.086813606321812, 6382749.290234693326056 ], [ 600078.732585812802427, 6382947.75269440561533 ], [ 600063.063360944506712, 6383053.43841627240181 ], [ 600052.838177249999717, 6383145.878220174461603 ], [ 599931.070567181915976, 6383239.439451085403562 ], [ 599876.292827247641981, 6383338.921959346160293 ], [ 599855.242008039262146, 6383464.447639834135771 ], [ 599873.629151255358011, 6383629.150251587852836 ], [ 599829.87092751218006, 6383715.330854701809585 ], [ 599783.960731337661855, 6383719.413728307001293 ], [ 599746.276389296283014, 6383722.764966604299843 ], [ 599690.106065068626776, 6383683.755155571736395 ], [ 599630.793269627261907, 6383637.955574084073305 ], [ 599622.64932961971499, 6383631.667010290548205 ], [ 599538.857424401678145, 6383619.314886637032032 ], [ 599523.181211439426988, 6383724.999490139074624 ], [ 599468.132816524826922, 6383798.10036838799715 ], [ 599346.02230939141009, 6383858.679793393239379 ], [ 599274.612511140177958, 6383863.066019103862345 ], [ 599217.806728262570687, 6383866.554919212125242 ], [ 599122.661456094123423, 6383834.526018235832453 ], [ 598965.968410996254534, 6383783.322391638532281 ], [ 598934.487743402365595, 6383769.736678199842572 ], [ 598876.336694853729568, 6383744.640926064923406 ], [ 598832.110792833380401, 6383784.653185108676553 ], [ 598777.188067293609492, 6383870.939719250425696 ], [ 598767.015184196876362, 6383969.972646133974195 ], [ 598779.676304089836776, 6384121.542502405121922 ], [ 598819.439912443049252, 6384193.697700785472989 ], [ 598842.73317838087678, 6384292.398104417137802 ], [ 598860.776797683909535, 6384424.128058604896069 ], [ 598884.136453352402896, 6384529.423214560374618 ], [ 598862.873535591876134, 6384635.161865688860416 ], [ 598897.848274249234237, 6384786.50979580450803 ], [ 598943.914506199304014, 6384931.151828315109015 ], [ 598978.825739684747532, 6385075.904720913618803 ], [ 598969.505707092932425, 6385260.67012589238584 ], [ 598993.196045747143216, 6385398.939013091847301 ], [ 598967.009386857505888, 6385570.681049748323858 ], [ 598952.044157103635371, 6385748.907014113850892 ], [ 599021.019820672692731, 6385952.679971155710518 ], [ 599032.760345523594879, 6386042.337011208757758 ], [ 599045.171357427956536, 6386137.112241961061954 ], [ 599024.824215633096173, 6386335.177876976318657 ], [ 598992.20349946571514, 6386421.243022352457047 ], [ 598959.713369335746393, 6386520.497606817632914 ], [ 598961.089739939663559, 6386658.988144084811211 ], [ 598883.572954374714755, 6386719.117177058011293 ], [ 598833.950581947574392, 6386778.968645108863711 ], [ 598806.971315721631981, 6386871.572515953332186 ], [ 598841.427919465233572, 6386970.162088241428137 ], [ 598936.732746180845425, 6387015.383687326684594 ], [ 599076.803590633906424, 6387073.350129157304764 ], [ 599155.963584773940966, 6387178.08926662709564 ], [ 599330.895273228292353, 6387374.209362605586648 ], [ 599454.037691870937124, 6387412.553155887871981 ], [ 599544.165573996840976, 6387497.393601542338729 ], [ 599696.594133605249226, 6387673.946109936572611 ], [ 599786.26398653187789, 6387712.621018352918327 ], [ 599805.091843617963605, 6387713.399539133533835 ], [ 599914.661329899798147, 6387717.929374 ], [ 599998.686686862027273, 6387750.063521025702357 ], [ 600009.720019231666811, 6387761.522467684000731 ], [ 600162.220282701891847, 6387919.902268121950328 ], [ 600336.520571001223288, 6388050.057445113547146 ], [ 600432.042229785118252, 6388115.049496666528285 ], [ 600521.985307360999286, 6388180.09695706423372 ], [ 600712.634867635671981, 6388270.508105844259262 ], [ 600802.914732210105285, 6388368.527085327543318 ], [ 600903.888961598975584, 6388420.268706133589149 ], [ 601011.112915269215591, 6388537.900625008158386 ], [ 601090.037193261203356, 6388616.245918702334166 ], [ 601191.618194179958664, 6388727.33773478679359 ], [ 601281.705868272460066, 6388805.568224749527872 ], [ 601399.830579167930409, 6388896.703525427728891 ], [ 601518.091820505447686, 6389001.027152714319527 ], [ 601585.795597126241773, 6389072.887387710623443 ], [ 601614.504532780498266, 6389151.740489917807281 ], [ 601710.516289542429149, 6389262.884217213839293 ], [ 601828.313443922786973, 6389321.04061855841428 ], [ 601838.134240505751222, 6389320.940277790650725 ], [ 601928.76324042363558, 6389320.013848912902176 ], [ 602001.37786376348231, 6389325.866506863385439 ], [ 602013.596459659398533, 6389351.641848200932145 ], [ 602035.603799503296614, 6389398.066512329503894 ], [ 602019.536988590611145, 6389464.185766091570258 ], [ 601975.701614084420726, 6389543.780064579099417 ], [ 602037.764132639276795, 6389609.099707523360848 ], [ 602144.473425093921833, 6389673.96169557608664 ], [ 602212.18621430080384, 6389745.817833364009857 ], [ 602284.871825447422452, 6389760.42948517203331 ], [ 602368.448373533203267, 6389746.38059510756284 ], [ 602467.717373464023694, 6389718.211149031296372 ], [ 602474.212220138637349, 6389716.745712388306856 ], [ 602542.063417904893868, 6389801.789363035000861 ], [ 602616.4470441902522, 6389979.102170761674643 ], [ 602690.357693593017757, 6390110.25098511390388 ], [ 602870.106521738227457, 6390220.521301154047251 ], [ 602976.691674169385806, 6390272.184934249147773 ], [ 603083.550691789248958, 6390350.226611635647714 ], [ 603097.309418824734166, 6390353.498600011691451 ], [ 603189.865376378293149, 6390375.508854702115059 ], [ 603211.893137899925932, 6390396.754680227488279 ], [ 603223.693671186105348, 6390408.136235324665904 ], [ 603274.880470088450238, 6390499.943154087290168 ], [ 603342.470407358370721, 6390558.602404899895191 ], [ 603459.882165187969804, 6390577.171402560546994 ], [ 603510.45594206370879, 6390609.623985601589084 ], [ 603528.021398389944807, 6390688.587764910422266 ], [ 603563.084665323258378, 6390839.92026795912534 ], [ 603614.139734996249899, 6390918.535942904651165 ], [ 603687.041651699692011, 6390950.755791639909148 ], [ 603826.990735061001033, 6390988.872758558019996 ], [ 603844.818503533955663, 6390981.635991610586643 ], [ 603927.04549067246262, 6390948.257518585771322 ], [ 603999.123415403999388, 6390901.337478873319924 ], [ 604104.96466033696197, 6390880.446530500426888 ], [ 604131.693234112579376, 6390898.08949157781899 ], [ 604144.310338329756632, 6390906.417764641344547 ], [ 604167.256165913306177, 6390965.537795674055815 ], [ 604184.965240249177441, 6391057.690002519637346 ], [ 604146.789631757303141, 6391143.830460762605071 ], [ 604198.333143675117753, 6391268.606873235665262 ], [ 604238.300777086755261, 6391353.930956047028303 ], [ 604200.055566624272615, 6391433.476717654615641 ], [ 604206.739653440192342, 6391538.935161141678691 ], [ 604207.841997162438929, 6391644.451791832223535 ], [ 604186.754322268301621, 6391763.391319697722793 ], [ 604176.692361545749009, 6391869.024506459012628 ], [ 604160.979170448612422, 6391968.121216560713947 ], [ 604145.541091563762166, 6392093.597016133368015 ], [ 604118.869236954604276, 6392212.594439970329404 ], [ 604098.19182813866064, 6392371.102313656359911 ], [ 604105.012709249160253, 6392489.750121394172311 ], [ 604111.902402599807829, 6392614.992743988521397 ], [ 604101.425573804648593, 6392681.057126950472593 ], [ 604057.866241250769235, 6392787.039379581809044 ], [ 604075.9205444061663, 6392912.165534539148211 ], [ 604110.654538328410126, 6393030.522109816782176 ], [ 604072.676269740331918, 6393136.446209738962352 ], [ 604023.94401846837718, 6393282.055032419040799 ], [ 604091.350292185787112, 6393320.925303999334574 ], [ 604125.535180926555768, 6393386.52362410351634 ], [ 604109.405670544831082, 6393446.051338415592909 ], [ 604060.190961469314061, 6393545.496807845309377 ], [ 604034.875278630526736, 6393589.250004947185516 ], [ 604021.797693412867375, 6393611.851960958912969 ], [ 603938.259016327909194, 6393632.508580038323998 ], [ 603753.540595542406663, 6393588.26200658082962 ], [ 603658.013866901863366, 6393529.89514716155827 ], [ 603612.665790321305394, 6393464.411221794784069 ], [ 603573.301341261249036, 6393418.878679492510855 ], [ 603544.850154744810425, 6393385.969151135534048 ], [ 603400.037753206212074, 6393420.447839481756091 ], [ 603299.205007491749711, 6393388.514514130540192 ], [ 603273.679999252781272, 6393382.555443940684199 ], [ 603136.893708241754211, 6393350.620258584618568 ], [ 603058.39369483536575, 6393318.453861226327717 ], [ 602968.660700410138816, 6393279.807129277847707 ], [ 602816.227244948851876, 6393116.492035119794309 ], [ 602619.685824725427665, 6393039.892748711630702 ], [ 602535.941234037978575, 6393007.252871329896152 ], [ 602407.337895413511433, 6392988.787078903988004 ], [ 602245.712593274423853, 6393016.826120934449136 ], [ 602083.884095365763642, 6393025.078200995922089 ], [ 601972.433848628192209, 6393046.004007278941572 ], [ 601877.663730122614652, 6393060.162793789990246 ], [ 601799.910337820416316, 6393100.528857814148068 ], [ 601677.293420528876595, 6393121.56521516200155 ], [ 601571.356909351889044, 6393135.834810627624393 ], [ 601432.259167964104563, 6393183.417447928339243 ], [ 601354.101278202841058, 6393184.211487475782633 ], [ 601259.329169925535098, 6393198.364456815645099 ], [ 601165.292133772862144, 6393285.058540093712509 ], [ 601126.947924713371322, 6393357.996811035089195 ], [ 601144.364552538609132, 6393423.774527985602617 ], [ 601206.310690839542076, 6393475.910072323866189 ], [ 601246.059701179037802, 6393541.461162826046348 ], [ 601230.04666012164671, 6393614.173254345543683 ], [ 601141.254227960598655, 6393667.836694302037358 ], [ 601041.495032480568625, 6393741.396620681509376 ], [ 600981.683087778626941, 6393900.291762063279748 ], [ 600904.586197957280092, 6394006.59800779633224 ], [ 600928.052214547176845, 6394118.482794908806682 ], [ 600934.502223721356131, 6394204.157830493524671 ], [ 600834.336412151576951, 6394238.147074030712247 ], [ 600827.143576116999611, 6394242.780338058248162 ], [ 600751.119540516054258, 6394291.750416690483689 ], [ 600757.900829147663899, 6394410.399325709789991 ], [ 600870.834223106503487, 6394534.571736157871783 ], [ 601044.98904686619062, 6394638.33733806014061 ], [ 601168.494399213115685, 6394703.040849607437849 ], [ 601213.764462496852502, 6394761.940821984782815 ], [ 601326.172154457890429, 6394833.35040601156652 ], [ 601388.12768990569748, 6394885.484847059473395 ], [ 601495.15547451749444, 6394976.733411160297692 ], [ 601553.550484686042182, 6395037.875415295362473 ], [ 601613.68823066551704, 6395100.840957386419177 ], [ 601703.834535288624465, 6395179.068435605615377 ], [ 601788.465644086711109, 6395263.946602310985327 ], [ 601856.548148619942367, 6395368.779290158301592 ], [ 601951.878879190888256, 6395407.379155935719609 ], [ 602036.10979479982052, 6395452.687012078240514 ], [ 602176.181532642571256, 6395497.422994322143495 ], [ 602267.872958045452833, 6395532.439378664828837 ], [ 602277.098884970415384, 6395535.962687017396092 ], [ 602372.297769161639735, 6395561.36925251968205 ], [ 602439.373923572013155, 6395567.27693238388747 ], [ 602484.384621067205444, 6395599.792416160926223 ], [ 602540.766880885581486, 6395651.977211792953312 ], [ 602625.13816052256152, 6395710.469677047803998 ], [ 602777.538267663214356, 6395867.19320999737829 ], [ 602834.059335115016438, 6395932.565990263596177 ], [ 602912.442752060713246, 6395951.545059690251946 ], [ 603024.672318245051429, 6396003.15177745372057 ], [ 602998.042598622385412, 6396128.739729491993785 ], [ 603016.155745868803933, 6396260.461809092201293 ], [ 602978.627940741833299, 6396412.543726875446737 ], [ 602952.200166230788454, 6396557.915579026564956 ], [ 602931.084536398644559, 6396676.85097716934979 ], [ 602882.044588974909857, 6396796.073720316402614 ], [ 602894.436337142717093, 6396914.663928249850869 ], [ 602884.761910640401766, 6396988.708054151386023 ], [ 602878.903994051157497, 6397033.541504079475999 ], [ 602852.065507138962857, 6397139.344648966565728 ], [ 602803.022201975341886, 6397258.566843805834651 ], [ 602765.147705291281454, 6397377.674015962518752 ], [ 602755.46912953001447, 6397522.872721277177334 ], [ 602795.921619319356978, 6397654.365232821553946 ], [ 602829.636460028123111, 6397673.8046495616436 ], [ 602875.200661381240934, 6397761.242309831082821 ], [ 602764.172936780261807, 6397828.338490227237344 ], [ 602680.257772552547976, 6397816.009978910908103 ], [ 602534.904405811103061, 6397804.311154001392424 ], [ 602344.869131084531546, 6397793.067799830809236 ], [ 602304.628092151717283, 6397782.709589095786214 ], [ 602221.655567318433896, 6397761.351594351232052 ], [ 602093.126952509628609, 6397756.069671344012022 ], [ 601996.629731600754894, 6397764.412021338939667 ], [ 601920.118070206255652, 6397771.025966085493565 ], [ 601780.486241762060672, 6397772.44867655262351 ], [ 601607.677991508040577, 6397807.183716089464724 ], [ 601512.862000777502544, 6397821.337805917486548 ], [ 601440.253132522339001, 6397822.074891505762935 ], [ 601362.393667203607038, 6397853.675552310422063 ], [ 601245.569660510169342, 6397901.027162684127688 ], [ 601178.478801423101686, 6397895.111006109043956 ], [ 601105.788428818341345, 6397895.846468830481172 ], [ 601072.357477581128478, 6397896.184537220746279 ], [ 600988.843975930474699, 6397923.410174656659365 ], [ 600945.026915136259049, 6398009.592499641701579 ], [ 600906.994156437809579, 6398115.502485655248165 ], [ 600857.456574724637903, 6398190.717451278120279 ], [ 600734.310316473362036, 6398163.411466746591032 ], [ 600650.926513747195713, 6398203.823579386807978 ], [ 600595.469687393866479, 6398243.953902091830969 ], [ 600579.641890051076189, 6398336.44817884080112 ], [ 600530.233826743555255, 6398422.684801586903632 ], [ 600486.476779762888327, 6398515.459648218937218 ], [ 600492.725199953420088, 6398581.35051001328975 ], [ 600465.326713445829228, 6398634.388668303377926 ], [ 600405.075622264062986, 6398753.71018591709435 ], [ 600416.366425681160763, 6398813.545412072911859 ], [ 600428.677215252071619, 6398878.784895933233202 ], [ 600457.798977167694829, 6398997.208802403882146 ], [ 600436.448697362793609, 6399096.35343006812036 ], [ 600398.737076264689676, 6399235.234545486047864 ], [ 600405.580990081652999, 6399360.477351630106568 ], [ 600423.067811326589435, 6399432.850638436153531 ], [ 600485.244625044753775, 6399504.775020356290042 ], [ 600536.647414192324504, 6399616.379413145594299 ], [ 600637.930469648679718, 6399687.909764037467539 ], [ 600777.98729951295536, 6399726.071764385327697 ], [ 600879.406158338766545, 6399810.789093652740121 ], [ 600997.386375305708498, 6399875.552134200930595 ], [ 601109.381793429260142, 6399900.802188314497471 ], [ 601160.126712403725833, 6399946.456712298095226 ], [ 601221.711366076720878, 6399959.024473123252392 ], [ 601333.975567213376053, 6400010.650784646160901 ], [ 601389.90755551669281, 6400016.679481830447912 ], [ 601429.347551060956903, 6400049.256431858986616 ], [ 601485.547427640995011, 6400081.663339856080711 ], [ 601541.747673398000188, 6400114.069828907027841 ], [ 601586.975995116401464, 6400166.373691831715405 ], [ 601626.685183360474184, 6400225.328626466915011 ], [ 601711.02116713905707, 6400277.234628586098552 ], [ 601806.732749388436787, 6400348.810136744752526 ], [ 601852.164901559706777, 6400420.896844380535185 ], [ 601919.944860226125456, 6400492.755743280053139 ], [ 602037.872829058440402, 6400550.912189269438386 ], [ 602049.799171507591382, 6400561.946471816860139 ], [ 602122.482958284323104, 6400629.193455007858574 ], [ 602111.982198221841827, 6400695.254339341074228 ], [ 602101.413991288165562, 6400754.720574374310672 ], [ 602063.516177971963771, 6400873.823840843513608 ], [ 602037.127660253550857, 6401025.786454321816564 ], [ 601992.699773471220396, 6401052.620812207460403 ], [ 601909.296075836755335, 6401093.042775719426572 ], [ 601876.646028453600593, 6401179.114850660786033 ], [ 601910.97491209115833, 6401257.909788481891155 ], [ 601928.542472618981265, 6401336.875223023816943 ], [ 601935.070088990381919, 6401429.143791581504047 ], [ 601918.845317066530697, 6401482.072008359245956 ], [ 601908.20778152323328, 6401534.943192872218788 ], [ 601869.498917814460583, 6401574.909377636387944 ], [ 601825.873051202390343, 6401680.878977209329605 ], [ 601804.462223986862227, 6401773.431832956150174 ], [ 601793.957831955398433, 6401839.492193294689059 ], [ 601760.633696481236257, 6401859.617123493924737 ], [ 601705.160178225603886, 6401899.75299587007612 ], [ 601661.196266469196416, 6401972.748353260569274 ], [ 601656.546134610660374, 6402065.130559276789427 ], [ 601629.210370816872455, 6402124.76627866178751 ], [ 601574.537636947352439, 6402244.037345012649894 ], [ 601570.421774963848293, 6402389.176763131283224 ], [ 601499.451035228790715, 6402554.780048875138164 ], [ 601466.792174215894192, 6402640.850511606782675 ], [ 601460.396934372140095, 6402678.927936853840947 ], [ 601445.709651689743623, 6402766.375579442828894 ], [ 601402.207159367273562, 6402885.532226165756583 ], [ 601381.189939477364533, 6403017.65168200340122 ], [ 601466.081967602483928, 6403122.317350531928241 ], [ 601567.205687667941675, 6403174.05495838355273 ], [ 601580.271239996654913, 6403183.342386417090893 ], [ 601640.388857840443961, 6403226.075180505402386 ], [ 601659.780945712584071, 6403274.211631748825312 ], [ 601674.789084074785933, 6403311.465428335592151 ], [ 601692.424589767702855, 6403397.025800811126828 ], [ 601766.213060452020727, 6403508.397104539908469 ], [ 601855.896986357518472, 6403533.866833601146936 ], [ 601984.70087835052982, 6403558.937532063573599 ], [ 602046.577507584239356, 6403597.879364836961031 ], [ 602080.982470632530749, 6403683.268290127627552 ], [ 602065.560601445264183, 6403815.332370899617672 ], [ 602022.731977179180831, 6404000.438137112185359 ], [ 602017.681814578478225, 6404044.622163884341717 ], [ 601997.070976077811792, 6404224.940964149311185 ], [ 601860.030839792103507, 6404490.148529831320047 ], [ 601613.205883556744084, 6404954.327457044273615 ], [ 601383.192658406449482, 6405424.924397797323763 ], [ 601252.582671211799607, 6405852.51033522374928 ], [ 600783.610568593954667, 6407387.473502496257424 ], [ 600728.322027578018606, 6407568.399936052039266 ], [ 600360.909318210091442, 6408359.87418126501143 ], [ 600356.135189724969678, 6408370.157658964395523 ], [ 599511.940517175127752, 6410059.371015913784504 ], [ 599232.046160417958163, 6410619.284919015131891 ], [ 599110.706509970128536, 6410789.793129097670317 ], [ 598950.927576210815459, 6411037.557097874581814 ], [ 598801.159105309750885, 6411164.340491685084999 ], [ 598496.989265983807854, 6411514.707677843980491 ], [ 598231.819433640106581, 6411853.658797215670347 ], [ 598150.307234415784478, 6412098.477006592787802 ], [ 598040.244957067188807, 6412284.216536406427622 ], [ 597940.915336668840609, 6412423.683860110118985 ], [ 597747.135388129157946, 6412630.020957332104445 ], [ 597513.936185675789602, 6412810.356006904505193 ], [ 597286.960829120362177, 6413056.57660159189254 ], [ 597028.89384701452218, 6413560.301966644823551 ], [ 596677.472889720927924, 6414249.581228047609329 ], [ 596500.098080044030212, 6414422.758420255966485 ], [ 596217.114378007361665, 6414669.48950167838484 ], [ 595708.560188366915099, 6415320.662190052680671 ], [ 595532.089217218570411, 6415592.738402551971376 ], [ 595478.766953670768999, 6415870.238064518198371 ], [ 595414.563394939759746, 6416180.815856896340847 ], [ 595310.998684134799987, 6416471.980665726587176 ], [ 594588.511014300980605, 6417599.957130278460681 ], [ 593353.384177727857605, 6420203.325217094272375 ], [ 593116.036974493064918, 6420568.245985044166446 ], [ 593033.591403273399919, 6420733.882089510560036 ], [ 592968.606251645833254, 6420971.901073066517711 ], [ 592814.73591836495325, 6421509.698138479143381 ], [ 592067.026070395717397, 6424122.125707495957613 ], [ 591704.303290459793061, 6425388.897862397134304 ], [ 591651.933531986433081, 6425648.761034111492336 ], [ 590851.777828603517264, 6429617.324250879697502 ], [ 590697.974914123187773, 6429961.637530428357422 ], [ 590537.9082138647791, 6430233.460740042850375 ], [ 590293.723618503892794, 6430499.43786652199924 ], [ 589703.280647676088847, 6430900.382737690582871 ], [ 589067.539282010635361, 6431340.157073974609375 ], [ 586010.379772133775987, 6433453.840770993381739 ], [ 583027.63427881617099, 6435514.310230802744627 ], [ 582174.727525118039921, 6436114.782103340141475 ], [ 581273.905017026583664, 6437045.292940367013216 ], [ 580295.823586934013292, 6438154.383166752755642 ], [ 578475.409038742538542, 6440350.576996413990855 ], [ 578423.349217729526572, 6440413.363994848914444 ], [ 577467.515450778068043, 6441565.962146949023008 ], [ 577262.932514291256666, 6441956.59559909440577 ], [ 575777.372548239538446, 6446610.269033811986446 ], [ 575807.989368232432753, 6446952.949594991281629 ], [ 576105.969977160915732, 6448080.551844595000148 ], [ 577229.476975259603932, 6452329.875669620931149 ], [ 577213.141410927753896, 6453879.675257889553905 ], [ 577257.621348934597336, 6454095.799517119303346 ], [ 577702.859984762850218, 6456258.701633710414171 ], [ 578636.804252555477433, 6460792.85810774564743 ], [ 578384.862644857959822, 6461652.053993595764041 ], [ 578014.699816511478275, 6462724.007744124159217 ], [ 577873.416223940788768, 6463133.084106298163533 ], [ 577709.985012778895907, 6463802.535025578923523 ], [ 576711.677657619817182, 6467889.716318918392062 ], [ 573535.721142556751147, 6472040.942109478637576 ], [ 573452.605167150264606, 6472219.578830590471625 ], [ 573429.090468431240879, 6472894.532768566161394 ], [ 573303.164760736282915, 6476506.810407163575292 ], [ 573286.058839086443186, 6477265.250816456973553 ], [ 573766.33990022551734, 6480654.145636081695557 ], [ 573937.138943264144473, 6481858.831043094396591 ], [ 574062.934732757974416, 6482745.935517281293869 ], [ 574083.341250843717717, 6487853.13724192045629 ], [ 574084.089748684200458, 6488040.769119585864246 ], [ 572904.915689435438253, 6490493.954508375376463 ], [ 572880.834972264710814, 6490544.03851630166173 ], [ 571917.788646291010082, 6492546.56102444883436 ], [ 571988.735853329184465, 6492628.184940965846181 ], [ 571986.026109289028682, 6492633.970302361994982 ], [ 572304.286125833634287, 6492902.465260294266045 ], [ 572622.562605341430753, 6493170.950507569126785 ], [ 582055.636492441757582, 6501117.638979440554976 ], [ 582291.299570565810427, 6501315.904509233310819 ], [ 582917.934846509015188, 6501843.03631523437798 ], [ 583130.488903424236923, 6502580.754869315773249 ], [ 584304.149993411032483, 6506652.366761508397758 ], [ 586418.869475139421411, 6513980.763939930126071 ], [ 589319.37171754532028, 6524015.832850799895823 ], [ 592748.204705587471835, 6535854.563674916513264 ], [ 596071.586384282796644, 6547304.398917322978377 ], [ 598127.395136978942901, 6554375.038169967010617 ], [ 601164.938291280646808, 6564805.416814709082246 ], [ 603320.086772376787849, 6572193.762491565197706 ], [ 606157.909089528373443, 6581907.348626002669334 ], [ 609018.207318253116682, 6591680.618155459873378 ], [ 610634.103546646656469, 6597194.3310382142663 ], [ 610708.832533521694131, 6597449.186923082917929 ], [ 610712.241260437294841, 6597460.811917087063193 ], [ 610896.623613629955798, 6598089.578892670571804 ], [ 610714.780442460556515, 6598286.600088538601995 ], [ 597517.725259307771921, 6612556.935750344768167 ], [ 593640.239701137761585, 6616739.235495413653553 ], [ 588238.691189264412969, 6622557.494497288018465 ], [ 586007.995192069560289, 6624957.6036481205374 ], [ 583446.531937520601787, 6627711.676974268630147 ], [ 583532.830791976768523, 6628270.963101511821151 ], [ 588034.248438008595258, 6657372.794519746676087 ], [ 588612.707254541455768, 6661102.555581441149116 ], [ 589951.955679913284257, 6669729.076947752386332 ], [ 591282.80379512370564, 6678289.631088180467486 ], [ 591386.510476027848199, 6678956.220965416170657 ], [ 592955.18793256522622, 6689030.4681466948241 ], [ 594530.320419667405076, 6699129.939289653673768 ], [ 595031.45830785878934, 6702339.761257503181696 ], [ 595532.163997263647616, 6705545.190788739360869 ], [ 596593.533113288227469, 6712334.54262780956924 ], [ 597149.114687686902471, 6715885.595306363888085 ], [ 597226.721292342990637, 6716381.467793272808194 ], [ 597350.936767439241521, 6717175.067718314938247 ], [ 597465.003283112426288, 6717903.748839652165771 ], [ 597482.988071899395436, 6718018.628581838682294 ], [ 597525.000324221793562, 6718286.983709299936891 ], [ 597829.037703880341724, 6720228.702226495370269 ], [ 597893.301378329982981, 6720639.043423648923635 ], [ 597935.092464016401209, 6720905.877007061615586 ], [ 598087.646093832678162, 6721879.82752332650125 ], [ 598102.641824607271701, 6721975.556947506964207 ], [ 598671.042980270925909, 6725603.054368477314711 ], [ 598791.767598934005946, 6726373.246788969263434 ], [ 598923.913564360002056, 6727216.19861591886729 ], [ 599291.401232262724079, 6729559.802044088020921 ], [ 599300.863180492888205, 6729620.1333476761356 ], [ 599301.02364501170814, 6729621.156448435969651 ], [ 599744.325151229393668, 6732447.090607663616538 ], [ 599927.480493207229301, 6733614.298068048432469 ], [ 600123.90483259037137, 6734865.831276034004986 ], [ 600151.316587257548235, 6735040.468078983947635 ], [ 600275.463897373876534, 6735831.335852988064289 ], [ 600768.071851865504868, 6738968.492852659896016 ], [ 600819.587080389726907, 6739296.477733202278614 ], [ 601237.431406643241644, 6741956.179094044491649 ], [ 601796.153674898669124, 6745510.907355261035264 ], [ 601933.031400829786435, 6746381.460872743278742 ], [ 603182.674409855622798, 6754323.917435662820935 ], [ 603236.300583921722136, 6754664.537670618854463 ], [ 603273.493436774122529, 6754900.766970535740256 ], [ 603649.207982753869146, 6757286.628487969748676 ], [ 603919.190788729814813, 6759000.536151494830847 ], [ 604074.961654585204087, 6759989.198785085231066 ], [ 604886.813752366579138, 6765139.536782906390727 ], [ 605084.512209183769301, 6766393.112986411899328 ], [ 605517.961085233953781, 6769140.712250447832048 ], [ 607416.591688570682891, 6781162.54928082972765 ], [ 609125.192008861107752, 6791962.587520120665431 ], [ 609368.78470907965675, 6793500.912440177053213 ], [ 609484.868244339129888, 6794233.873243812471628 ], [ 609793.595855184481479, 6796182.814667394384742 ], [ 610090.209303899668157, 6798054.748428625054657 ], [ 610343.081495609600097, 6799650.218811128288507 ], [ 610606.948734980775043, 6801314.658029784448445 ], [ 610739.29556201887317, 6802149.328797203488648 ], [ 610788.303957636118867, 6802458.383372940123081 ], [ 610878.940080868196674, 6803029.911932616494596 ], [ 610904.644293140037917, 6803191.987529313191772 ], [ 610980.178591754403897, 6803668.23953584395349 ], [ 611082.746817812439986, 6804314.889176692813635 ], [ 611154.803620993392542, 6804769.139666248112917 ], [ 611188.108218434266746, 6804979.083770856261253 ], [ 611225.701908951974474, 6805216.057543497532606 ], [ 611313.612078492064029, 6805770.170681761577725 ], [ 611313.640838408377022, 6805770.351692512631416 ], [ 611393.792120689875446, 6806275.519604720175266 ], [ 611554.533190081943758, 6807288.505833296105266 ], [ 611643.251872567925602, 6807847.543602216057479 ], [ 611729.029044693335891, 6808388.002582595683634 ], [ 611900.54903876571916, 6809468.574251198209822 ], [ 612021.18919638695661, 6810228.501105377450585 ], [ 612126.828525782213546, 6810893.865669147111475 ], [ 612300.677793285925873, 6811988.705078632570803 ], [ 612390.582129548420198, 6812554.820469994097948 ], [ 612483.669313935679384, 6813140.927844300866127 ], [ 612557.128536892938428, 6813603.415567012503743 ], [ 612903.02199212112464, 6815780.683479329571128 ], [ 613058.227225659298711, 6816757.414569302462041 ], [ 613095.311168238520622, 6816990.769186830148101 ], [ 613136.860932191135362, 6817252.215390101075172 ], [ 613540.447842661989853, 6819791.210637333802879 ], [ 614103.374880031566136, 6823331.047045674175024 ], [ 614186.195175507804379, 6823851.688109298236668 ], [ 614307.571519145509228, 6824614.636615956202149 ], [ 614955.902020963141695, 6828688.475687379017472 ], [ 614995.102212372003123, 6828934.715436048805714 ], [ 615166.002803647541441, 6830008.141545632854104 ], [ 615378.935779053601436, 6831345.337888706475496 ], [ 615585.897392136277631, 6832644.785231925547123 ], [ 615779.927342328010127, 6833862.814908904954791 ], [ 615821.667398400139064, 6834124.811325286515057 ], [ 616050.195069367764518, 6835559.070587134920061 ], [ 616142.760582808870822, 6836139.934324093163013 ], [ 616224.426547090755776, 6836652.361358789727092 ], [ 616302.01279389555566, 6837139.15383430570364 ], [ 616461.296778593095951, 6838138.427965667098761 ], [ 616634.863549981964752, 6839227.140222130343318 ], [ 616776.176058828132227, 6840113.408074405044317 ], [ 616869.771595160942525, 6840700.34767229296267 ], [ 616973.377924342639744, 6841350.006799125112593 ], [ 617057.942830088548362, 6841880.22223786264658 ], [ 617273.620641221525148, 6843232.320623775944114 ], [ 617338.529739701072685, 6843639.188131175935268 ], [ 617426.765470999875106, 6844192.235334352590144 ], [ 617511.925990624818951, 6844725.965417959727347 ], [ 617554.231689785374328, 6844991.094547973945737 ], [ 617892.341913030715659, 6847109.660339487716556 ], [ 618131.537668619770557, 6848608.046274691820145 ], [ 618243.713271152577363, 6849310.632989034056664 ], [ 618399.130905057303607, 6850283.938302712514997 ], [ 618469.009857152355835, 6850721.512001145631075 ], [ 618506.200764152687043, 6850954.38601029291749 ], [ 618592.044814127497375, 6851491.875330800190568 ], [ 619602.349336608196609, 6857814.5088243894279 ], [ 619775.776513145421632, 6858899.265205902978778 ], [ 619861.564211822114885, 6859435.789823554456234 ], [ 619933.379286424256861, 6859884.896697692573071 ], [ 620063.156207940774038, 6860696.403739172033966 ], [ 620123.931516567943618, 6861076.405011620372534 ], [ 620198.280485598254018, 6861541.247748395428061 ], [ 620204.702249248395674, 6861581.396554534323514 ], [ 620260.740176358958706, 6861931.733270165510476 ], [ 620371.967048742459156, 6862627.047143893316388 ], [ 620771.648246316704899, 6865125.010345239192247 ], [ 621222.051399602205493, 6867938.913929898291826 ], [ 621498.891006275312975, 6869667.916045633144677 ], [ 621600.407186297816224, 6870301.829253443516791 ], [ 621630.377317754901014, 6870488.965359373018146 ], [ 621696.787388399709016, 6870903.618030617013574 ], [ 621768.332411372452043, 6871350.305044027045369 ], [ 621812.040109473280609, 6871623.177485968917608 ], [ 621874.622992467018776, 6872013.871437546797097 ], [ 621962.729840939631686, 6872563.870243912562728 ], [ 622104.276260579819791, 6873447.371119700372219 ], [ 622204.889725620276295, 6874075.309965168125927 ], [ 622333.116367046372034, 6874875.50463464204222 ], [ 622652.96815822343342, 6876871.135429183021188 ], [ 622767.498470294172876, 6877585.580221269279718 ], [ 622908.812517806072719, 6878467.00366235524416 ], [ 622915.000092687201686, 6878505.595192449167371 ], [ 623002.83570780896116, 6879053.397167321294546 ], [ 623072.75315203028731, 6879489.41909421607852 ], [ 623471.745121217449196, 6881977.114191005937755 ], [ 623632.181541625643149, 6882977.180939205922186 ], [ 623792.498653632937931, 6883976.3634386761114 ], [ 624186.714377302676439, 6886432.730095334351063 ], [ 624586.09093794960063, 6888920.388785344548523 ], [ 624881.834870168473572, 6890761.973908497951925 ], [ 624889.736666612210684, 6890811.172454833984375 ], [ 626418.268844604957849, 6900321.654251561500132 ], [ 626708.916184040601365, 6902128.623311722651124 ], [ 626719.22148657834623, 6902192.68563037738204 ], [ 648224.033371079945937, 6901946.084765879437327 ], [ 657490.604858798440546, 6901827.935910211876035 ], [ 679660.900282764923759, 6901516.206450009718537 ], [ 705521.702738758875057, 6901100.791092248633504 ], [ 723914.731968914042227, 6900771.386656248010695 ], [ 731643.671801551710814, 6900624.545759797096252 ], [ 733062.424166127806529, 6900597.049720952287316 ], [ 773719.507081003626809, 6899737.717678194865584 ], [ 813627.08877734397538, 6898760.029636427760124 ], [ 813632.410332467523403, 6898759.89044670201838 ], [ 853920.480720479041338, 6897637.932791515253484 ], [ 853959.002865602611564, 6897636.795142913237214 ], [ 870867.632775842677802, 6897125.454117573797703 ], [ 870870.002199238631874, 6897125.380810618400574 ], [ 870874.492083905031905, 6897125.241897992789745 ], [ 898703.270024590543471, 6896231.601168366149068 ], [ 903911.561961241764948, 6896057.157073430716991 ], [ 904024.485164819983765, 6896053.349706530570984 ], [ 904901.301481224829331, 6896023.750591531395912 ], [ 904888.635496533010155, 6895947.358955763280392 ], [ 904821.725905261118896, 6895543.805635316297412 ], [ 904600.148035426740535, 6894207.311735771596432 ], [ 904373.129298705724068, 6893701.293970494531095 ], [ 904079.321535757742822, 6893163.917045977897942 ], [ 903805.078616401180625, 6892081.442400634288788 ], [ 903871.682437174022198, 6891436.160615854896605 ], [ 903892.057678574463353, 6890924.047168783843517 ], [ 904065.348988219397143, 6890589.700430902652442 ], [ 904275.28930712165311, 6890402.98119680583477 ], [ 904417.951303325826302, 6890233.435829224064946 ], [ 904550.422674896428362, 6889991.111279075965285 ], [ 904667.15412017935887, 6889796.001241680234671 ], [ 904727.935443504247814, 6889694.405196325853467 ], [ 904879.786831930046901, 6889332.496141266077757 ], [ 904922.23200680851005, 6888855.367534666322172 ], [ 904953.585325264139101, 6888538.473459952510893 ], [ 904674.293939282651991, 6888361.528653178364038 ], [ 904455.968969565466978, 6888144.289146466180682 ], [ 904142.211817444302142, 6887877.421075956895947 ], [ 903755.107652659993619, 6887520.531553698703647 ], [ 903367.580814831424505, 6887150.433851456269622 ], [ 903065.199820368783548, 6886856.26650051958859 ], [ 903052.537800984922796, 6886843.94791294913739 ], [ 902445.464291761163622, 6886216.969160121865571 ], [ 901887.047048482811078, 6885641.183686397969723 ], [ 901771.603437198675238, 6885522.030543902888894 ], [ 901304.387381759705022, 6885039.768799094483256 ], [ 900806.365445710951462, 6884514.769451528787613 ], [ 900271.507314815768041, 6883938.139713586308062 ], [ 899911.078590607387014, 6883504.622605344280601 ], [ 899709.146796301822178, 6883261.726134020835161 ], [ 899548.409734361805022, 6882989.244188211858273 ], [ 899510.424559514503926, 6882924.849822697229683 ], [ 899234.677002088981681, 6882557.690787666477263 ], [ 899142.596985613694414, 6882435.0800841152668 ], [ 898720.932800138951279, 6881735.699679221957922 ], [ 898379.214805868687108, 6881324.318545250222087 ], [ 898313.041461587883532, 6881295.325198793783784 ], [ 897594.712545513524674, 6880980.563906878232956 ], [ 896579.800551498658024, 6880750.135514762252569 ], [ 896133.489879333646968, 6880712.132702011615038 ], [ 895497.731741989962757, 6880702.098019260913134 ], [ 894489.368443211656995, 6880731.103681035339832 ], [ 892995.132154813036323, 6880883.278285961598158 ], [ 892649.863892707275227, 6880933.72797579318285 ], [ 892227.346496924757957, 6880995.450695209205151 ], [ 890884.712123593082651, 6881287.871125379577279 ], [ 890214.66043523629196, 6881500.844657143577933 ], [ 890054.382866195985116, 6881568.479249034076929 ], [ 889783.45643853454385, 6881682.798868108540773 ], [ 889733.544735015835613, 6881708.723011190071702 ], [ 889403.426259210100397, 6881880.178427981212735 ], [ 889148.630402355222031, 6881967.766792227514088 ], [ 888814.519452764652669, 6882137.20340695604682 ], [ 888536.74668615590781, 6882238.737773396074772 ], [ 888025.839796262560412, 6882374.27747820224613 ], [ 887758.898266740958206, 6882449.017601592466235 ], [ 887393.640696881804615, 6882381.626507280394435 ], [ 887355.13826097198762, 6882378.066390357911587 ], [ 886865.026846158085391, 6882332.737852624617517 ], [ 886137.020077320514247, 6881696.039651965722442 ], [ 885859.14056446752511, 6881452.98495089635253 ], [ 885548.027512149186805, 6880864.115224903449416 ], [ 885294.800813938025385, 6880384.771058375015855 ], [ 885135.77255207230337, 6880083.720511530525982 ], [ 885053.177257932256907, 6879927.356715450063348 ], [ 884897.812572922906838, 6879483.243345437571406 ], [ 884228.526138571090996, 6877569.771603595465422 ], [ 884041.141561942873523, 6876479.35087597835809 ], [ 884161.994973915163428, 6875767.656807033345103 ], [ 884229.300749217858538, 6875371.242429185658693 ], [ 884286.985393845941871, 6875031.46148944273591 ], [ 884269.49424970895052, 6874490.393686852417886 ], [ 884119.002261573914438, 6874246.035346580669284 ], [ 884014.282876577344723, 6874075.993380053900182 ], [ 883886.602819866035134, 6873868.661362471058965 ], [ 883135.481440400355496, 6873167.628970180638134 ], [ 883125.647481639171019, 6873158.450004918500781 ], [ 882668.679715314880013, 6872776.867797902785242 ], [ 882356.258252119878307, 6872522.722660471685231 ], [ 882057.887363067595288, 6871977.493094891309738 ], [ 881869.628617886337452, 6871217.354056559503078 ], [ 881839.543143667979166, 6870282.218879787251353 ], [ 881838.210567159112543, 6870240.804844208061695 ], [ 881791.056537554133683, 6869502.546372901648283 ], [ 881910.045341935008764, 6868838.200815613381565 ], [ 882055.785576859023422, 6868278.672319317236543 ], [ 882076.104264352237806, 6868188.010390877723694 ], [ 882096.803997463779524, 6868095.646223487332463 ], [ 882179.179850545362569, 6867728.057095853611827 ], [ 882185.360789303900674, 6867704.020345110446215 ], [ 882427.908256997587159, 6866760.68755017220974 ], [ 882437.568352492759004, 6866272.104404052719474 ], [ 882445.677352111553773, 6865861.802523827180266 ], [ 882445.556764354463667, 6865680.695952718146145 ], [ 882445.181978459702805, 6865122.031586740165949 ], [ 882424.725959872826934, 6864488.58829097263515 ], [ 882426.603701655985788, 6864184.686035512015224 ], [ 882428.479970620945096, 6863880.783655701205134 ], [ 882384.655263205058873, 6863248.094554736278951 ], [ 882294.111803327687085, 6862616.914656233973801 ], [ 882204.424844208639115, 6862012.128246154636145 ], [ 882178.840319988550618, 6861220.323160523548722 ], [ 882132.45465269125998, 6860508.453125244006515 ], [ 882111.581752426689491, 6860200.271829562261701 ], [ 882417.189220209373161, 6859529.859789878129959 ], [ 882431.554685243754648, 6859517.326728109270334 ], [ 882537.18809212371707, 6859425.165741868317127 ], [ 883360.639863861608319, 6858706.649293830618262 ], [ 883983.160589118022472, 6858271.264479298144579 ], [ 884252.025201828218997, 6858083.201975222676992 ], [ 884457.529042103677057, 6857574.498222993686795 ], [ 884520.929033484077081, 6857085.719138499349356 ], [ 884596.98936453985516, 6856499.24483229406178 ], [ 884653.680714130634442, 6856062.053710453212261 ], [ 884563.927696198923513, 6854402.687458043918014 ], [ 884534.111438357969746, 6853851.505622316151857 ], [ 884475.464823098154739, 6853320.565216527320445 ], [ 884401.851723542204127, 6852654.117287609726191 ], [ 884368.354331172071397, 6852350.846664723008871 ], [ 884180.894448230043054, 6851820.817387863993645 ], [ 884008.067736783646978, 6851332.128425512462854 ], [ 883850.848102496936917, 6850808.809888005256653 ], [ 883545.035385952563956, 6850026.110430379398167 ], [ 883372.373920527985319, 6849027.696853440254927 ], [ 883440.767314189579338, 6848259.230054760351777 ], [ 883821.891460509505123, 6847771.207308704964817 ], [ 884110.792580789653584, 6847512.594093734398484 ], [ 884148.146231919759884, 6847479.15502916648984 ], [ 884431.619382274686359, 6847225.378765775822103 ], [ 884434.545510677620769, 6847222.759124035015702 ], [ 884621.078658080659807, 6846997.276563782244921 ], [ 884671.817631086567417, 6846935.940723510459065 ], [ 884996.167408165289089, 6846543.827748406678438 ], [ 885441.090431848540902, 6845868.685603350400925 ], [ 885580.461526324856095, 6845632.934136684983969 ], [ 885839.308152296347544, 6845195.051508504897356 ], [ 886275.447508443379775, 6844255.918926428072155 ], [ 886611.271086716558784, 6843108.673933127894998 ], [ 886739.899397956673056, 6842760.935944474302232 ], [ 886815.969793350319378, 6842482.810799011960626 ], [ 886885.751020883326419, 6842227.663680328987539 ], [ 886870.966532632475719, 6841778.951951681636274 ], [ 886717.14440111303702, 6841361.244741781614721 ], [ 886635.889408800168894, 6841020.41672108694911 ], [ 886460.503498293925077, 6840656.265424437820911 ], [ 886281.651132801081985, 6840186.533523254096508 ], [ 886240.71188916428946, 6840121.970011660829186 ], [ 885937.00609463499859, 6839642.986083502881229 ], [ 885546.429507654975168, 6839211.182998337782919 ], [ 885530.871617664000951, 6839193.98207868821919 ], [ 885379.972734346520156, 6839027.143775118514895 ], [ 885328.646817052154802, 6838954.929981485940516 ], [ 885199.670285095227882, 6838843.091717079281807 ], [ 885020.750231773592532, 6838634.009987550787628 ], [ 884847.783788341796026, 6838431.876801729202271 ], [ 884747.117112011183053, 6838366.132709790021181 ], [ 884597.387692085467279, 6838268.343452589586377 ], [ 884511.471448553027585, 6838139.046870647929609 ], [ 883879.479379886412062, 6837723.781979440711439 ], [ 883597.850558245088905, 6837341.675490121357143 ], [ 883230.092739308951423, 6836798.832773757167161 ], [ 883026.375078808050603, 6836277.043796306475997 ], [ 882918.48234730004333, 6835831.388773178681731 ], [ 882849.614234009990469, 6835485.134420239366591 ], [ 882778.848222439642996, 6834747.618681726977229 ], [ 882303.485349620459601, 6833827.269487954676151 ], [ 882296.149055491667241, 6833813.064669089391828 ], [ 882181.219325528247282, 6833591.347104215994477 ], [ 881999.13867428409867, 6833372.701715797185898 ], [ 881861.312507112859748, 6833210.39320495352149 ], [ 881780.822655473370105, 6833115.60327226947993 ], [ 881635.427251867251471, 6832948.601568857207894 ], [ 881558.212418884271756, 6832726.53119355533272 ], [ 881474.975349688204005, 6832319.702008191496134 ], [ 881428.839769095997326, 6831977.718370077200234 ], [ 881428.851628524018452, 6831977.574072131887078 ], [ 881442.807371893199161, 6831807.824586515314877 ], [ 881453.887440564460121, 6831673.046504763886333 ], [ 881489.626183208660223, 6831470.366546718403697 ], [ 881500.701732509303838, 6831407.553450770676136 ], [ 881503.08995619986672, 6831394.008602997288108 ], [ 881578.189185505267233, 6830836.691378286108375 ], [ 881588.817927027470432, 6830706.305749980732799 ], [ 881602.614466555416584, 6830537.051720039919019 ], [ 881601.734408703283407, 6830532.518460536375642 ], [ 881575.982359020039439, 6830399.86085413210094 ], [ 881490.48464337666519, 6829959.421512022614479 ], [ 881292.941189442994073, 6829622.37836473993957 ], [ 881090.243194953538477, 6829126.968435432761908 ], [ 880859.965730351163074, 6828500.345557258464396 ], [ 880823.209992688964121, 6828066.14867493044585 ], [ 880746.208070234162733, 6827156.52518202830106 ], [ 880860.103306461009197, 6826360.14427574723959 ], [ 881251.667110448237509, 6825501.845758580602705 ], [ 881670.76523283671122, 6824774.736808804795146 ], [ 882175.21826948528178, 6824520.417323161847889 ], [ 882422.012935730163008, 6824291.888005371205509 ], [ 882559.775631953263655, 6824164.314524415880442 ], [ 882857.248138715047389, 6823996.015703934244812 ], [ 883082.266076909611002, 6823750.819193949922919 ], [ 883117.76369393337518, 6823678.063379285857081 ], [ 883247.760117179946974, 6823411.618199826218188 ], [ 883247.781816277420148, 6823411.56318477075547 ], [ 883278.787331215571612, 6823348.014836251735687 ], [ 883308.294120110222138, 6823254.715871077030897 ], [ 883308.304847776889801, 6823254.687645653262734 ], [ 883342.541488061193377, 6823146.430681129917502 ], [ 883345.968348721973598, 6823135.595095856115222 ], [ 883363.23223762284033, 6823081.0068891774863 ], [ 883378.700676067033783, 6822842.689459998160601 ], [ 883322.593402117025107, 6822553.879395650699735 ], [ 883245.812536338577047, 6822345.018641722388566 ], [ 883099.010913147358224, 6822224.025199664756656 ], [ 883054.98601469793357, 6822187.739213375374675 ], [ 882171.331986801698804, 6820847.772590421140194 ], [ 881754.883746621315368, 6820227.280937420204282 ], [ 881686.850601509679109, 6820067.646843824535608 ], [ 881524.639761609723791, 6819687.017121248878539 ], [ 881199.639957224950194, 6818924.335713488049805 ], [ 881003.902861315524206, 6817926.683791546151042 ], [ 880922.116615440463647, 6817594.259193520992994 ], [ 880842.685650879517198, 6817271.395731257274747 ], [ 880471.215449238545261, 6816596.564826413057745 ], [ 880003.271089447429404, 6815819.19097282923758 ], [ 879438.020693360827863, 6814912.871635358780622 ], [ 879184.720367670292035, 6814287.004377897828817 ], [ 878856.503028683364391, 6813809.913255779072642 ], [ 878793.599966837558895, 6813718.473672661930323 ], [ 878540.513563150772825, 6813338.586360929533839 ], [ 878328.437880082521588, 6813020.236530132591724 ], [ 878010.748366738203913, 6812553.803616691380739 ], [ 877888.302425652509555, 6812374.017162755131721 ], [ 877839.470884681679308, 6812296.761142004281282 ], [ 877668.523272229358554, 6812026.297463551163673 ], [ 877397.408750893780962, 6811597.328660562634468 ], [ 876919.431812067981809, 6811216.533311357721686 ], [ 876674.603814965928905, 6810895.822593818418682 ], [ 876521.279607664328068, 6810694.966213921085 ], [ 876506.111764589790255, 6810675.095699200406671 ], [ 876052.310254619340412, 6810319.91046873293817 ], [ 875382.433013780857436, 6809760.335022806189954 ], [ 875131.133877835003659, 6809187.198386995121837 ], [ 874884.889879435067996, 6808740.642917370423675 ], [ 874859.165528361685574, 6808693.990791141986847 ], [ 874848.072980344528332, 6808350.874749293550849 ], [ 874676.160375601844862, 6807352.429516432806849 ], [ 874698.426366425468586, 6806912.598628186620772 ], [ 874728.031163572682999, 6806327.659353544935584 ], [ 874747.150388015666977, 6805949.811797985807061 ], [ 874729.218115962808952, 6805395.546301184222102 ], [ 874796.561476009897888, 6804600.729003455489874 ], [ 874827.662392331054434, 6804124.13868778385222 ], [ 874919.925895162974484, 6803381.352551973424852 ], [ 874907.954391129314899, 6803011.840978353284299 ], [ 874893.270991710014641, 6802558.677489848807454 ], [ 874890.850042646634392, 6802483.967064222320914 ], [ 874864.377616988494992, 6802170.072203285992146 ], [ 874853.072891532210633, 6802036.027087037451565 ], [ 874901.392489085672423, 6801373.924779543653131 ], [ 874901.806672889739275, 6801358.128498135134578 ], [ 874911.791061457130127, 6800977.26537311822176 ], [ 874855.177421492175199, 6799948.662643845193088 ], [ 874795.017914080992341, 6799527.86938008479774 ], [ 874513.403213182231411, 6798734.064018389210105 ], [ 874493.068049547960982, 6798676.74061693623662 ], [ 874257.567689614836127, 6798012.847207974642515 ], [ 873748.579416927415878, 6796655.422225000336766 ], [ 873543.985574068967253, 6796080.776528175920248 ], [ 873053.906785584054887, 6795303.993452571332455 ], [ 872568.150026539573446, 6794659.163419817574322 ], [ 872550.100987120531499, 6794633.276479316875339 ], [ 872246.137758575147018, 6794197.297193338163197 ], [ 872153.806171655887738, 6794064.857395703904331 ], [ 872101.784181413706392, 6794011.642325837165117 ], [ 872005.868062411085702, 6793913.524890867061913 ], [ 871917.670746739953756, 6793823.301395446062088 ], [ 871552.903987997444347, 6793450.134360197931528 ], [ 871145.60627648467198, 6793085.544882128015161 ], [ 870954.612320405780338, 6792914.566044416278601 ], [ 870585.989353012060747, 6792292.330101829953492 ], [ 870265.527194656664506, 6791721.380572317168117 ], [ 869967.458804022171535, 6791123.286446558311582 ], [ 869666.286942471284419, 6790206.085866514593363 ], [ 869658.403759823180735, 6790182.076675104908645 ], [ 869496.780109553365037, 6789671.207490738481283 ], [ 869451.541422868496738, 6789528.208190081641078 ], [ 869372.924564378801733, 6789090.221689739264548 ], [ 869281.79889751248993, 6788582.524620052427053 ], [ 869257.237412026384845, 6787817.124215204268694 ], [ 869303.98021374293603, 6787102.274786375463009 ], [ 869416.928967889398336, 6786279.615221917629242 ], [ 869546.818831890355796, 6785984.816500838845968 ], [ 869832.324352981057018, 6785473.645650874823332 ], [ 869845.225733139086515, 6785446.500435492023826 ], [ 869845.707706575398333, 6785445.48638179153204 ], [ 870200.341905342414975, 6784699.2500971108675 ], [ 870202.103784362436272, 6784695.542345650494099 ], [ 870202.460515135433525, 6784691.796912718564272 ], [ 870215.371095321141183, 6784556.253777830861509 ], [ 870305.607128479401581, 6783608.733419741503894 ], [ 870340.913000076077878, 6783237.92487814091146 ], [ 870265.432179274735972, 6782918.915915919467807 ], [ 870179.609256684430875, 6782556.183181071653962 ], [ 869659.350125433295034, 6781542.535254133865237 ], [ 869547.449411314795725, 6781363.160607427358627 ], [ 868851.537050317274407, 6780247.495868654921651 ], [ 867897.656007019337267, 6779459.093971086665988 ], [ 867642.0189368147403, 6779177.261493531987071 ], [ 867175.782403351389803, 6778663.203191090375185 ], [ 866675.339923785533756, 6778256.498190069571137 ], [ 866657.375488820485771, 6778241.160433088429272 ], [ 865840.225610901252367, 6777543.425209868699312 ], [ 865217.230869578546844, 6776929.224376237019897 ], [ 864634.000971012748778, 6776509.451415302231908 ], [ 864490.115873252041638, 6776405.882938372902572 ], [ 864338.457798071671277, 6776296.715877097100019 ], [ 863834.553434159839526, 6776051.265456310473382 ], [ 862572.493813010049053, 6775246.553291952237487 ], [ 861284.444116805680096, 6774937.842648571357131 ], [ 860367.879125498817302, 6774718.070401821285486 ], [ 859961.403224275447428, 6774650.636185256764293 ], [ 859900.690338654210791, 6774640.562660288065672 ], [ 859601.262030286481604, 6774617.267719958908856 ], [ 858691.310890640248545, 6774546.426908799447119 ], [ 857550.674781386740506, 6774423.602838046848774 ], [ 856971.251935505308211, 6774441.684919468127191 ], [ 856889.037564461585134, 6774403.739281982183456 ], [ 856006.228660935303196, 6773996.231991527602077 ], [ 855560.150599773973227, 6773825.18040800653398 ], [ 855105.079549562651664, 6773363.809740111231804 ], [ 854826.542274649254978, 6772964.81730180978775 ], [ 854401.142786523792893, 6772355.391709614545107 ], [ 854127.455944504588842, 6771756.291056992486119 ], [ 853949.739504111930728, 6771259.881972931325436 ], [ 853889.299226058996283, 6770663.878731942735612 ], [ 853882.977498211548664, 6770601.539496254175901 ], [ 853820.058441900881007, 6770285.683164611458778 ], [ 853773.150362626649439, 6770050.195544801652431 ], [ 853653.230690700584091, 6769921.825226690620184 ], [ 853457.283143273671158, 6769584.475390577688813 ], [ 853388.466485631652176, 6769523.551926705986261 ], [ 853064.541304539423436, 6769236.76731688901782 ], [ 851944.418220697902143, 6767715.368861153721809 ], [ 851754.435383192496374, 6767461.835495239123702 ], [ 851448.18146036984399, 6767053.110316274687648 ], [ 851053.130812779185362, 6766525.827557227574289 ], [ 850427.822452647960745, 6765527.846437353640795 ], [ 850154.797181064845063, 6764536.754697990603745 ], [ 850133.831126614357345, 6764077.719215717166662 ], [ 850036.497885007644072, 6763343.846987159922719 ], [ 850032.014050849480554, 6763310.038877537474036 ], [ 849825.706548556452617, 6762617.85547795612365 ], [ 849594.076001092791557, 6762424.504837302491069 ], [ 849251.116316727362573, 6762138.204335870221257 ], [ 848842.240572484675795, 6762144.470675085671246 ], [ 847423.560143499285914, 6762166.099378823302686 ], [ 846761.308652416570112, 6762199.494297191500664 ], [ 845892.115932824788615, 6762002.06267405487597 ], [ 844817.60073165805079, 6761660.214432839304209 ], [ 844768.617517015780322, 6761644.627998534590006 ], [ 844033.167272470891476, 6761397.706765904091299 ], [ 842933.982955362880602, 6761083.611226746812463 ], [ 842398.257602583500557, 6760930.482112335972488 ], [ 841179.928961640805937, 6760524.996859169565141 ], [ 840979.119070025393739, 6760414.298630241304636 ], [ 840147.437443825765513, 6759955.76843417994678 ], [ 839859.809496177127585, 6759678.044908571988344 ], [ 839338.371179051231593, 6759174.512852791696787 ], [ 839100.359972967766225, 6758462.163462406024337 ], [ 839089.053291189717129, 6758309.980087919160724 ], [ 838932.03257853188552, 6756196.557014124467969 ], [ 838918.55110383417923, 6755420.910571252927184 ], [ 838904.54115115175955, 6754698.649751036427915 ], [ 838889.42582667095121, 6753919.7091158432886 ], [ 838865.882979019545019, 6752758.362583078444004 ], [ 838806.013663653400727, 6751858.772453723475337 ], [ 838799.004216734785587, 6751825.594694577157497 ], [ 838664.232089457800612, 6751187.654890437610447 ], [ 838397.251065635005943, 6749923.769988739863038 ], [ 838318.779956887243316, 6749552.253998107276857 ], [ 837955.42978156299796, 6748957.345358517020941 ], [ 837146.172738812514581, 6748207.359508699737489 ], [ 837047.92119094193913, 6748116.294050184078515 ], [ 836713.580065010813996, 6747806.390372117049992 ], [ 835412.281496933661401, 6746971.200780490413308 ], [ 834353.783189662033692, 6746356.387922145426273 ], [ 833854.60306731518358, 6746066.391426760703325 ], [ 833640.100473954342306, 6745981.130563931539655 ], [ 832769.517925234977156, 6745635.036690136417747 ], [ 831992.29857599909883, 6745397.116247607395053 ], [ 831510.280800383072346, 6745192.298684244975448 ], [ 831194.298455157084391, 6745058.017673492431641 ], [ 830615.974295141641051, 6744812.220823553390801 ], [ 830043.714805954834446, 6744295.703540746122599 ], [ 829578.82612634007819, 6743481.738897089846432 ], [ 829415.417157837306149, 6742168.535569317638874 ], [ 829440.060145186493173, 6741928.2413868047297 ], [ 829482.365035499678925, 6741799.599383140914142 ], [ 829861.026905332109891, 6740647.985465995036066 ], [ 829895.511392653919756, 6740543.093652429059148 ], [ 830449.225364631507546, 6739679.184927645139396 ], [ 831117.302113131387159, 6738636.609772898256779 ], [ 831349.397295607253909, 6737864.758063931018114 ], [ 831521.623063100501895, 6737291.918048083782196 ], [ 831539.586324541829526, 6736974.188850175589323 ], [ 831558.109726060647517, 6736646.508962878026068 ], [ 831561.560450398596004, 6736637.377872423268855 ], [ 831729.684205630794168, 6736192.474204138852656 ], [ 831715.722121524624527, 6735717.478819541633129 ], [ 831623.173751473776065, 6734927.856068978086114 ], [ 831589.363310055807233, 6734618.238573139533401 ], [ 831559.925928502110764, 6734348.663421159610152 ], [ 831554.822921297512949, 6734332.905585043132305 ], [ 831548.483278026338667, 6734313.329152808524668 ], [ 831446.585838378872722, 6733998.668793372809887 ], [ 831382.010709654074162, 6733799.252442762255669 ], [ 831236.327745270682499, 6732773.487678066827357 ], [ 831193.078879019245505, 6732088.061194976791739 ], [ 831172.604684164049104, 6731784.741841172799468 ], [ 831152.155835292534903, 6731481.800298169255257 ], [ 830994.266649161349051, 6730826.153991888277233 ], [ 830954.989154051523656, 6730724.934797131456435 ], [ 830809.546301966998726, 6730350.110963013023138 ], [ 830619.359516788972542, 6729859.943794977851212 ], [ 830507.669379301602021, 6729202.93849718850106 ], [ 830379.717013412271626, 6727991.771162191405892 ], [ 830554.84237643214874, 6726877.34595952834934 ], [ 830506.477374965790659, 6726788.392726846039295 ], [ 830501.114345674403012, 6726778.528884252533317 ], [ 830482.678299344610423, 6726744.62089828401804 ], [ 830286.296629262389615, 6726383.41762269474566 ], [ 830198.477294659940526, 6725752.122010806575418 ], [ 830294.454902451485395, 6725089.015603238716722 ], [ 830397.397839540266432, 6724663.405540967360139 ], [ 830378.777324398746714, 6724030.075368093326688 ], [ 830107.186947785667144, 6723430.593036977574229 ], [ 829936.413197148242034, 6723118.672276370227337 ], [ 829388.735069268615916, 6722524.718268129974604 ], [ 829384.969549459405243, 6722509.032920291647315 ], [ 829143.748054805211723, 6721504.143347527831793 ], [ 829143.705399251775816, 6721503.965670825913548 ], [ 829124.929967968259007, 6721425.745052976533771 ], [ 829102.489768565865234, 6720660.473883539438248 ], [ 829079.27074692514725, 6719868.813521537929773 ], [ 828826.854861280648038, 6718344.356097659096122 ], [ 828782.128418655134737, 6717606.148776581510901 ], [ 828560.548934366786852, 6716344.89964831713587 ], [ 828405.580724602914415, 6715504.098727328702807 ], [ 828313.627584221540019, 6715005.158279329538345 ], [ 828005.333135304041207, 6713931.327754188328981 ], [ 827750.902466471772641, 6713120.029621921479702 ], [ 827741.774858163902536, 6712103.308401321992278 ], [ 827740.708679292700253, 6711984.640627758577466 ], [ 827664.469379580812529, 6710956.830778948962688 ], [ 827701.112482867203653, 6710682.897912132553756 ], [ 827777.960346162435599, 6710108.338660936802626 ], [ 827810.698778448509984, 6708866.038544233888388 ], [ 827946.394597504753619, 6707990.474655350670218 ], [ 827885.392274000449106, 6706698.096585937775671 ], [ 827577.249269321328029, 6705624.267166366800666 ], [ 827474.854288996197283, 6704491.57359070237726 ], [ 827437.108350327704102, 6703990.860738001763821 ], [ 827349.43748579849489, 6703359.555242452770472 ], [ 827287.894234531093389, 6702833.129114357754588 ], [ 827130.387122930958867, 6702177.461369814351201 ], [ 827088.776373247499578, 6701544.803480492904782 ], [ 827057.234754358651116, 6701255.201207306236029 ], [ 826413.241325160721317, 6700508.151921163313091 ], [ 825863.718986788298935, 6699837.545205723494291 ], [ 825264.372088310541585, 6699036.317997340112925 ], [ 824779.409008076763712, 6698205.319562199525535 ], [ 824124.966466733487323, 6697088.724616887047887 ], [ 823629.431220932165161, 6696680.576107354834676 ], [ 823196.061447893152945, 6696032.906237446703017 ], [ 823166.335642811143771, 6695961.685239386744797 ], [ 822923.796407358837314, 6695380.546794028021395 ], [ 822870.422416870249435, 6695112.026359640993178 ], [ 822808.835257327416912, 6694802.175753716379404 ], [ 822799.170999633846804, 6694753.552933251485229 ], [ 822761.995451280614361, 6694566.51252213306725 ], [ 822765.842460558982566, 6693906.131986495107412 ], [ 822931.477251075208187, 6693267.459912260062993 ], [ 823123.928765549557284, 6692760.057169737294316 ], [ 823482.753020705189556, 6692432.681028638966382 ], [ 823932.79317786055617, 6692076.219350864179432 ], [ 824046.813193961861543, 6691975.733013514429331 ], [ 824054.287642771843821, 6691969.145694529637694 ], [ 824142.196979233645834, 6691891.668456324376166 ], [ 824810.560212930315174, 6691390.294997099786997 ], [ 825593.902373462216929, 6690627.823043842799962 ], [ 826515.121132452506572, 6689861.226261956617236 ], [ 826932.63402760529425, 6689188.629865104332566 ], [ 827188.349703744053841, 6688494.373040916398168 ], [ 827601.083193051395938, 6687663.405738469213247 ], [ 827885.165343396132812, 6687153.171126568689942 ], [ 828182.051171359838918, 6686299.182615813799202 ], [ 828344.8608162823366, 6685581.217459537088871 ], [ 828522.802791788242757, 6684598.669814184308052 ], [ 828706.184869132004678, 6683800.842808833345771 ], [ 828935.499797473428771, 6683001.643574493005872 ], [ 828987.193172963103279, 6682419.020997380837798 ], [ 829015.110516016953625, 6681810.690840899944305 ], [ 829043.804892045911402, 6681228.749708225019276 ], [ 828911.639693239354528, 6680651.59270927682519 ], [ 828900.651498871622607, 6680282.136280637234449 ], [ 828932.619319251505658, 6679787.950229739770293 ], [ 829167.980218969751149, 6678946.704980429261923 ], [ 829755.49021851294674, 6677926.509809279814363 ], [ 829997.150518519571051, 6677506.801201989874244 ], [ 830686.322115641902201, 6676842.800111055374146 ], [ 830836.488223630934954, 6676698.101045864634216 ], [ 830907.155742866103537, 6676630.004138873890042 ], [ 830911.870175257325172, 6676621.288534369319677 ], [ 830925.411097667296417, 6676596.255177046172321 ], [ 830965.996385416714475, 6676521.223682541400194 ], [ 831124.99406346748583, 6676227.266090413555503 ], [ 831163.018866239232011, 6675961.986439565196633 ], [ 831218.551672000903636, 6675841.391395160928369 ], [ 831249.354351437301375, 6675774.498856415972114 ], [ 831242.2277886364609, 6675536.986918473616242 ], [ 831241.435916803427972, 6675510.596601508557796 ], [ 831236.684585804119706, 6675352.255352292209864 ], [ 831184.413494790671393, 6675142.511941802687943 ], [ 831002.267732825130224, 6674434.799375781789422 ], [ 830902.118964379420504, 6674148.468823463656008 ], [ 830801.130471056094393, 6673859.724847706966102 ], [ 830678.905875622527674, 6673494.024828670546412 ], [ 830573.882498990627937, 6673179.775563526898623 ], [ 830251.646716854535043, 6672397.014138225466013 ], [ 829826.553046699147671, 6671247.533260537311435 ], [ 829318.380524736596271, 6670391.078316206112504 ], [ 829116.927577536087483, 6670021.84933399874717 ], [ 828807.9162179492414, 6669455.435882344841957 ], [ 828644.017423492623493, 6669115.241928363218904 ], [ 828606.807266950723715, 6669038.004438303411007 ], [ 828293.595041721826419, 6668387.82650812715292 ], [ 828015.160951674217358, 6667524.482901182025671 ], [ 827811.159039574675262, 6667190.021111499518156 ], [ 827556.307789533631876, 6666772.161805149167776 ], [ 827001.797501091961749, 6665890.605793829075992 ], [ 826516.205894046463072, 6665006.98515005223453 ], [ 826091.687151844147593, 6663857.40933365188539 ], [ 825849.202541971113533, 6662649.602390768006444 ], [ 825809.462673261528835, 6662140.527122859843075 ], [ 825775.146614652359858, 6661700.929721557535231 ], [ 825552.270218851277605, 6661152.865184273570776 ], [ 825098.757106679142453, 6659792.829447615891695 ], [ 825079.882311726454645, 6659757.489175476133823 ], [ 824807.140147866681218, 6659246.792802924290299 ], [ 824756.135818444075994, 6659036.463543806225061 ], [ 824629.258953548269346, 6658513.228641273453832 ], [ 824571.853573482483625, 6658276.479499822482467 ], [ 824443.146436972776428, 6657804.85600268561393 ], [ 824427.532800611224957, 6657277.060907053761184 ], [ 824415.821102881804109, 6656881.21436539106071 ], [ 824421.460099232848734, 6656845.005200257524848 ], [ 824473.672020958154462, 6656509.721988879144192 ], [ 824435.557862295769155, 6656227.954247491434216 ], [ 824577.632531751645729, 6655370.887255573645234 ], [ 824781.069974426645786, 6654493.228702414780855 ], [ 824802.65705765853636, 6653673.782378663308918 ], [ 824816.006359361577779, 6653288.09810393024236 ], [ 824827.363734294194728, 6652959.894568497315049 ], [ 824674.189171658130363, 6652436.175153483636677 ], [ 824378.042585476534441, 6651731.801506374031305 ], [ 823957.970657852943987, 6650714.137473171576858 ], [ 823710.854354337556288, 6650113.954119628295302 ], [ 823443.970297678024508, 6649620.004356002435088 ], [ 823016.615429445868358, 6649272.356026403605938 ], [ 822963.529928494477645, 6649229.169044191949069 ], [ 822908.699884811183438, 6649184.562135320156813 ], [ 822880.032233300735243, 6649161.23944709636271 ], [ 822549.143942538066767, 6648827.640648817643523 ], [ 821990.725868080044165, 6648553.563712628558278 ], [ 821502.620033334009349, 6648330.218420047312975 ], [ 821058.804297811933793, 6648052.728084461763501 ], [ 820457.747107736999169, 6647885.482993684709072 ], [ 820040.751548869186081, 6647739.230150528252125 ], [ 819463.4123260602355, 6647597.651666071265936 ], [ 819186.974285626900382, 6647552.906208263710141 ], [ 818771.55300602549687, 6647459.385933255776763 ], [ 817918.597582496004179, 6647299.355784580111504 ], [ 817343.620447559282184, 6647236.836689543910325 ], [ 816811.405727376579307, 6647067.40371478907764 ], [ 816456.342417410342023, 6646681.527548035606742 ], [ 816322.707670351024717, 6646025.120901514776051 ], [ 816331.087269335170276, 6645523.066920503973961 ], [ 816366.18838651641272, 6645152.293941712006927 ], [ 816448.618461487581953, 6644832.970684021711349 ], [ 816508.906730176415294, 6644540.699486862868071 ], [ 816611.929370078141801, 6644141.542805936187506 ], [ 816740.139980147592723, 6643820.886866107583046 ], [ 816982.070148098981008, 6643470.513901241123676 ], [ 817111.026666902238503, 6643176.240783283486962 ], [ 817288.841004247311503, 6642986.190460950136185 ], [ 817486.474333856254816, 6642689.913325512781739 ], [ 817706.993009532568976, 6642392.964646948501468 ], [ 817990.031679866835475, 6641882.893242914229631 ], [ 818710.356565329479054, 6641439.272992135025561 ], [ 819462.026198953972198, 6641285.214037312194705 ], [ 820003.755904238321818, 6641005.203610338270664 ], [ 820105.905211606761441, 6640880.229942850768566 ], [ 820111.140821465989575, 6640873.824370397254825 ], [ 820150.558840838260949, 6640825.597550702281296 ], [ 820313.419901277404279, 6640626.335145486518741 ], [ 820508.597520330455154, 6640250.822561441920698 ], [ 820522.176313656615093, 6639933.472866103984416 ], [ 820373.184942027553916, 6639541.666598254814744 ], [ 820295.108701067278162, 6639409.555913474410772 ], [ 820292.368545367615297, 6639404.919325645081699 ], [ 820204.414438545471057, 6639256.090532124973834 ], [ 820002.727061263052747, 6638989.095171028748155 ], [ 819103.347220793366432, 6637619.415464678779244 ], [ 818721.703691274742596, 6637102.350718956440687 ], [ 818687.228594854939729, 6636707.177630046382546 ], [ 818686.156860166462138, 6635888.431130400858819 ], [ 818808.764631722588092, 6635383.006738413125277 ], [ 818815.435113968560472, 6635247.995369245298207 ], [ 818851.88325557904318, 6634510.137360984459519 ], [ 818808.689198827138171, 6634128.848932152613997 ], [ 818805.804290812695399, 6634103.382237044163048 ], [ 818805.775977600249462, 6634103.132093221880496 ], [ 818220.745108825853094, 6632778.828508312813938 ], [ 817322.994481079746038, 6630962.074487377889454 ], [ 817128.431675955187529, 6630568.26558892428875 ], [ 816657.834657792700455, 6629159.814798098057508 ], [ 816588.233157457318157, 6628343.074689133092761 ], [ 816610.864666890585795, 6627550.05478299036622 ], [ 816960.517271507414989, 6626985.190290225669742 ], [ 817491.490393704734743, 6626362.17823086399585 ], [ 818075.865905661135912, 6626001.690952558070421 ], [ 818591.619504947448149, 6625643.184499392285943 ], [ 818823.198973389575258, 6625498.332176032476127 ], [ 820202.849946573376656, 6623723.022164423018694 ], [ 820203.560372239211574, 6623722.107800111174583 ], [ 821231.61582840338815, 6622398.687036329880357 ], [ 821522.354390150401741, 6620926.589859100989997 ], [ 821421.761634223628789, 6619120.564950128085911 ], [ 821461.301901145954616, 6618082.761558805592358 ], [ 821494.932993521681055, 6616312.694470178335905 ], [ 821632.045359997660853, 6615542.61017226986587 ], [ 821667.553654515650123, 6614432.165904027409852 ], [ 821736.099922594148666, 6613664.116604403592646 ], [ 821735.335865689441562, 6612871.717217965982854 ], [ 821711.729886608663946, 6612079.997928984463215 ], [ 821732.208223237656057, 6611234.134691302664578 ], [ 821634.587487380253151, 6610259.722566781565547 ], [ 821482.656409921823069, 6609762.385030238889158 ], [ 821115.85242043226026, 6608954.481649994850159 ], [ 820257.216945681720972, 6607738.580400312319398 ], [ 819910.79824791464489, 6607334.579720254987478 ], [ 819594.649008551728912, 6606965.846629476174712 ], [ 818857.457472489215434, 6605983.983829000964761 ], [ 818520.794743049889803, 6605412.853210859000683 ], [ 818348.133360041305423, 6604820.940647097304463 ], [ 818500.191011047922075, 6603427.503977821208537 ], [ 819241.407650564913638, 6601562.626285433769226 ], [ 819701.467623961973004, 6600884.960205715149641 ], [ 821204.390979731222615, 6599444.377609932795167 ], [ 822176.568970405496657, 6598669.939379926770926 ], [ 822211.907237874460407, 6598580.060499021783471 ], [ 822213.238227156107314, 6598576.675320390611887 ], [ 822322.82510170689784, 6598297.940903732553124 ], [ 822481.174690714804456, 6597895.145785307511687 ], [ 822517.59503543167375, 6597548.492603654041886 ], [ 822450.357812443282455, 6597259.159261934459209 ], [ 821887.189773387508467, 6596049.676426326856017 ], [ 821879.972780872019939, 6596030.267052181065083 ], [ 821772.579131371807307, 6595741.435886571183801 ], [ 821505.521781253162771, 6595424.214598721824586 ], [ 820505.27707757614553, 6594465.597061792388558 ], [ 820360.640906564192846, 6594326.95965510327369 ], [ 819275.871469393838197, 6593471.734326504170895 ], [ 818261.586217979434878, 6592821.170026814565063 ], [ 817218.754699640441686, 6592270.993438381701708 ], [ 816451.848820737213828, 6591791.818775495514274 ], [ 815936.465557023300789, 6591331.592388758435845 ], [ 815752.81926447735168, 6590518.193435383029282 ], [ 815679.224666753550991, 6589569.480633276514709 ], [ 815564.736486525041983, 6588780.454235300421715 ], [ 815626.276630895445123, 6587774.9263064134866 ], [ 815254.425714675104246, 6585989.77944971807301 ], [ 814930.32545382285025, 6585048.45101301651448 ], [ 814652.59451822983101, 6584132.165268659591675 ], [ 814483.147631749743596, 6583732.544123688712716 ], [ 814309.695320215076208, 6583323.448136230930686 ], [ 814121.653545825276524, 6582899.428868558257818 ], [ 814090.004600423504598, 6582828.059964582324028 ], [ 813521.821168567519635, 6582105.192375849932432 ], [ 813226.911849538213573, 6581374.283842334523797 ], [ 812606.364376792684197, 6580415.20134418644011 ], [ 812280.115423876442946, 6579696.327960192225873 ], [ 812192.327261770609766, 6579502.875469818711281 ], [ 811672.264477883814834, 6578857.768746677786112 ], [ 810894.977435309207067, 6577982.43556259572506 ], [ 810285.567394696874544, 6577392.708468955010176 ], [ 809195.276882864534855, 6576711.272829175926745 ], [ 808905.697208995930851, 6576505.879656209610403 ], [ 808864.580504497047514, 6576476.715218521654606 ], [ 808730.211971658281982, 6576381.404033020138741 ], [ 807955.630841753678396, 6575585.057589583098888 ], [ 807003.716479992493987, 6574952.252868875861168 ], [ 805929.063603020273149, 6574005.966081339865923 ], [ 805301.192846484016627, 6573548.593464259058237 ], [ 804674.888649842236191, 6573143.96704482845962 ], [ 804486.109310521977022, 6572911.671532455831766 ], [ 804012.441933108028024, 6572426.770611472427845 ], [ 803868.148954204050824, 6571055.640550103969872 ], [ 803497.087912395130843, 6570124.566287679597735 ], [ 803408.62319998932071, 6569855.261820921674371 ], [ 803305.280062599573284, 6569540.649416977539659 ], [ 803161.657905056956224, 6569212.791654913686216 ], [ 802738.125575588666834, 6568689.675803523510695 ], [ 802351.938568770652637, 6568246.778987847268581 ], [ 802142.711243723751977, 6567991.385407999157906 ], [ 801825.876019606250338, 6567604.611569440923631 ], [ 801703.253088795812801, 6567330.119488520547748 ], [ 801703.234294970985502, 6567330.077289833687246 ], [ 801171.473835114156827, 6566139.574524849653244 ], [ 800899.170701251598075, 6565591.789139995351434 ], [ 800406.647897943970747, 6564684.415699478238821 ], [ 800041.603055574232712, 6563949.55684881657362 ], [ 799536.982351824641228, 6563022.175623122602701 ], [ 798796.826682593207806, 6561600.115899680182338 ], [ 798323.715582223376259, 6560715.527093034237623 ], [ 798304.251033555832691, 6560679.130527844652534 ], [ 798289.941426329198293, 6560651.104257751256227 ], [ 797946.238921989221126, 6559977.898724211379886 ], [ 797758.322878357605077, 6559734.94286897778511 ], [ 797285.083526587346569, 6559123.034550401382148 ], [ 797274.494016361422837, 6559109.341110370121896 ], [ 797263.507066942052916, 6559098.158337106928229 ], [ 797028.37176894210279, 6558858.825855270959437 ], [ 796586.838544284924865, 6558266.364151116460562 ], [ 795529.361824922845699, 6556934.110961720347404 ], [ 795479.460976228583604, 6556871.233671869151294 ], [ 794428.067120303749107, 6555844.185356128960848 ], [ 793259.681000909302384, 6554688.25447553396225 ], [ 792434.227548905648291, 6554420.630956669338048 ], [ 791712.314522267086431, 6554416.615804356522858 ], [ 791651.410504166502506, 6554416.274850442074239 ], [ 791638.809251709841192, 6554416.204215047881007 ], [ 791598.730483664665371, 6554405.065212393179536 ], [ 791105.801655448973179, 6554268.052791127935052 ], [ 790395.910608327947557, 6553878.399270301684737 ], [ 790271.415631225798279, 6553810.057266695424914 ], [ 789594.594652020488866, 6553144.467654003761709 ], [ 789388.800768835353665, 6552814.220883443951607 ], [ 789388.629892437369563, 6552813.946664342656732 ], [ 789204.478731916751713, 6552518.411879524588585 ], [ 788226.879191491520032, 6550648.468065631575882 ], [ 787703.136251055868343, 6549480.12529275380075 ], [ 787587.922956816386431, 6549223.079621018841863 ], [ 787574.826078610611148, 6549152.428780639544129 ], [ 787574.721227882662788, 6549151.863188847899437 ], [ 787485.476807423983701, 6548670.420123783871531 ], [ 787410.110403585014865, 6548042.509974803775549 ], [ 787518.691730396589264, 6546684.783643891103566 ], [ 787471.125839710468426, 6546008.697513489052653 ], [ 787426.992327983840369, 6545710.517867675051093 ], [ 787358.929576469119638, 6545250.645823549479246 ], [ 787328.336540623800829, 6545043.933936567977071 ], [ 786916.093701321049593, 6543592.026428682729602 ], [ 786692.082870051730424, 6543062.997986704111099 ], [ 785976.689973254222423, 6541375.466882702894509 ], [ 785955.27130463020876, 6541321.425822369754314 ], [ 785764.209807647159323, 6540839.339018765836954 ], [ 785759.427437446196564, 6540663.350461700931191 ], [ 785614.805349623202346, 6540267.626393554732203 ], [ 785487.522190478048287, 6540081.417419309727848 ], [ 784967.92959286167752, 6539438.040710406377912 ], [ 784427.651987733785063, 6538768.948309876024723 ], [ 783251.070012720883824, 6537865.964255329221487 ], [ 782430.067174681345932, 6537511.111048216000199 ], [ 781997.114467671141028, 6537323.945746253244579 ], [ 781301.211220041150227, 6537059.070067469961941 ], [ 779869.270861936733127, 6536513.859190048649907 ], [ 778475.801744954893366, 6535961.625761143863201 ], [ 777361.138787545030937, 6535437.07582045905292 ], [ 777344.794183476478793, 6535429.382889462634921 ], [ 776758.974433058290742, 6535205.910190355032682 ], [ 776756.905526876216754, 6535205.120908061973751 ], [ 776198.965597704052925, 6534992.24485326744616 ], [ 775532.707541970885359, 6534650.779704175889492 ], [ 775095.467199261067435, 6533912.602689143270254 ], [ 775082.348761270521209, 6533890.453599961474538 ], [ 775088.939959497889504, 6533782.330524318851531 ], [ 775108.719290711102076, 6533457.839080421254039 ], [ 775131.141753402538598, 6533089.937272395938635 ], [ 775276.693574306671508, 6532756.654437765479088 ], [ 775460.280133835040033, 6532336.242389863356948 ], [ 775861.132888241438195, 6531756.370865220203996 ], [ 776390.141144987544976, 6530990.977873748168349 ], [ 776441.867833468131721, 6530863.047482313588262 ], [ 777091.256493484834209, 6529256.647761777043343 ], [ 777091.331229173578322, 6529256.462786978110671 ], [ 777148.952085211407393, 6529113.895694210194051 ], [ 777165.0887894439511, 6529073.969107296317816 ], [ 777163.597585232229903, 6528948.821340316906571 ], [ 777155.565545028191991, 6528274.963108876720071 ], [ 776860.418922331416979, 6527226.127491604536772 ], [ 776203.44298563990742, 6525678.846188612282276 ], [ 775408.220418579527177, 6524832.83278832025826 ], [ 774123.723706804448739, 6523715.136748315766454 ], [ 773517.129204318858683, 6523014.133347635157406 ], [ 773464.652040318469517, 6522953.483009986579418 ], [ 772351.553269273834303, 6521485.689231228083372 ], [ 772060.78895010612905, 6521056.450222899205983 ], [ 772049.48497750365641, 6521039.762044508010149 ], [ 772048.490824125241488, 6521034.005018537864089 ], [ 771940.035914314910769, 6520405.938135117292404 ], [ 771903.444020001334138, 6519001.429763645865023 ], [ 771890.149889459717087, 6518491.282673915848136 ], [ 771887.834571761777624, 6518402.446136810816824 ], [ 771480.512931695673615, 6517701.87427263893187 ], [ 770933.10216761380434, 6517194.579158447682858 ], [ 770019.200241627171636, 6516829.366517314687371 ], [ 769548.458844481850974, 6516641.208743875846267 ], [ 767839.826863044407219, 6515899.583341927267611 ], [ 766183.421524801757187, 6515588.954977106302977 ], [ 765370.360680874204263, 6515462.877911793999374 ], [ 764865.408229056047276, 6515185.283514599315822 ], [ 764763.49265376618132, 6515072.317165292799473 ], [ 764609.256976938107982, 6514901.351433012634516 ], [ 764232.681793658994138, 6514330.030047246254981 ], [ 764144.762431595241651, 6513540.152822099626064 ], [ 764130.037364806514233, 6512959.647305600345135 ], [ 764115.310092219151556, 6512379.141425713896751 ], [ 763816.564161883434281, 6511304.170091254636645 ], [ 763575.780459744739346, 6510729.393429845571518 ], [ 763220.658489783643745, 6510104.700272268615663 ], [ 763027.805873944307677, 6509634.316187062300742 ], [ 762700.017181340837851, 6509193.74327683635056 ], [ 762215.371664213831536, 6508809.926201635971665 ], [ 761961.429065889795311, 6508605.101648714393377 ], [ 761682.902713250136003, 6508321.680888965725899 ], [ 761197.124089242774062, 6508084.659822050482035 ], [ 760739.15857213921845, 6507858.530982680618763 ], [ 760352.317313514882699, 6507762.616974899545312 ], [ 760312.84254380944185, 6507772.582717210054398 ], [ 759655.686181667959318, 6507938.461719999089837 ], [ 759497.887407584348693, 6507942.402773577719927 ], [ 759408.005649966420606, 6507944.646514866501093 ], [ 759384.487836128799245, 6507945.233467612415552 ], [ 758755.63411604182329, 6508119.323937445878983 ], [ 757988.540423079859465, 6508191.196901736781001 ], [ 757286.629393553477712, 6508155.79042948782444 ], [ 756425.877665260573849, 6508097.854952603578568 ], [ 756206.720263644354418, 6508045.121015843935311 ], [ 756183.854320207145065, 6508039.618693264201283 ], [ 755784.288494309061207, 6507943.460641414858401 ], [ 755629.695629028603435, 6507906.252314247190952 ], [ 754718.614263903000392, 6507638.203252663835883 ], [ 753894.753719378262758, 6507235.940395473502576 ], [ 753202.68156817171257, 6506671.998683335259557 ], [ 752971.579269798239693, 6506466.418389810249209 ], [ 752502.987028256757185, 6505791.387770721688867 ], [ 752468.203946267953143, 6505290.609890220686793 ], [ 752718.767036811215803, 6504439.672187993302941 ], [ 753137.061628120252863, 6503980.655314898118377 ], [ 753681.823604766395874, 6503148.904633404687047 ], [ 753773.465381307411008, 6502275.409066010266542 ], [ 753706.344257982331328, 6501379.394103953614831 ], [ 753553.565493922447786, 6500579.070926586166024 ], [ 753550.831023425096646, 6500564.745960247702897 ], [ 753338.747104286681861, 6500083.798377759754658 ], [ 753239.846031638560817, 6499859.503526167944074 ], [ 752845.018373781698756, 6499420.317153695970774 ], [ 751581.957166435429826, 6498579.81689715757966 ], [ 751438.194207280292176, 6498476.58560193143785 ], [ 751437.612893738667481, 6498476.168097656220198 ], [ 750663.794926082598977, 6497920.447427771985531 ], [ 749437.846497798804194, 6497313.59939834009856 ], [ 749020.578120958525687, 6497107.002087444067001 ], [ 748628.927054207888432, 6496913.065991586074233 ], [ 748446.535294704837725, 6496835.78391186054796 ], [ 748446.416377714369446, 6496835.733508570119739 ], [ 746919.864075721940026, 6496188.74289018381387 ], [ 745810.601395002915524, 6495341.576813628897071 ], [ 744070.440747805987485, 6494014.872423317283392 ], [ 742330.57340535777621, 6492681.132873896509409 ], [ 741652.284909294452518, 6491710.131545459851623 ], [ 741288.080644342233427, 6491188.669187434948981 ], [ 740437.140829328680411, 6490538.748642381280661 ], [ 740014.809645997127518, 6490216.13115750066936 ], [ 738877.684920774772763, 6490155.146053283475339 ], [ 738714.173604880692437, 6490146.366485805250704 ], [ 737786.252488701487891, 6490035.779457790777087 ], [ 737019.28806084243115, 6490053.410553488880396 ], [ 736412.041591455228627, 6490146.524713136255741 ], [ 735262.794658928643912, 6490225.56504581682384 ], [ 734179.419644007110037, 6490223.789085198193789 ], [ 733388.707166853128001, 6490188.892626735381782 ], [ 733315.929880498442799, 6490170.62165080010891 ], [ 733258.015610822942108, 6490156.081662409007549 ], [ 733002.847641726024449, 6490092.014688145369291 ], [ 732051.292281414032914, 6489928.65752848982811 ], [ 731463.632687957026064, 6489889.051590532064438 ], [ 730466.430203978903592, 6489700.178194213658571 ], [ 729649.716410643653944, 6489507.198737242259085 ], [ 729427.851950929732993, 6489453.842753373086452 ], [ 729421.138072505826131, 6489452.228048029355705 ], [ 728946.398343175183982, 6489338.040198650211096 ], [ 728286.465883080614731, 6489088.686087463982403 ], [ 727691.319776277523488, 6488705.880280865356326 ], [ 727049.37224688520655, 6488244.883838383480906 ], [ 726109.689418431255035, 6487579.209349041804671 ], [ 725307.731312960153446, 6487016.036090303212404 ], [ 724759.067778278375044, 6486684.855447079986334 ], [ 724240.011439500725828, 6486244.140973385423422 ], [ 723791.186783173005097, 6485836.608341235667467 ], [ 723679.257394427782856, 6485734.968676947057247 ], [ 723639.002887067385018, 6485635.376766998320818 ], [ 723269.637614499544725, 6484721.461057539097965 ], [ 723202.201108533889055, 6484344.827556289732456 ], [ 723138.009474906371906, 6483986.297775210812688 ], [ 723157.623488723998889, 6483555.008023137226701 ], [ 723165.440228456165642, 6483383.104655487462878 ], [ 723483.169420430785976, 6482841.912200625985861 ], [ 723628.454580924939364, 6482594.421870440244675 ], [ 723710.527768639381975, 6482393.129094323143363 ], [ 723825.041518690995872, 6482112.256361624225974 ], [ 723816.439352572662756, 6481716.501346809789538 ], [ 723783.57883819565177, 6481242.084917249158025 ], [ 723591.24965910508763, 6480691.945178003981709 ], [ 723355.587618245044723, 6480221.931902538053691 ], [ 723059.780040016165003, 6480096.36757839936763 ], [ 722934.240808513714001, 6480107.751198922283947 ], [ 722783.25778764358256, 6480121.439867222681642 ], [ 722714.505705474526621, 6480127.67242119833827 ], [ 722677.270191662013531, 6480131.047748627141118 ], [ 722268.89133387838956, 6480208.46172864921391 ], [ 722205.761358662042767, 6480220.427388725802302 ], [ 721864.902373722288758, 6480095.802599969319999 ], [ 721479.552726461552083, 6479998.520486736670136 ], [ 721181.976107783149928, 6479750.502075964584947 ], [ 721020.376749084331095, 6479612.458317741751671 ], [ 720643.136849564732984, 6479102.851491933688521 ], [ 720471.453946542809717, 6478870.907878026366234 ], [ 720136.654337808024138, 6478299.243681006133556 ], [ 720009.354177683591843, 6478081.862983740866184 ], [ 720040.61997015052475, 6476727.816075642593205 ], [ 720042.357339837006293, 6476652.542360416613519 ], [ 720190.805693590315059, 6476026.458513667806983 ], [ 720543.047259221668355, 6475454.442701546475291 ], [ 721179.383816495770589, 6474420.868427382782102 ], [ 721189.572443669312634, 6474374.109205801039934 ], [ 721342.422380573814735, 6473672.569416001439095 ], [ 721242.238126198062673, 6472510.152567920275033 ], [ 721422.429131452227011, 6470684.916989365592599 ], [ 721881.658412357326597, 6469212.487464632838964 ], [ 721971.667837155633606, 6468567.305886409245431 ], [ 721592.193052743095905, 6467227.281044891104102 ], [ 721527.641351475613192, 6466999.301950396969914 ], [ 721239.654357931925915, 6466233.647906569764018 ], [ 721226.404554112814367, 6466218.623060150071979 ], [ 720097.222404794418253, 6464937.956809975206852 ], [ 718624.871487733907998, 6463913.421843932941556 ], [ 718473.648900665342808, 6463808.170652844943106 ], [ 717051.079678874462843, 6462883.780476540327072 ], [ 716893.49548224254977, 6462790.593553399667144 ], [ 716893.492034126305953, 6462790.591518828645349 ], [ 716893.48848911956884, 6462790.589375385083258 ], [ 716102.169501928379759, 6462322.584050419740379 ], [ 715507.309167883475311, 6461860.021445292048156 ], [ 715287.646003303932957, 6461046.394422611221671 ], [ 715188.844533158000559, 6460368.539153696969151 ], [ 715187.027693878044374, 6460356.073615963570774 ], [ 715156.107074321480468, 6460143.920886123552918 ], [ 715103.54894416721072, 6459783.295010033063591 ], [ 715355.613490077434108, 6458933.332196408882737 ], [ 715880.79544500913471, 6458235.96172727458179 ], [ 716342.36530742701143, 6457724.676173165440559 ], [ 716848.854367769672535, 6457212.411691516637802 ], [ 717094.573304390884005, 6456996.177018363028765 ], [ 717099.054344036150724, 6456992.233591832220554 ], [ 717565.419012670172378, 6456580.845905487425625 ], [ 717665.362589685013518, 6456492.676667043939233 ], [ 717668.241746733430773, 6456491.00662661716342 ], [ 717864.271363759879023, 6456377.295309661887586 ], [ 717881.074499826179817, 6456367.548003062605858 ], [ 718719.589445407385938, 6455881.074165338650346 ], [ 719323.04899434465915, 6454926.546665593981743 ], [ 719383.525409191846848, 6454830.874871772713959 ], [ 719723.92107128794305, 6454191.18011228274554 ], [ 719777.14875719405245, 6454091.14196571521461 ], [ 719844.204222373082303, 6453997.17609256785363 ], [ 720611.302678465726785, 6452922.06476460210979 ], [ 720952.580483270576224, 6452169.863004859536886 ], [ 721086.35126022179611, 6451644.257599839940667 ], [ 721112.000083746039309, 6451543.47192407399416 ], [ 721136.13774996867869, 6451263.259484156966209 ], [ 721187.949378279037774, 6450661.699122110381722 ], [ 721218.060179640655406, 6450312.045280640944839 ], [ 721268.569307488156483, 6449725.435702213086188 ], [ 721228.733276575803757, 6449513.973712135106325 ], [ 721228.698459997074679, 6449513.788649586960673 ], [ 720996.398821112932637, 6448280.537833189591765 ], [ 720903.521471279789694, 6448135.026588330045342 ], [ 720903.504457245348021, 6448134.999889111146331 ], [ 720647.424902377882972, 6447733.774949165061116 ], [ 719979.461896535009146, 6446982.730933465063572 ], [ 718898.241696115233935, 6445818.207282328978181 ], [ 718692.154369918280281, 6445411.90376870892942 ], [ 718434.91857822262682, 6444942.29522592574358 ], [ 718200.16006099479273, 6444472.199074865318835 ], [ 717802.587028103182092, 6443741.62479423545301 ], [ 717628.486858919379301, 6443329.216125715523958 ], [ 717624.128061244962737, 6443318.890609851107001 ], [ 717471.292814354761504, 6442956.826595595106483 ], [ 717180.430110313696787, 6441959.983973389491439 ], [ 716882.849983804859221, 6440646.521579403430223 ], [ 716882.738547829212621, 6439590.66365035623312 ], [ 716859.610386987566017, 6438508.899584209546447 ], [ 716961.093917967984453, 6438005.19374025426805 ], [ 717119.71192070399411, 6437025.122025083750486 ], [ 717266.035778608871624, 6436520.449014581739902 ], [ 717522.25903633935377, 6435907.82660605199635 ], [ 717712.844868846237659, 6435375.796209776774049 ], [ 717723.109769316157326, 6435357.337671184912324 ], [ 717950.546856981469318, 6434948.33435508236289 ], [ 718193.714924783329479, 6434672.660995224490762 ], [ 718235.367929537547752, 6434625.437764016911387 ], [ 718275.830901331501082, 6434553.178987111896276 ], [ 718296.292084301821887, 6434516.63898210413754 ], [ 718429.870552064734511, 6434278.083211273886263 ], [ 718626.637664615176618, 6434036.263223016634583 ], [ 718818.833187832031399, 6433583.36023632157594 ], [ 718969.540675947093405, 6433233.550037316977978 ], [ 719221.195580657804385, 6432361.399977620691061 ], [ 719304.067486222018488, 6431404.87442659214139 ], [ 719188.296730990870856, 6430046.383840011432767 ], [ 718812.86496857565362, 6428652.889416268095374 ], [ 718661.049166191602126, 6427879.139546634629369 ], [ 718391.773854355327785, 6426506.516543969511986 ], [ 718212.057255707215518, 6425454.506689324043691 ], [ 718257.615813338430598, 6424450.420224848203361 ], [ 718399.643772607902065, 6423761.013212295249104 ], [ 718474.42445025104098, 6423073.05876998975873 ], [ 718524.497278901282698, 6422280.047283064574003 ], [ 718491.228551675565541, 6421779.214042544364929 ], [ 718450.462221487192437, 6421680.045136956498027 ], [ 718449.325972426217049, 6421677.281072369776666 ], [ 718372.917605962837115, 6421491.403772142715752 ], [ 718170.424683183548041, 6421292.993243684992194 ], [ 717691.251608682796359, 6421201.784268448129296 ], [ 716356.486987487180158, 6421426.881556366570294 ], [ 715860.260480252793059, 6421387.132091022096574 ], [ 715362.30571974418126, 6421160.208880744874477 ], [ 714995.976408903021365, 6420798.471404156647623 ], [ 714692.942657057428733, 6420250.595810326747596 ], [ 714427.438856917317025, 6419358.754905625246465 ], [ 714476.09552453411743, 6418486.620640886947513 ], [ 714521.363209438160993, 6417456.17452060058713 ], [ 714742.936834424966946, 6416289.98001032602042 ], [ 714936.013490900862962, 6415889.901065679267049 ], [ 715079.779696565587074, 6415279.693877957761288 ], [ 715203.394630150054581, 6414775.502868056297302 ], [ 715255.877764230943285, 6414088.050971230491996 ], [ 715247.405270019196905, 6413692.27297493070364 ], [ 714329.070538489148021, 6408506.713408850133419 ], [ 713950.662813848466612, 6406724.092024366371334 ], [ 713933.014860576717183, 6406704.155101736076176 ], [ 713871.590822955477051, 6406515.873239951208234 ], [ 713780.324262443929911, 6406274.058391632512212 ], [ 713715.619148445199244, 6406200.955062068998814 ], [ 713619.774099436122924, 6406013.405698429793119 ], [ 713458.943730976548977, 6405739.21459327172488 ], [ 713241.177758624427952, 6405486.545999947935343 ], [ 712716.889982634689659, 6404854.429958684369922 ], [ 712564.421466365340166, 6404701.929377836175263 ], [ 712306.397466464433819, 6404443.326133891940117 ], [ 712142.467600894276984, 6404291.062768059782684 ], [ 711616.288387999869883, 6403834.985158588737249 ], [ 710975.430939437355846, 6403381.298696951940656 ], [ 710794.899734246311709, 6403256.449546215124428 ], [ 710526.339535531820729, 6403038.653791587799788 ], [ 710334.490380514529534, 6402920.80600022431463 ], [ 710034.401921498589218, 6402703.660391736775637 ], [ 709961.568336584605277, 6402651.019503748044372 ], [ 709897.055523596820422, 6402584.661948341876268 ], [ 709692.617700566537678, 6402412.899052074179053 ], [ 709595.029973651049659, 6402307.747188206762075 ], [ 709537.672003897256218, 6402245.942204379476607 ], [ 709537.669213732588105, 6402245.939156567677855 ], [ 709537.666038403636776, 6402245.935673071071506 ], [ 709446.055821859976277, 6402147.220098938792944 ], [ 709278.297301830374636, 6401973.652211543172598 ], [ 709240.786045980174094, 6401934.840751640498638 ], [ 709027.811321569490246, 6401627.825265044346452 ], [ 708989.867922001285478, 6401459.343664431944489 ], [ 708948.874392728204839, 6401419.573627577163279 ], [ 708909.520416797255166, 6401183.411858228966594 ], [ 708945.724528984981589, 6400936.596224347129464 ], [ 709030.057077484671026, 6400361.60983925499022 ], [ 709328.394642232568003, 6399813.695805623196065 ], [ 709752.13391402317211, 6399229.28639024682343 ], [ 710439.175987929338589, 6398348.163412950001657 ], [ 710684.173739055171609, 6397997.680749945342541 ], [ 710812.042328831972554, 6397805.39577407296747 ], [ 710966.000093619339168, 6397490.678714712150395 ], [ 711065.192010263446718, 6397298.994484037160873 ], [ 711168.825811674934812, 6397046.27534444630146 ], [ 711288.570264680311084, 6396628.85406974516809 ], [ 711329.07213495974429, 6396487.65761963929981 ], [ 711505.491104384185746, 6395881.295317426323891 ], [ 711693.193962949328125, 6394726.225455017760396 ], [ 711749.055258930427954, 6394115.637048596516252 ], [ 711784.711298103444278, 6393634.128092410974205 ], [ 711791.578455556300469, 6393417.304957881569862 ], [ 711788.337835720740259, 6393315.841430799104273 ], [ 711757.430555047933012, 6392348.183529136702418 ], [ 711361.632056263741106, 6390827.698886537924409 ], [ 711289.407436314271763, 6390550.201012689620256 ], [ 711237.855870389845222, 6390373.87682818993926 ], [ 710949.548617029679008, 6389387.665482079610229 ], [ 710893.980903165298514, 6389197.565567016601562 ], [ 710905.006780282361433, 6388364.477411577478051 ], [ 711172.7100333761191, 6387647.800079451873899 ], [ 711246.623892180505209, 6387449.900917654857039 ], [ 711479.804449161048979, 6386961.293743286281824 ], [ 711659.704188300762326, 6386584.291209978982806 ], [ 711778.70399074011948, 6386334.892783767543733 ], [ 712448.221946696634404, 6385223.684848072007298 ], [ 713263.599029096774757, 6383720.547609849832952 ], [ 713432.425262770266272, 6382973.948744855821133 ], [ 713467.542005939641967, 6382818.634803256951272 ], [ 713646.857555577647872, 6381811.649595346301794 ], [ 713750.109989327378571, 6380383.918505208566785 ], [ 713647.995286504970863, 6378749.412170577794313 ], [ 713533.088188746478409, 6377393.756545786745846 ], [ 713466.37685053201858, 6376606.631074913777411 ], [ 713466.005378161440603, 6376602.247598027810454 ], [ 713419.996944730519317, 6374463.459918554872274 ], [ 713928.282801020774059, 6371500.136243749409914 ], [ 714623.813614445040002, 6370225.158081309869885 ], [ 715886.582521994365379, 6367909.325802532956004 ], [ 717330.780215927166864, 6366746.835831278935075 ], [ 719139.066484159440733, 6365000.438922786153853 ], [ 719127.860388201661408, 6364696.540981261990964 ], [ 719116.890079942997545, 6364399.04318558704108 ], [ 719102.362384214182384, 6364005.08464521728456 ], [ 718812.849577138316818, 6363008.294113248586655 ], [ 718759.974647341645323, 6362894.73079963773489 ], [ 718750.919937324011698, 6362875.283038690686226 ], [ 718508.703814481385052, 6362355.023146197199821 ], [ 718183.703214779379778, 6361968.523139527998865 ], [ 718173.968618045677431, 6361956.945898580364883 ], [ 718051.032864570850506, 6361810.736535146832466 ], [ 717483.808217400568537, 6361348.04568781144917 ], [ 717143.382914782268927, 6361065.139287000522017 ], [ 717067.687940703472123, 6360887.235526660457253 ], [ 717067.686165945022367, 6360887.231460576876998 ], [ 717067.684285405208357, 6360887.226842064410448 ], [ 716938.655013542622328, 6360583.957030730322003 ], [ 716931.946961133508012, 6360568.189931272529066 ], [ 716931.011460738722235, 6360559.764057161286473 ], [ 716885.218910474795848, 6360147.29173347260803 ], [ 716876.395422229077667, 6360067.813043177127838 ], [ 716869.207237672526389, 6359740.706678288057446 ], [ 716868.857237629126757, 6359724.780200608074665 ], [ 717349.07371848647017, 6357448.764547834172845 ], [ 717381.581468483549543, 6357398.324214497581124 ], [ 717381.583645300474018, 6357398.321059905923903 ], [ 717381.58590588439256, 6357398.317459671758115 ], [ 717834.805184833472595, 6356695.014948272146285 ], [ 717860.747428010450676, 6356654.754038323648274 ], [ 718553.042352342163213, 6355580.192626697011292 ], [ 719714.550978537648916, 6354389.58151344768703 ], [ 720596.491232420667075, 6353777.651580040343106 ], [ 720984.359316954389215, 6353508.480581771582365 ], [ 721531.758796380832791, 6353100.164765365421772 ], [ 721968.456341773271561, 6352720.7126952894032 ], [ 721970.056697385967709, 6352718.287093617022038 ], [ 722124.410586132435128, 6352484.334855265915394 ], [ 722463.519619308412075, 6351970.300726670771837 ], [ 722760.070929791894741, 6351303.55772328749299 ], [ 722921.906737282988615, 6350587.052458636462688 ], [ 723041.020974792074412, 6349950.715585495345294 ], [ 723130.088113780017011, 6348971.836280442774296 ], [ 723113.917837013956159, 6348259.359205475077033 ], [ 723266.662913074018434, 6347147.019662091508508 ], [ 723712.029419847996905, 6346186.423891710117459 ], [ 723812.817232737201266, 6346004.244360486976802 ], [ 724096.621574128977954, 6345491.206560330465436 ], [ 724634.370678222971037, 6344686.857982015237212 ], [ 724875.563536909176037, 6344313.742065370082855 ], [ 724875.909314976190217, 6344313.207090720534325 ], [ 725481.59438909124583, 6343376.073059412650764 ], [ 727371.52199291519355, 6341446.2065693680197 ], [ 727371.712013010750525, 6341446.014084286056459 ], [ 727415.512577847344801, 6341401.273917175829411 ], [ 727875.486855858005583, 6340766.927112289704382 ], [ 728349.507402829942293, 6340113.093478476628661 ], [ 730104.794341699453071, 6337383.276177333667874 ], [ 730795.176469423109666, 6335895.859319245442748 ], [ 731211.810289254062809, 6334997.959344727918506 ], [ 731217.082927466370165, 6334986.594908663071692 ], [ 732041.266983374254778, 6333443.188145850785077 ], [ 733837.894316722638905, 6331348.178661249577999 ], [ 736265.009290060144849, 6329785.528316778130829 ], [ 737014.057095233816653, 6329529.733307277783751 ], [ 737695.829463750123978, 6329249.109889985062182 ], [ 738264.640538680949248, 6328891.975203469395638 ], [ 738572.953605784336105, 6328545.51502684969455 ], [ 738696.998813047306612, 6328406.111757196485996 ], [ 738908.640623470419087, 6327978.441192775964737 ], [ 739228.652922947541811, 6327442.484863525256515 ], [ 739430.370676022605039, 6327206.226855052635074 ], [ 739449.462357767508365, 6327183.865223962813616 ], [ 739574.061475454363972, 6327037.921710723079741 ], [ 739789.521572133526206, 6326768.568682663142681 ], [ 740181.866334908176214, 6326468.451004687696695 ], [ 740488.018775790231302, 6326276.065702283754945 ], [ 740969.743811363703571, 6326000.115422145463526 ], [ 741843.696673214901239, 6325423.949461856856942 ], [ 742587.692252345732413, 6324982.96421823836863 ], [ 743136.525835566688329, 6324731.633807575330138 ], [ 743468.712688921717927, 6324696.938375489786267 ], [ 744023.454862645361573, 6324683.07179975323379 ], [ 744291.053771516541019, 6324729.186035039834678 ], [ 744508.319698224077001, 6324828.188026537187397 ], [ 744509.777918058796786, 6324829.06549583747983 ], [ 744577.816588221583515, 6324870.007290992885828 ], [ 745394.959326566662639, 6325361.655108794569969 ], [ 746111.745051760342903, 6325607.670815909281373 ], [ 746556.921414305455983, 6325649.243852533400059 ], [ 747315.473393719410524, 6325788.488384863361716 ], [ 747753.577951020561159, 6325846.601763226091862 ], [ 747896.05673703935463, 6325865.496789248660207 ], [ 747983.937729800585657, 6325877.150213340297341 ], [ 747999.477920553064905, 6325879.516427829861641 ], [ 748429.813485714024864, 6325945.030068296939135 ], [ 749006.836694241734222, 6325930.318908231332898 ], [ 749072.742536700912751, 6325902.228213535621762 ], [ 749624.195601338404231, 6325756.091235114261508 ], [ 750199.181162294582464, 6325662.135228605940938 ], [ 750727.738014810951427, 6325490.111910936422646 ], [ 751133.518085281131789, 6325299.742643291130662 ], [ 751137.757485140115023, 6325297.753599848598242 ], [ 751138.598097304115072, 6325297.359152264893055 ], [ 751138.601785069564357, 6325297.357392515055835 ], [ 751138.60593630943913, 6325297.355509844608605 ], [ 751144.638230890384875, 6325294.525303477421403 ], [ 751146.295709669706412, 6325293.626143 ], [ 751159.64865701936651, 6325286.381616206839681 ], [ 751171.115118612535298, 6325280.160665697418153 ], [ 751451.244865141808987, 6325128.172620632685721 ], [ 751731.562843656633049, 6324804.034372191876173 ], [ 751990.353326941840351, 6324506.851666102185845 ], [ 752118.718842484522611, 6324318.670204497873783 ], [ 752248.444849175051786, 6324183.269513318315148 ], [ 752485.696703140391037, 6323913.037037557922304 ], [ 752786.763047456741333, 6323535.506042963825166 ], [ 752911.675306664663367, 6323215.354681370779872 ], [ 753078.895956890075468, 6322814.874172826297581 ], [ 753114.357595699257217, 6322470.631673604249954 ], [ 753106.130737109459005, 6322153.933034602552652 ], [ 753007.79462456679903, 6321786.756175868213177 ], [ 752865.097386204288341, 6321420.730334324762225 ], [ 752339.834643852431327, 6320853.348668087273836 ], [ 752070.233821079251356, 6320728.284645913168788 ], [ 751727.27322502201423, 6320341.019061427563429 ], [ 751583.276738687418401, 6319922.19507833942771 ], [ 751731.011397160124034, 6318878.911893647164106 ], [ 751731.025361036416143, 6318878.813529929146171 ], [ 751770.94031219847966, 6318596.884409225545824 ], [ 752226.393724968656898, 6318188.950076637789607 ], [ 752274.031190459500067, 6318158.904806250706315 ], [ 752401.063544182223268, 6318078.782951515167952 ], [ 752587.898044455330819, 6317960.936948630958796 ], [ 752820.255081796669401, 6317814.368264525197446 ], [ 753041.486103640752845, 6317674.808235103264451 ], [ 753099.704019262106158, 6317638.080925885587931 ], [ 753182.467605272191577, 6317590.979177854023874 ], [ 754258.537485718261451, 6316978.467095652595162 ], [ 754542.920239008613862, 6316816.559258845634758 ], [ 754708.262414975790307, 6316722.418377165682614 ], [ 754948.549849995179102, 6316559.858252142556012 ], [ 755282.794133308110759, 6316333.714361546561122 ], [ 755298.100898662116379, 6316291.628177735023201 ], [ 755340.490398676367477, 6316175.075818100944161 ], [ 755402.184323208173737, 6316005.438487593084574 ], [ 755478.832517227856442, 6315794.671806359663606 ], [ 755545.030107277678326, 6315612.633253908716142 ], [ 755581.152361955260858, 6315513.295849225483835 ], [ 755609.467957723303698, 6315435.425477362237871 ], [ 755665.387365272734314, 6315334.652320137247443 ], [ 755715.264613242004998, 6315240.376033627428114 ], [ 755783.392998257651925, 6315106.365948707796633 ], [ 755869.265011216863059, 6314945.056433148682117 ], [ 755912.961705935536884, 6314862.258954687975347 ], [ 755908.967203491134569, 6314811.656308461911976 ], [ 755879.315208153915592, 6314797.647227121517062 ], [ 755849.991445612511598, 6314815.216355180367827 ], [ 755812.922423044568859, 6314837.425863595679402 ], [ 755780.659934044699185, 6314856.755429531447589 ], [ 755746.529119820450433, 6314877.204122606664896 ], [ 755707.798601813381538, 6314898.31434830930084 ], [ 755670.46190916118212, 6314918.664732061326504 ], [ 755622.30313608283177, 6314944.913272943347692 ], [ 755610.129222671734169, 6314954.970061549916863 ], [ 755558.901732324389741, 6314997.288340119645 ], [ 755514.899180294247344, 6315036.646554592996836 ], [ 755489.542072784621269, 6315059.32717543002218 ], [ 755474.134826245019212, 6315076.188025299459696 ], [ 755443.178252989426255, 6315110.065208362415433 ], [ 755415.360104944673367, 6315140.507496647536755 ], [ 755402.845433712471277, 6315149.109501985833049 ], [ 755372.213369928416796, 6315170.164255944080651 ], [ 755329.066378690651618, 6315199.820806672796607 ], [ 755284.117799956584349, 6315228.468033308163285 ], [ 755254.182229865225963, 6315247.546728300862014 ], [ 755203.516496424679644, 6315279.3833067137748 ], [ 755159.718075887765735, 6315306.739267847500741 ], [ 755119.543764585629106, 6315331.831217806786299 ], [ 755068.352460716618225, 6315363.884255217388272 ], [ 755034.000043528503738, 6315385.571418942883611 ], [ 755015.975439409259707, 6315396.950600961223245 ], [ 754987.733510061865672, 6315414.779909122735262 ], [ 754960.248110596090555, 6315428.763279475271702 ], [ 754900.607780656311661, 6315459.10523644182831 ], [ 754864.18172090058215, 6315477.636781599372625 ], [ 754824.376126526389271, 6315500.29354158975184 ], [ 754791.79852145514451, 6315520.239943102002144 ], [ 754762.896168906474486, 6315537.935778573155403 ], [ 754739.733153439359739, 6315568.141504948958755 ], [ 754711.896750581800006, 6315604.441298166289926 ], [ 754695.105889847152866, 6315626.337025146000087 ], [ 754681.801715187262744, 6315660.490414392203093 ], [ 754660.791379168163985, 6315713.507551517337561 ], [ 754640.142701772623695, 6315764.052575755864382 ], [ 754622.528448272729293, 6315803.072501063346863 ], [ 754604.913948428351432, 6315842.092497166246176 ], [ 754585.249136752448976, 6315870.60207511857152 ], [ 754565.584294262924232, 6315899.111491860821843 ], [ 754530.24742857425008, 6315922.221090545877814 ], [ 754507.087285025510937, 6315937.367266816087067 ], [ 754477.139885337441228, 6315955.984703291207552 ], [ 754439.120289606740698, 6315978.778677450492978 ], [ 754410.156846134224907, 6315996.143014745786786 ], [ 754370.148734230431728, 6316027.297086129896343 ], [ 754330.14037245628424, 6316058.451087089255452 ], [ 754289.591684727463871, 6316085.921582514420152 ], [ 754226.113368181977421, 6316126.26529292948544 ], [ 754141.393573369830847, 6316171.138799518346786 ], [ 754110.711830175947398, 6316185.673834662884474 ], [ 754081.829379690811038, 6316183.579477351158857 ], [ 754049.138625557883643, 6316142.615293268114328 ] ] ] } }
]
}
